choice,time_diff,cost_diff
0,19.672847443385024,9.570470937418062
0,14.768723434741599,-3.592375419846534
1,-6.2671516752648015,7.441957854001242
0,6.222350761075739,0.09900876159686378
0,5.027935717337106,-20.594566964732593
0,14.649870793324077,-12.736515315432575
0,9.39577249154777,14.73025193084646
0,-1.1614962506628235,11.5016546671551
0,3.222280590526627,2.5801236772193414
0,-8.906001633010998,14.16395414440747
1,13.05975343756954,-21.364418963613755
0,-12.72981161697627,25.05132932868908
0,13.1865824338737,28.726033494638504
1,-6.467806020228486,-10.858787631158943
1,-4.582276781584684,7.927954119135685
0,-2.674315197179453,1.8747092469156978
1,-17.4415745694867,-15.039304403792729
1,12.235499877463255,8.614219033698422
1,18.909396008041952,-12.27183435055566
1,-6.444912109123151,0.8318644793150609
0,19.760152362458435,-25.789651800108558
1,12.418091081764913,-21.9299423628186
0,10.009877481127877,5.146516866868611
1,-17.17349523054887,-18.48386755007835
1,17.561501809589576,-12.710316518632476
0,-13.180859676153936,12.385300040499468
0,11.188652376064772,23.295656395002297
0,-16.838806704986702,3.4428896869599845
0,3.355519456878122,-29.840429429495746
0,12.90852122064248,1.7936782728312828
0,-4.452733724888804,28.37973872665183
0,14.00115906253529,-23.24736876815778
1,-14.402223727291808,11.719486764774775
0,18.49880870613211,27.90708607230263
1,15.07468252990166,-1.987132616921039
1,14.011850910459977,-8.375214437806594
1,12.412509104935342,7.815398096798985
1,0.939078312686914,-4.191498300607854
1,-9.443489767145241,18.968138943136225
0,7.820278585319884,4.996400586446697
1,-6.384665005745576,-5.748062949009524
0,4.207763936703128,-3.849638125229926
1,0.9077251382240048,0.5203556362667916
1,17.38413897686285,16.0123161907717
0,-7.448954299770212,16.686179319062052
0,8.739851386172761,-8.169809127853211
1,-10.936411832232587,0.6137516452229685
0,-19.52046433800145,9.912432706490446
1,19.570271572721076,14.90012609719884
1,-18.26500391763649,8.20573130992408
0,-2.986515836057566,-22.494330883381647
0,0.29637422224570553,-3.0857260588343682
0,2.8578660597320127,27.199054708739595
1,-14.9566212125934,-1.3531687655718416
0,3.3117762334317424,29.33059793183659
1,-12.319525759907224,-2.6696626898003606
1,-12.574196358940565,-28.72043702485671
0,18.560251771929657,10.020229805933631
1,-19.530915448409253,-1.5948641585463652
1,5.866802164070557,-21.90191332598105
0,-14.263014197553208,14.396110189674191
1,-10.255028260502845,-0.8192747013881596
1,-14.690955002160058,25.362545506016755
1,-4.413670271897279,-14.425914471157789
1,17.676529151222915,-26.95575697260744
1,-12.069998726070494,-19.72405176067992
1,-17.685103233908603,9.292088513965659
1,12.552317586434203,-27.344782158856262
1,-16.78295366451262,-8.771637351427708
1,-8.223212597794989,8.619659126189472
1,13.456953622294314,0.5182155586341053
0,-9.876380150594922,19.752511141526966
1,-5.599858341088826,27.14992625956301
1,-8.00557852189546,-18.273940501012895
0,6.079355401869391,-28.15470194239837
0,6.34826314270434,20.456504169129325
1,2.1882555378618074,-14.638302185687559
1,-17.823641730875615,-25.476376218269245
0,-8.452156405696716,24.267159330529854
1,3.4530489756278993,-0.09640032426411427
0,-1.4283924563251071,26.407466017467243
1,0.07324405952185309,3.732143547086366
1,0.8110984181187586,-16.68182682779458
1,-1.652037633503558,-3.014870274376724
0,10.518147830316519,-3.1452430807980303
1,5.683055490277384,-21.215563322886133
1,-7.9449205528545574,4.506675356272183
1,-1.51749713361224,-9.224852175430131
1,-18.172514901355562,29.865039616660546
0,17.26955370776225,28.235437195041612
0,-15.887441507111465,-8.555529288115194
0,-12.137592777763665,5.6405403555914635
1,-14.38413785024741,-25.24189779752371
1,-17.4243656245446,-13.08430883452224
1,11.256659885720532,6.505900070529325
0,14.409720830340703,20.409765168261515
1,7.469268327095797,-28.934513827607606
0,7.284581694614771,26.925735640817486
1,4.9980550511900335,-20.942919726102602
0,7.129527793008177,23.665763137020683
0,18.105900549616322,18.32585553044896
1,12.38033535401219,-18.737710602102574
0,-1.098302435503249,4.334250100480808
1,5.815408847639865,-23.987854756319713
0,12.776664563574162,-17.863989782454126
0,-7.542962743023578,14.722220326554778
1,9.067202613378589,16.370003686814044
1,-9.81186666263207,-3.806535890388465
1,1.672253845889209,-0.31602403829609216
1,-6.4052694528171195,-6.7184083275205015
1,15.523641995689697,-23.562272373060523
0,-18.562235806887465,-0.09753327719373317
1,-9.576330848452933,14.198107302709799
1,-1.9842710653922202,-3.5215095671918872
0,1.1743512259769284,11.735873316581099
0,16.2329073121661,-1.3844488179642611
1,-11.845363659008687,-14.889500041072687
0,14.608666331399437,-24.89799326318048
1,-10.80846382451095,-18.809559856359105
1,-3.175358709896403,-29.281382129952036
1,-17.25807787696558,0.749876492503061
0,-4.697332926696487,24.956543818481343
0,19.397765345794635,-24.805061704891788
1,12.863835481388062,22.69396136377244
1,13.387090804458467,10.523944447723615
0,-5.147823284590998,-10.531437577638423
0,5.256066298614983,13.445835889918873
1,-12.506996990872686,17.098175024238856
1,-0.13144010774992942,-29.065123899333884
1,0.43344085602401883,-22.24732304833389
1,-19.812124359188825,1.0411921986009531
1,10.569662027022835,-23.44039245056401
0,17.383144467585563,-10.112369396894131
1,-11.382872443418094,21.800751930195233
0,7.123422780035984,15.099776469731253
0,-8.002183537712707,26.42763767882292
1,11.131429101644553,-9.636163190941105
1,6.190034454222446,-2.853798408897734
0,19.81567262027007,-19.62851101663242
0,-16.48071256254759,-8.633724267062332
0,12.565448914321294,-0.5626399893933387
1,14.648338087767296,-19.931470499546833
1,1.7124947640932886,-10.978853309959614
1,-13.154789366784385,-24.969976702913915
1,6.58689819655093,5.75391463792613
1,6.689346447877478,5.8516975793999055
1,16.59725888144503,-15.406983541397029
0,8.801458900030216,8.456026179304006
1,-7.940043424087135,-18.590501239508225
1,-15.355584527604393,-14.666217158094383
0,11.67850228109625,21.725103850506805
0,11.155758758095647,8.561328179704441
1,14.18841031927775,-11.625387563552042
1,-1.8820986320214628,-14.91360490964942
1,-19.755780740335,-13.617603789388745
1,15.449614684252634,-25.17524238662724
1,-2.7862378851665204,-8.500753260726896
1,19.18002867620036,-29.578438301903784
1,-18.73669779916767,-2.0367439284574984
0,8.891136817833093,-21.350127658812628
1,14.445005035056804,-27.90119320088605
0,0.9060821433108401,-12.77505900574706
0,-14.778955470544858,-26.537693770174457
0,14.922281795661242,27.543363826185136
1,4.945105258772617,24.730438031674
0,3.3659610995358102,-7.928015820564724
1,-9.279987302551165,28.934566882104836
0,18.318327368235995,-28.634038189436172
0,-0.8024606643547472,23.40298463785439
1,4.575590712980593,-25.518073781359874
1,7.0530567168436065,-14.320917533984199
1,-9.320100950585267,-7.756157356642747
1,2.1263634210825666,-23.791574420276635
0,6.895084981597179,1.4557143200010958
0,8.884022300781034,23.515193020410436
1,6.3600708711172915,-8.691451788172015
1,19.066539317853064,-9.273305842920895
1,-13.559704205480575,3.3392951696334405
1,19.070906594347413,1.2933360249057846
0,-2.3743839241260467,-19.90895176783523
1,-5.74111803300434,0.6738965212011427
1,-19.282887039594105,9.278169685579872
1,-7.7474626687565395,18.577021267715974
0,11.81141971196077,26.349235823611636
1,6.183818439431632,7.4533235383055985
1,-15.278840282070579,13.199262108665458
1,-16.81768985629606,-2.0267548851854578
0,4.118548546153615,23.297527707939093
0,4.667725464847718,-24.688089631662418
1,-1.0866511606985796,-7.552273723752978
0,-12.448164790091564,4.449141674167674
1,-9.21965353083477,-20.411327002256016
0,-8.914945986818775,7.168305670712032
0,-8.25678784684014,13.820043188358913
0,19.766945558178865,12.884469465532808
1,6.637412576529087,25.694309248569787
1,14.530292845415227,25.754579014979736
0,-10.953719463956046,27.441688074238833
0,-18.26033404239103,-21.481037929930775
1,-7.3111906801370985,-24.062228413927393
1,5.869437292035329,11.18115042255699
0,17.587743050797688,29.213878506264606
1,5.6723440653601065,-2.715516454698461
1,1.8845861331060787,-6.31841017243077
0,-12.814004308281298,8.030330846266605
0,-5.603297659105606,5.260450559335174
1,9.698125720050484,24.5065588836762
0,-7.267151984273141,20.905941685407782
1,-6.375733819453275,16.14161664035287
1,8.098625327955462,7.602945198786728
0,-6.318958253308726,19.01408741479057
1,-3.2466506409651563,6.023133761674913
1,5.132132773834814,20.697560164922272
1,-10.313639823654444,-10.246464135886216
0,-12.967214806464673,-6.156224611198155
0,13.886775172945672,28.686921500380933
1,-14.174153715391524,8.358487303440098
0,-5.086359169858006,6.715927301248062
0,-13.787505514109824,-21.883050666052966
0,-2.07260658319139,28.947793612971928
0,18.540673042391703,7.912241452110753
0,8.142163849013713,-12.360095692842968
0,7.76203341251513,15.59113880121166
0,-4.330305928423628,18.11253965100963
1,6.396095246388693,-0.5925508338552832
0,-10.045706521595799,10.29916379217632
1,-13.864702266629308,-11.431484503711978
1,10.086789790232395,-19.0556295496237
1,17.01467930581456,1.6007586507931637
0,-11.011624372750987,5.909374228720774
0,7.3699895907236845,14.113836901823547
1,-19.74656097490238,22.56839991014106
1,-17.351646546963785,21.962694436774278
0,8.147100233586793,25.56395561783937
1,7.395461467621471,-11.0798416395896
1,6.1381811106317175,11.772120784514266
0,-14.626127132866543,24.12524342762621
0,15.661709662064087,-1.1745910834740836
0,3.8716806048252206,4.0396972192390574
1,-17.38211789494482,-19.687756044857036
0,0.559312417725164,0.7841817781063276
1,-3.2249206171421996,17.627564729251578
1,1.1676991835846273,-5.391686064201615
0,-10.657441836404363,23.631786284526097
0,10.974213980303581,3.083282330039334
0,-4.737759737438987,16.59551817499389
0,7.046551284724911,-10.695989555281244
0,14.44025051912687,-18.356833589033883
0,6.056870178012925,-20.9290212169625
1,-11.913090650290377,-23.12221804715391
1,0.5582281921354015,-1.1826860795882777
1,-10.918060452082411,16.253010766874645
0,-5.171270487946491,-22.047700822898943
1,13.67742619639392,-16.904078655662765
1,9.980225935335483,25.189955619088245
0,-13.54733832698868,10.21359624229298
0,2.351814445105709,-2.014356521177112
0,17.621783511283024,2.6650127209269514
1,12.107587383752406,29.116208340221064
0,-13.55240582055222,-9.544575397138917
0,6.5182075330793365,-12.032208804027922
1,-7.86950234786306,17.982537074091983
1,14.337245957914512,-19.384272295704168
1,-8.580882484773117,-29.559529475115667
0,0.23835814802877664,-8.94907028968743
1,-15.882930911199974,-17.664160323982124
0,7.4699794217052995,-18.04055521840719
0,3.3309196291146392,9.581383638271161
1,-4.479043527788917,-18.418013535105832
0,13.019663176689278,-28.932202436839862
0,11.64547038648112,-20.92657206622603
0,6.046227398976751,21.196107295216823
1,-10.704025877938271,2.9905865261316533
1,-3.5462278464991437,7.663518649835488
1,10.65435160631485,29.894574275933092
1,-19.48250422633749,-18.77699969932185
1,9.327019997657429,3.8337893071715334
1,1.8041943804079663,14.963043147781192
0,5.440206672981209,-8.57430494442436
0,-4.462121386294204,23.33641671155896
0,6.552390100660541,-17.257894696715532
1,-16.352050199811533,24.540158391510182
0,-11.519388554236802,13.558683730736014
0,3.398206377262949,-23.755974609744644
1,-7.080067381207278,15.482139424543098
1,-17.314128923660405,-22.91360637670889
1,-17.01702614309685,28.28063546639267
1,-13.601370570035304,-16.13992150905301
1,7.596880729995368,-16.90782921584062
0,14.784922809446023,28.42877077454299
0,-3.6248322801633304,29.273594008160945
0,2.078917088188992,29.36539233666896
1,-6.8921848427363,-23.186561091077124
1,-19.277222553117518,-0.8340250456403098
1,-18.580586891651585,28.218856330596903
1,18.50701365769774,21.300813779049072
0,4.382419140683429,8.128372072945139
1,1.8214735617318523,-20.391732275380527
1,8.73953814371308,-28.57484863466348
0,14.854095765514742,-22.61252591766848
1,18.347669730375657,-15.69381474328309
1,2.7015031996400785,-20.02852376990574
1,17.148574872416454,0.6630647384179733
0,18.47976085168662,-18.693831996331728
1,13.40817065225329,-0.7878699286387914
1,6.246961829033544,-14.944848953086169
1,-17.613457157640582,-26.77939301974078
0,16.413436809153566,-14.517038720002658
1,14.556144703590101,0.7682721713881491
1,-14.720056215861144,20.03859209072937
0,-4.824263135857958,22.345473025102898
1,12.965613224739943,19.930791905964266
0,-0.02539848418499524,19.57652539321569
1,19.530210335075715,-26.928607464492252
0,-12.363860769578618,-15.226723602201526
0,14.474517593937236,-3.997960834227794
1,-18.47828064104003,-9.399351086426634
1,4.594232286342748,-28.225549259013793
1,-16.78893944709071,29.28422793068956
0,6.837356872300173,17.574486699858912
1,-16.160504288999256,-16.72839942032092
1,-2.421563227425594,13.076847552606237
1,-6.874581453825668,19.199969184343157
1,9.251040016299772,6.315618022776599
1,-8.394616181938428,6.8585501394908
0,11.674426892632091,22.822575133556057
1,-7.042033382604016,23.327278418087108
0,-11.109924826025356,-17.628329719628617
0,10.450831766568838,-12.514216561650187
1,14.120367799990845,-26.242820899873237
0,9.807743621893493,-0.4201063922135395
1,-18.29887924551428,-19.069374612133924
0,-0.44702435791178274,18.466192676791067
0,-11.305659584906484,-17.59927873250699
1,-5.003967637835229,9.167015120834455
1,-17.185011081603825,-20.896914695660964
0,-10.414634292385374,26.035827911316375
0,12.003981672613143,-25.80684315878909
0,-19.91497812652757,0.6631426533637619
1,12.985884465853585,-19.842483248856382
1,-3.575500780422658,6.281372945916197
0,-15.741246413113167,12.532919820193717
0,9.726103835460261,17.998837946572458
1,14.49549722614639,12.983498470838061
0,-6.766633507710869,-3.3656226290489344
1,14.662150951009352,29.55988919191762
0,3.8307955959824858,-9.276597988994213
0,-19.02795466984984,-1.9835879474246743
1,15.416204965366745,-22.357960227978232
1,-18.76407360233166,-22.68406759668209
1,-17.712017768192933,25.789641491823147
1,10.513657248309043,-20.833602881420795
1,-12.221106036608468,-15.73807173110919
0,-12.61207900132019,-21.344961744614988
1,-12.544209721561952,6.111080932603206
1,13.558012545496197,23.66470091315662
1,-11.445983845286577,24.702955294945006
1,-11.570210157673838,21.378755423442605
0,3.827520046595514,-15.92355940677562
0,6.152877007004358,11.920360219594105
1,-16.421072621490783,-11.127584236462734
1,-9.444303256258312,-22.25845366748431
0,-2.0337273538136813,-17.61261613081562
0,-13.398880122221982,-3.2956407777020758
0,-0.9021529265617323,19.16922170085291
1,0.1558926719110909,26.13638098057089
1,-6.955948766457318,-6.879573476464977
1,10.724893125152374,15.977247929662958
0,-5.053322310686981,24.445406662330328
0,-2.390111614239281,-27.91882806564551
0,-0.03943376114346808,-8.51824743148784
0,-10.175466914556406,23.86939299764982
0,-16.612856300294162,10.280785037612343
1,8.559351759234865,-9.532935307733139
0,-17.607994092318528,1.7240284876856071
1,-15.060399219262726,-24.665210968032625
0,-9.053253332040745,-17.45363495772295
1,0.3889766359523694,-7.330274910829893
0,19.90425470671413,16.618956237934636
0,14.471995441194752,-27.967928801632336
0,6.436846979400377,3.8693906874873885
1,-5.826048360552067,-8.389913518735872
0,12.440436773596906,7.179390236331171
1,1.486931118664847,-3.341073734494495
0,14.475377678054432,-11.696699046315464
1,-3.7263151123594795,17.324267650137237
0,7.973720815244132,26.12529331568734
1,8.450994168313475,-17.703934441862916
1,-2.3910356353535223,-29.042677529625003
0,3.359916502840079,-4.493736295197643
0,-6.200903342880282,1.2106513720441692
0,-5.976384414403171,-24.114586579508043
1,2.918646091614794,23.734520899617053
0,11.854664943396331,-3.6441472343892123
0,2.765026358192033,-18.218655275630724
0,0.022833422799637404,-3.944672384618715
1,-9.074487607543272,6.429216274162737
1,19.090160457693912,-25.47106411477455
1,-9.298397941474992,18.34124689429688
0,9.297833995295836,-14.681765168960222
1,-4.887467323662813,-6.16048689189112
1,-8.329678055201363,-10.10394444020995
0,-9.83075113522409,23.05480996348058
0,11.586945583065592,-2.429575250812197
1,16.770690612654263,19.90056152845107
1,8.247374877301983,-22.50150955650876
1,-8.393314485411612,-21.335628239899417
0,17.753963903883438,18.652059611026278
1,-14.77264756426786,20.129216617940195
1,-10.63947087265456,-2.81135264785622
0,16.516669423426194,27.50406609868606
1,6.351313135820997,2.8171839599926884
0,14.5908591618387,-5.274327928236731
0,8.77231564501896,24.59156819374336
1,-1.7287196804449012,0.8019662140634898
1,-18.4958023331988,11.887893384474594
1,4.801589064851486,-16.284787548210286
0,2.535486217329428,0.7328913781200019
0,5.639417976184782,-11.7842751044779
1,-10.930571001935995,7.942106677664301
1,-9.08885201138133,-12.274582352163918
1,-12.23405485372982,-1.7300061113245224
0,17.99669221550133,-0.043782799844720444
1,1.2322033731378035,-28.946340344320017
1,-11.418709338765499,-25.464233741092023
1,-14.319659060889949,22.107171210591794
1,2.7710566907343015,-28.14775610835579
1,0.85532824072585,-23.747441223388282
1,15.78791043093938,23.203195966127513
1,14.337199168972635,22.75512238748889
0,13.18147184861834,-20.351376480814
0,2.4754578138772843,-28.09386689899602
0,-8.91561091882625,29.152551295853396
1,2.9451608037112953,-14.761060438718003
1,2.105610912436684,-29.87921955793598
0,17.582382983191245,-16.84980115294638
1,19.1158630591448,-17.82418525335546
0,15.62952435248555,14.826997271092178
1,11.443186882581099,-4.389812134713209
1,9.369250342245659,-7.669357495792517
1,-1.000744320338658,-5.434068287885694
0,10.926073845598129,25.011345416885632
1,-14.338329689332422,-14.937488575945855
0,0.23065631578022217,6.225389491737497
1,-18.293705060017547,0.5842738218308985
0,0.9816615289318475,29.265285763863407
1,-15.228986379594676,-26.773100263126963
0,9.985963767080248,1.3034107652033011
0,13.112738715172236,1.0538840205084132
0,-19.686703126113194,8.933940934140999
0,16.529736714677725,-9.547929801855604
1,10.686342355934038,-25.72295689624941
1,-9.064409589957734,23.357497875428802
1,9.913511317272388,23.155882041068793
1,10.150304924851863,-27.518704312636793
0,13.705982765294028,-19.7304941485816
0,-19.31068477859943,-8.068998556971161
1,9.402963166089595,-5.954467871393792
1,2.372751901797261,-4.322748070595419
1,-19.454771078335163,26.276442051240696
1,11.29672315065295,8.519743071875345
0,0.17131264921947054,29.352075552945905
1,-13.744658647678921,28.235615964446804
0,-0.9926217580951224,-24.655354097456947
0,-4.13151523140777,28.980870677866125
0,11.71481483382085,27.04199640126982
1,-16.246049564995296,-2.5179921585690446
1,-8.900358921074591,-4.789638994549625
0,17.573034447901783,-6.183381631483719
1,18.258513037730914,4.83802983247164
0,3.7607738357107845,-21.938275297210183
0,6.241667768942496,-6.953625632207001
0,-6.3431431533386995,17.896179634693908
1,6.432264248307162,-3.236575099826997
0,-5.480766317353165,4.050229565878601
1,-8.824122233415439,-2.0798706591525717
1,17.262410900911238,-21.022837647901685
1,8.370750254687618,9.537135142943871
0,5.1621556471477925,7.7842271576150335
0,-5.6668045849834225,25.31042356824782
0,18.213827965130818,-0.9528460734316835
1,7.3734360862806,12.119976187990407
1,-15.633423782762428,-24.67332331382354
0,19.138126022705695,23.633211774768725
0,16.531991890647046,-21.16623875783832
1,-19.11270227023708,-3.255972897452022
0,16.941452975741846,-13.942177801989082
1,-16.54234416045462,9.425930115546144
0,13.588654824068014,23.271926858695842
1,1.9010220242407527,24.449420150527487
1,-0.28761951149264053,-0.042948485369893596
0,8.106508939644677,-1.6321824488581416
0,19.31142325274868,21.086144537380733
1,-0.5504389600468063,-5.10718359321618
1,14.772965637084186,-16.682463646119064
0,-14.078668379394742,20.376979028670867
1,2.25483284506633,13.395873778887935
1,-4.730742848628147,-18.49353843966682
1,-3.997685309661465,1.9302769474769454
1,-3.0704248115064336,5.818938744794631
1,-16.841477920263955,23.996912052034098
0,-11.599400744075927,25.54065912299746
0,8.904955213043145,-5.048300635453908
1,2.6698788606540447,5.690786143051422
0,4.84673823289091,9.631267593924663
1,-11.506061335019947,-18.35488464800057
0,-1.6694719055066631,3.4811926384309766
1,12.540061893710721,-2.90526773374582
0,2.514823507567576,-18.070151935480013
1,0.42913181103648945,-17.996087766361953
1,7.298752127972685,7.711536830501968
1,-6.594215791750413,-18.8329529160494
0,-17.84437358517772,12.630668695389396
0,16.945707273031054,13.389114918735817
1,-14.645186263433372,28.169491070982215
0,-7.221181905347396,28.663416825706545
1,-2.0995841604948318,8.932664414969672
0,12.176626420629955,13.217278877407683
0,6.151120432960746,8.740091270564903
1,15.068276120276,-29.743118533035155
1,-8.203478145300522,24.396879872866542
0,10.748678195529827,0.08404516326524503
1,-18.318792042467592,-9.274790118485296
1,0.1433690402390253,18.663402460190557
1,9.004516395413592,-25.384552602033228
1,5.093839564518792,-26.1247942391458
1,17.163211223202474,3.680022679970776
0,17.051448976089468,-27.206166172313484
1,-0.5120385589371956,-13.942810254350071
0,16.293325916283642,16.51042505774906
1,18.118932593790106,-19.602181595892702
1,-17.685887256086463,10.44350425524243
1,-15.686934892615065,16.362397754268404
0,-16.51097627635623,-1.6238307500544091
1,18.666579086303273,28.808971320243675
1,13.452435109079364,-2.0157109717859356
0,19.839943735773765,-17.70386957994484
1,3.4328560256805085,28.831728413399162
0,2.3431821381710805,27.163328293659923
0,-5.034549286764665,14.806663614406414
1,18.066478395855377,9.52769008440894
1,-18.75831552270233,-24.314080847968693
1,14.17929474877424,-6.1206495060095145
1,-17.981969001633292,22.839136397724058
0,15.6577301680564,10.575782983577461
0,-11.404686202210318,-19.305152952588234
1,-18.214372171291018,-1.9695720404360095
0,14.700419178118418,6.354119304932134
0,13.161690808580143,20.543099385054187
0,-7.813999461818364,-6.869806831840554
0,1.4889890020526275,14.993271764867604
0,-14.590991017465807,14.710207640814568
0,-1.7055173196999496,2.738134745217562
1,-2.2046163892244763,3.0370561668650176
0,-10.147628379644416,-17.504519702950073
0,11.993584687053666,-3.110025684202382
1,10.360659508563055,26.344669405395432
0,14.831001342407006,0.4190090412386982
0,14.116093460379657,-25.009179577228437
1,-8.813699445395358,0.40548421693647585
0,-18.369166309307058,21.04081139314742
1,-6.632593409823366,-21.096760309583125
1,-6.50383915407982,19.08633669507421
0,13.357663679436893,26.04539553316838
1,1.5080126602875854,-8.096681532808184
0,15.595163266785566,12.184795385413542
1,-9.195379418184197,6.93696359752524
0,14.598128476811066,-4.511965390431425
1,18.317755195442373,8.848526115424285
1,-3.501685593175572,6.992457145639726
0,-13.546963291496418,19.421602058267872
1,-7.863362253855963,-0.5759153816352014
0,-15.135324613142679,-1.812591852437373
1,0.6567550036009662,-21.27773793915731
1,10.079142358081459,-9.276986924691016
0,10.994067751692977,0.2803280180730727
1,3.355110586739678,-11.54494016394218
1,4.030800014407179,7.3731845302332015
0,-17.812589923564957,11.432577504860227
1,-13.522190315282248,-2.3599322670684764
0,14.770352488598974,4.386426981759453
1,0.13971587690558174,-15.444791010872654
1,-0.19563527365092703,24.834931686794985
1,-3.1253868137949947,-7.778606959455852
1,11.74472186898026,8.782282290437845
0,-2.925825323867146,27.26225929724888
0,-18.949196118444796,19.677663881194455
0,6.4818517279809695,-24.84652459245988
1,2.5657697383075684,-26.605554932798043
1,17.543070283836467,-18.26462818846989
0,-10.308884834788486,24.4213877366794
0,15.845383892976477,-16.716243928529778
1,-19.798638207612683,22.459226248943686
1,-17.475376591298716,-10.399193347336947
0,-0.917369471141245,-6.517204281986901
0,3.2485997481443984,18.43636858027082
1,13.836793683789018,-13.559263889247365
1,12.146204497920943,27.251930469183133
1,7.91822826094243,16.409026300254933
0,-5.661638458613214,22.329945718370574
0,-7.818570210652824,-16.019755723143817
1,-17.921531649901354,29.56954752232019
0,4.533795159603797,-9.09615568412383
1,8.351037432642725,-19.035352179493962
0,-6.6651970237508,-9.51963881347838
1,4.52908428085109,26.152233156838868
1,16.031173584049327,23.33076238998055
1,2.2672854972240053,15.805774472036687
1,-14.1714940371633,3.2267969125118445
1,-10.908367914440316,-29.077993274276295
0,-9.21569224688881,-11.181847352347603
1,17.64608035669248,-0.5330592170355697
0,15.717694239591061,5.2277706998971185
0,-11.162403228492717,7.802073847103726
0,19.03317461253642,27.27307073761182
1,19.35382623090803,-1.1499915981575848
1,-14.41893595157656,-27.66381193467258
0,15.882115170809588,18.289694867729654
0,9.69411880158217,21.180962381531984
1,0.6770317180557317,-9.984761936399806
0,2.6815385901404287,18.985382304486876
0,19.81339933251787,-17.865847704400075
1,-3.700879116839295,5.274108799820998
1,-7.262134666882565,-6.1441338387334525
0,-4.716972457342252,20.93770226968968
1,10.154317965600272,11.28767564523786
1,1.5974003737568765,-1.332943285424677
0,3.796559353910025,28.301399513047073
0,-15.733996136644745,25.055910496481303
1,10.628741665805347,4.618527528602998
0,-3.1386827188076527,8.595055298899812
0,7.620269197340717,12.008376303933556
0,-14.166353065514485,-0.6251458665111409
1,-13.842713793157206,22.79615467563893
1,-12.323252855482917,-0.9712853597063442
1,5.271109349923004,9.680655817074086
0,18.379519753995446,25.703648587393438
0,3.148287825709999,27.226784816721917
1,2.739251007007706,19.42707542554342
0,7.65510374513068,-10.92070615857104
0,-11.945333608828044,27.535317106290876
0,9.735636531429215,27.11685586855739
0,-2.3282994081817066,22.2194269645422
0,-8.179851817350565,28.830169913271007
1,-11.664202726229469,-5.125795882113975
0,11.823331548689504,-3.607079307039085
1,-17.852131909225232,15.322333563517052
1,-6.7069848786191555,-18.996255993115245
1,3.8553203490521204,18.444756204147133
1,-12.373189462807947,-3.133403557574679
0,16.771542418318113,-21.22538545630527
0,7.65127169628947,-10.498155919170792
0,12.262546621634707,-20.01313978093141
0,16.329548787701018,0.7202752240015098
0,0.057985976727708,18.21651913594542
1,0.8742482533368667,-10.88085714162715
0,9.205641557500552,-18.181475998612836
0,17.844520481068777,4.451320402250927
0,-15.98796742007452,20.19124646759402
1,-19.899072289866126,-3.6806581670913285
1,12.553884381137594,-22.81974178342074
1,-6.367152426819942,-2.3586690680399647
1,16.325717756711114,15.804781965064066
0,9.717057275832,-1.587595007734941
0,-1.1398970018065713,-13.33265747052099
1,17.821211948104523,18.528329972330056
1,13.65919568766377,25.794742977841427
1,2.9561549448681657,3.53689902419426
0,8.480417733407567,28.472989887314966
0,-14.864541183395756,27.887407677458846
0,15.277727308017539,-8.322675321702622
1,-13.598126117027087,23.632238472850002
0,7.031859621046066,-1.070140103016164
0,10.049058195882461,-3.819883414974039
0,-16.0384274448413,-14.105734825255869
1,6.328504683876481,9.60863459934307
1,16.506202795469257,-14.905223519106588
1,18.012282410690407,-20.66008830884533
0,17.74238105001658,9.436768953733
1,9.945933931292647,4.280329236078395
1,-0.3684321530533907,-20.548048483233615
1,6.705530484053184,25.23998504781652
1,2.1039853800748443,-1.292361626933629
1,7.76310905476993,0.39446773641794053
0,19.852693332799284,-19.458868955769308
1,-0.5549675581477143,7.623724137464718
0,-6.744190204978597,-12.546169021954682
0,-8.279782334075737,3.8550144140101006
0,-6.218710307034541,17.146830081886122
1,-10.907428347261558,-29.765704700249678
1,-10.202884112474099,22.01182084160969
1,-7.643369317058144,21.656671226024503
1,-9.343697443417849,-11.556638973572094
1,1.310025786659672,21.313359641678662
1,-0.2951463580013103,23.01524556368076
1,-17.720530791808308,-21.38067182291517
1,7.319266617077891,27.769894860272554
1,-19.575554320132017,2.162548083217366
0,1.7976720647519828,23.57056411880002
1,-17.785487420073167,11.870266218962726
0,13.21847673505558,-10.75245457871599
1,4.563549769669204,15.55874786922747
1,17.843995961916917,-6.58393649832425
0,4.884005776484934,24.192740532170305
0,-4.396052822087029,12.371964546613084
0,3.8105308122218595,11.835392182995214
1,-16.631759123589468,5.139901069479671
0,5.7875034016822635,28.751429896612464
0,18.28765456767929,24.319952864745787
1,-18.526029674470955,-23.538536686211838
1,-8.230560778023301,28.0308522336533
1,0.025744656509054664,-8.785448464098042
1,2.8511391424671784,-23.178148013206343
0,19.004791241469057,14.679852390109552
0,14.75566814699999,12.697195439854042
0,8.079412281149922,16.29224916234763
0,15.691207241332679,-23.168118406531413
0,-18.16938837109777,-5.732906683673836
1,5.9015474758187425,-19.297237146390625
1,-8.360924141442512,-1.3774329793760343
0,-0.5793637861552803,-3.5450023791037832
0,15.436289525153612,9.487867807636444
0,-6.659108563238476,9.400164167247787
0,10.596905431454235,0.27844266846731136
0,-10.769431441198414,-10.51374591463386
1,-3.8982347748787483,-17.786290164698688
1,8.141511697724667,29.71484833876113
1,-11.061910964158477,9.634403049338623
0,16.50606391631744,0.9593306181160988
1,-7.416791772937383,-2.6028249856765795
0,8.866998138299223,-15.59019764492237
0,10.40098511808738,2.9317839524290434
0,-4.6165507450162035,1.196721052288332
1,10.551739700620848,-0.9331221271560319
1,5.242754593265784,-8.94553799545875
0,-3.21502596107889,-2.4896361702015235
1,-0.7573147270884739,11.55391030223976
0,-0.39166384179933456,-10.916494086773445
0,8.986191070911698,3.7238318616037436
0,17.463640813291764,3.2004459635302585
0,1.766154817294714,-18.06228261718956
1,18.946802478492412,-16.75064022284691
0,-17.538571895599667,-22.531944401798548
1,7.992209804377639,-1.0569113296001076
1,-5.6442553534822615,11.764431359504133
0,6.863770127547086,-5.712644827108393
0,-18.191910662310292,-10.96611740722927
0,18.57822425765182,29.231480226583184
1,18.135039850322535,1.5929491191003708
0,2.191048766152335,13.14123755373987
0,-7.093191557718153,17.525686487605277
0,-13.884260003311152,2.3147427061586856
0,5.80785512526746,8.066026270547255
1,14.266668124578977,-0.6575818955270174
0,5.943057342506197,1.5162727650585994
1,14.332458307761872,27.50375020341725
1,-13.44921232980164,13.189071441429832
1,9.236338150446525,-2.6620455126047515
0,3.640671627615948,11.399988676317106
0,4.036548771587989,-20.651743511432144
1,-7.838783530949445,-18.2738904266078
1,-12.303659457108203,-29.768999388614258
1,2.6597846172410566,-15.92169369900164
0,14.654993689895068,-6.432347020149088
0,-14.726983352905322,24.277584294132343
1,1.1685303102226774,-11.707929347434645
1,8.25994514221717,-2.2114462241632893
1,-5.090133763474749,20.185801364142073
0,14.646237775577816,26.05653827922182
0,10.991050521648003,12.81986124135442
1,13.164816230662012,-28.689250029143533
1,-5.762940868220947,0.4236138020201108
0,-8.81428725474668,29.719568301535574
1,4.450130251025524,-27.272684719525152
1,3.5963792025771912,1.2796412347658914
0,9.534229081949231,13.388451389050115
1,-17.220739430349262,15.036363868130735
0,4.428499722389909,13.02179410594741
1,1.9614095618419247,-17.24073408400701
1,-10.47194820842094,-5.969311128801184
1,-11.294522834191124,-20.30333015186227
1,12.232792583845868,9.394159535807635
0,-11.771955866827382,-7.925152740341801
0,7.760299249444809,-15.788041395349289
1,-5.19067279423679,-19.473555168627104
1,-15.361638431376452,-18.65353567244781
0,2.1845424715535167,-4.726035586221542
1,-5.396686187746287,-8.303699153201205
0,12.880960608852025,-8.466639655253099
0,13.688210866332557,-14.992076776816944
1,-16.266563174941627,24.30293029709336
0,0.06282877613104976,-9.91862667614601
0,-9.196664381866185,26.831677139203364
1,-19.760596837756353,-19.304610580890728
0,2.0827302895257116,12.206704545988318
1,0.5872009552242119,-0.6662509587784049
1,-18.959969798023792,-20.955814613351006
0,10.203950609531649,17.979713089741814
1,0.6802317845713857,-27.65802468446655
1,-6.673540069019124,-27.49796481696148
1,-12.156313631474557,-21.13371663315207
1,-14.012133764290745,-21.13274468722536
0,-2.067785638917985,-16.997894449544056
0,15.40074138483019,1.115823534299798
1,-2.8600422691493232,-18.86764632345054
0,11.094097346753422,8.210528100574573
1,9.001677614420323,9.29052831858309
0,-16.25897291396797,-24.396944001723014
1,13.416947300836819,-26.341939170914387
1,18.37429262318063,17.71924488200525
1,11.968047202411976,2.595188854939088
1,4.328440351213132,20.82193125561764
1,12.905148325975112,9.039696956605292
1,14.474339856704916,-0.039056396974905816
1,-2.63243849303485,22.46882695709679
1,8.392540612498077,16.679070153570187
0,-2.2184829098241243,24.457715210650374
1,10.93264355488075,-1.2366028228029657
1,2.700795112793437,-3.806955314648308
1,-12.973698093133802,0.8196673090908946
1,-18.904966023635424,20.561378688390327
1,-15.839803474811681,24.696596768417006
1,-19.083650853629916,-16.41044019605519
0,7.418107507545901,-8.718163142404997
1,-13.864472738012164,-27.238487450038065
1,-1.284059480456552,6.732067179342454
1,-10.875500842577509,14.982266192334656
1,-17.281564046088302,21.087483763618614
0,-13.38286041345508,-24.29780123346946
1,5.8539800845395895,-7.092491851174221
1,-4.36519679736886,-10.021052212026325
1,1.987884117918668,-9.024637932758884
1,16.388536680050777,-26.676477961244707
1,2.3298884191446723,21.7967830214895
1,9.269494952340246,-14.091442677721293
0,-6.16810605588701,-18.77704437090107
0,9.582502013808654,29.741986536557043
0,2.7964020114867383,-9.006385964575054
1,11.377458000000358,-9.681216281813732
0,-4.479430925437056,16.768811814003058
1,15.8773383160386,-1.1244966190824002
0,-8.463665720104657,29.420903564089574
1,4.695486592404454,-28.567598379478486
0,6.925753912231878,29.480358925411455
1,6.830500158462738,6.896252017484768
0,-13.702186459918039,27.75208107920188
1,15.593852428261528,-12.136897987247604
1,-7.851352523633035,-4.8773042324704114
1,-3.7856721308191643,13.568701988922609
1,-2.154179397077205,-14.122395241536449
1,-19.587749866748908,-13.360109338079738
1,0.12963249618509032,-25.67875084128736
0,-3.5463550844590364,26.1313953548801
0,7.556649715334975,9.25755319975998
1,-4.3198350269138075,-25.31007441884637
0,-2.330215133406739,17.157189989977287
1,-11.627082945455548,11.813246945097848
0,-17.60269377254381,25.652366581724195
1,1.8396952865399907,16.323820122431588
0,9.104748985209232,27.414427384933063
0,2.7085008600642224,-25.13156131069326
1,-14.0162495016226,-21.49932998214011
1,-13.042573067155727,-20.103729301302426
0,-4.667936009835136,-16.12510267382811
1,-1.0698112522617542,3.6466192485136384
1,-3.617965050255445,-2.9440904858937667
0,7.256471147170296,8.073758765967693
0,2.601997001156353,-8.741508401518502
0,-8.124517141257805,-6.109939541284525
1,-18.76468639872206,-6.921086775560694
0,-14.875516363914421,-6.931866932573598
1,-17.1789479936227,21.432429668828586
1,9.2774241579622,14.118286648794564
0,-13.486118704183774,0.5161157670547323
1,-16.0452242648744,-26.9761022478489
1,-9.443429528228734,5.310094354558068
0,16.33282697113623,-26.03235666539546
0,9.84033041627355,-7.629997633985221
0,15.805984506229432,20.791456107393604
1,-16.2233935177728,18.52626462089502
0,-1.921653922982065,29.477817016838912
1,-19.16973896071301,22.948855448887976
0,6.980971751739324,-4.558170922685296
1,-13.66367982629808,-5.414111753965378
0,-15.606137572659154,20.855530379707126
1,10.03773920602828,1.9023643644572164
0,11.466695773499364,-7.707802732866762
1,-15.075180010407694,-29.42426193003789
1,9.89215055328351,-22.76782304293645
0,-18.79957946007344,-11.138593316473283
1,4.408307194883561,-18.224621516568476
1,-5.31351135744095,-4.41477293190089
0,-4.503608257222966,-24.9054618693948
1,-12.66974735307494,-7.480766695562093
0,10.356040757465612,11.022261745981867
1,-19.599558199151957,21.148911830534914
1,-15.626850036819242,-16.330006381451966
1,-2.2423151134114727,-4.346495767087024
1,-19.752618586310575,23.301857875405645
1,-12.612825893956558,21.343289055536747
1,7.7325225639401785,19.787610802197687
0,15.01545367948065,15.798760403508505
1,4.9036656698330505,-19.158950645147783
0,4.130074155313572,10.36617946199275
0,3.5053650435070027,-29.180970696856704
0,13.25172813764099,-5.061565545054636
1,2.404103314500814,-21.230549536075152
0,4.622995542041184,12.749104224278888
0,-15.706717319387256,-16.085813043611843
1,-9.570236582256527,-15.380136957678957
0,2.9856170125002635,-9.512799126191005
0,-6.483418659093942,-13.139627495141212
0,-10.891744039918576,0.149909936381194
0,9.237647891067965,1.2791675006023806
1,-3.084955195941017,-1.625647505759451
1,1.8086790038629408,-28.64884675121465
0,13.224526816429222,-19.864837380527543
0,-4.468721358165513,18.269876534187546
1,-17.18742132705917,14.403328801109739
0,0.9576276038259568,-26.734201604189483
0,11.76827448971338,27.284020154747164
0,-15.710454930019338,20.836870314882866
1,-12.823027792070786,22.10684213612066
0,-8.721267740340064,-20.06093021729287
0,9.5611457096296,-27.24241265999065
0,14.75897781113392,22.977032633568122
1,7.543769027156388,-5.753314175976987
1,6.093427704895675,-29.97907946037413
0,0.8921842866676277,-20.649242408289574
1,4.520830255218167,-12.05035029426005
0,10.425840662437643,16.012277521656884
1,9.283908459117942,-9.366581633877528
1,11.560708895178081,1.9499264977125286
1,-16.045628793861052,-19.392359447848282
1,-3.376774492354473,11.675121776724032
0,0.3446195592754586,3.0094872921161864
0,8.11308939391877,-6.78975540504223
1,-13.484012821143313,-18.505441139641256
1,-14.947717455245728,-1.7258900245180286
0,-13.405426775885324,-7.439917935306486
1,15.727030206920247,-13.709979485243123
0,17.599389120825016,-1.2103027677086775
0,10.67506837159456,28.53495042777687
1,6.246268023771422,-21.13149260986575
1,9.037537435251256,-19.422186113708904
1,1.3548028546680158,-23.560515737691244
1,-11.225258008317871,-14.832036229239653
0,8.083689899406474,-4.214351764581085
1,-12.703661201778974,-11.325755783706397
1,-16.852023315037158,10.170156453902273
0,8.75624896097463,26.531977744097688
1,-0.1324504937150328,-22.68879205063023
1,19.540512247574142,10.527702592000898
1,-12.39862704060204,-1.4798698814132583
0,-2.2403480361501993,-16.898787163479454
1,-16.902625401565068,-22.801618447732594
0,12.944927530103074,-17.708411517926418
0,-4.172977654691814,28.35924079320747
1,-16.97493319513545,-9.44312952141474
1,-6.872224755009899,-22.82173068671804
1,3.2958105643157776,27.25191143912499
0,10.069522912158213,-2.664675383007673
1,-13.624405644892938,-16.02516731821323
1,-13.055149109887259,-17.381137202694262
0,-11.693906630471416,8.779056404424917
1,-10.918213507218333,15.329060458855386
0,15.445590021699985,21.995688316237654
1,-1.611197421373154,24.639285000182017
1,-10.408033351677073,26.645144350693148
1,-12.093194662298426,2.4271297807374093
0,-16.632767318052203,-7.446305802279252
1,11.741520085794658,14.693721388683215
0,12.12271967335965,7.351054824104406
0,13.304437024176078,-19.8234864521794
0,-1.1947976240080616,12.58929033512037
0,2.2292390149736363,24.458928599679513
0,2.338247864731602,-22.04165988729136
0,-9.44869267876783,-20.210887401286666
0,7.652142285727503,27.352495885614204
1,11.037057159921662,-9.723842886912434
1,-19.70177141887693,-17.145764176905306
1,-19.989337620146745,-26.21212733048428
0,-0.16455236418228214,29.537952066445932
1,-6.633869130244756,27.300051292326078
0,-9.2808676153324,9.02346747341339
0,0.29448407790811704,2.7074022626012706
1,-16.028229519911008,-2.8333975901994113
1,3.661523724341289,3.1729776037649438
0,5.107853121792476,15.629620691864616
1,-8.830049208399405,-3.157050627356992
1,-15.037824281931996,-12.71950738671418
1,-13.74023367549488,14.31344753190848
1,3.0973237555523703,-9.388733311081802
1,7.919656842630141,-10.305992970966688
0,12.935481983006332,-15.04033108487867
1,-17.578342947643225,21.884894694331162
1,-11.339690604052057,-4.856552019522937
1,14.755284419116602,-17.702933790030542
1,-19.741489463452268,19.0532692822649
1,-16.92940201534078,1.1923547831992276
1,13.258091544881779,-16.25193230693036
0,18.36817096158947,-5.180320072390668
1,0.6592922849304639,-13.210363408695713
0,1.9138381371911306,-25.179523669878098
0,2.3491962712171865,-10.858257628409149
0,-1.1239165422824282,-2.5067419392139767
0,-1.329271425253853,-15.584817532982207
1,-17.72655661051374,16.88692202378048
0,-5.059259886354681,25.075164169461313
0,-5.704980932217856,-27.777754898369373
1,-7.407487072607899,-17.957527518601527
0,7.873248805225366,20.994911695796084
0,0.6686084872078446,2.3255273790047704
1,0.9758244970714669,-12.929020871819535
0,-13.416587583093044,-10.31923452951052
1,-13.50954048878478,-27.88513524225898
0,-15.608199977370326,16.64700734916306
1,-11.66216260838243,10.092123932116323
0,-18.447547055199408,11.758401197536031
0,9.464613049551964,-16.05348955529753
1,10.69840953705365,1.5828636798305662
1,11.707461529112031,-28.88051934271209
0,-2.3731204763040337,12.400306806595548
1,9.751309038246823,-18.488063453236954
1,2.5692879638545785,-16.73754512745928
0,-3.3859203578719743,14.17677300285008
0,10.061436372401019,-4.696371566123904
1,19.434678355773798,-8.961184556782435
0,5.632587406136329,7.914606188892037
0,9.83337423062335,0.7936247974853416
0,4.948837007628262,-22.845242663867204
1,-18.70501839387538,-14.533528391782827
1,-13.821090758052911,-18.474692390949357
1,13.576245016699522,2.113833189088836
1,-2.0792597293380544,-21.85159528883859
1,-8.579622207386745,-20.64140632173202
1,-3.2534333202632215,-10.593143575325946
1,-18.00272157334514,14.375978684207691
0,-1.7790238090029709,8.893647119839233
1,-4.76281379911387,-3.589546640122212
1,-11.689761041848135,-20.687401880406775
0,5.5255642628676815,7.715838194085409
0,16.26944148156351,22.73705940217041
0,10.98385644242704,-5.4993714697823215
1,9.625045191149223,26.866344221932824
0,15.620246467189158,-7.77407214452974
1,15.422151939526687,-26.076696276551107
1,-4.310316165275667,10.148447134745757
0,9.701841707932255,26.807515883009064
0,12.894670476646004,24.119614219840123
0,5.643491803640925,-15.568650051165687
1,-6.360579317634221,15.419145613429688
1,-16.379881159106983,24.00435140141822
1,-13.192336706544632,19.68489364428452
1,-7.686168764311647,5.5388445503567585
0,19.220711891906262,6.148709429853705
1,-10.783177558220395,-2.686181537114871
0,-4.785190483146531,0.9115121270186388
1,5.848748960048185,26.518662623413757
1,2.5396783011050417,21.682911616919636
0,-5.7763445993923,-5.910169491686855
0,15.459905237189968,-5.765152822474766
0,12.94957834756893,23.77663918749364
1,2.205532248789752,-11.297607400710916
1,19.691317987467293,6.8855336252241095
1,-18.88539816462061,14.669068423700303
0,16.995082434310767,10.160420605991568
1,13.18779921497821,26.093488761389313
1,11.60418670693565,2.437794916031031
0,9.658725288235592,14.29372864184635
0,14.67672947010811,-17.289659189137897
0,-5.599422184639171,1.8755194960174104
1,7.743786326651243,-26.548507856808055
0,-8.336362868683098,-22.994851673183216
0,4.027290806384327,-26.586110197780403
1,-2.5159771255633556,4.857178533700335
0,1.516301050979103,26.069518392285424
0,-18.98442186054144,22.203447853162213
0,4.277239963329178,2.5709739690951916
1,-8.04225138034607,-13.567813291902482
0,1.2380455318901262,4.116645924762983
1,9.528425712300294,-7.240655669689991
1,5.774352125225097,-24.19877257974017
1,-5.917941459079814,20.35657588708174
1,8.155348939717992,21.244621521427888
0,18.25499438760151,-6.7370443801200235
0,10.619469369042967,21.772689907420553
0,16.068627394235516,25.33984193464239
1,0.24513479589488796,-14.90627870127626
1,-2.8509103560107496,10.84958176808094
1,-12.759479358978862,-27.964719917683453
0,-2.649993917023612,-2.787221810920597
1,0.6748619388441224,-21.600196892345867
1,-9.59828350173277,-15.383134656162431
0,3.2430893349327983,0.9173140239799649
0,2.7468672131938066,-18.805579141620328
0,9.61993641247024,18.308388149561413
1,-16.52143191789237,13.399467027413046
1,17.178048049761646,-14.651505576334841
1,-19.397131367512763,4.58404576756819
1,-17.556952875719922,19.764133536464648
1,-4.62992587432681,26.47052441953184
0,14.961391570527391,7.846929959207936
1,3.3549033706720666,17.3364923023454
1,2.7158641019539553,-26.135531468941423
0,16.37779158064078,-8.454300139659182
1,-6.319490229987306,11.938049658095174
1,-5.449856053060662,2.9671750688988308
0,15.481736137270783,22.728202302360284
1,16.19463634427062,-16.761588267346195
0,17.14416085353936,-17.77353883238166
0,9.488000345634386,27.6919780859265
0,15.222950520440786,-1.753970223308674
1,15.111010324934554,-10.434236872416712
0,15.451870009416737,10.748018156615553
1,-12.676207971340204,-10.714147359846024
1,-16.932980291405247,12.56100188686765
1,-6.977252861174663,-11.958851468202461
1,-16.308316925204593,28.1257028310051
1,-12.350891090937441,-5.310506957652845
1,4.778447066864624,-12.25431674896334
1,4.3598614225620835,22.867896077459452
1,-2.278838167383359,-29.154359727827053
1,5.9353632082941665,-21.811865662011623
0,16.93117445103018,18.27537279429572
1,-6.084790825599176,-18.191446789492453
0,19.947136059309724,29.28096560558086
0,-6.201621711164322,-0.5698934951893597
1,-16.970214214051413,26.716126508375044
0,-4.881249485302717,15.019465798191696
0,11.421806168963107,-2.6306375499618206
1,-12.346992022854826,-26.478643218560723
0,7.933899370091275,-20.289537549903322
1,-9.297787836705602,25.037930108029762
1,14.475855355279768,0.9062980580392432
1,3.5910996800256445,-28.445761744109653
0,-18.17845324552809,-27.40371942330534
1,10.420265341838011,-26.103257832557095
1,-11.310221156301004,23.84755520637975
1,-17.796937010907637,-21.72612292620364
1,14.25151065179222,-6.385982853677568
1,-11.736781079766722,0.9621109281859641
0,-15.698251145701727,14.798711257319644
0,10.705866443516726,15.757902101468115
0,4.970507908740247,23.83304111583169
1,14.791057847505007,10.57425888470606
0,18.51257091985728,-2.2096526475480416
0,14.857859744126035,22.948412465140347
1,-13.284712434549926,-27.72035359445396
1,-8.378126005141073,-8.81810831258393
1,-6.31029674520569,-22.135699979578913
0,10.586153700347648,-3.5067733029438464
1,17.622781754091537,9.912581223861075
1,-4.557757688931994,-15.289472114548456
1,-14.40260520388442,25.705502776763115
0,-7.350863430084997,-7.209000993785033
0,-0.8817991051946628,16.635242423700475
1,10.12992864111936,-24.07878970691919
0,10.834835379020271,28.364770603918796
1,-14.781542838694888,-25.06336712109907
0,-2.3265803848242195,-29.75758243121677
1,0.7953243111068264,20.459267234390936
1,4.714716892416075,8.192137629169238
1,-10.077405804876932,-24.87592470340344
0,-4.803496356528982,-8.339140899147484
0,-14.894657396592601,14.800056410024853
1,-12.135129856907287,3.9826733246449275
1,10.158660723441502,-1.9200058254857555
0,-12.839329919971028,-18.09098429888234
0,-19.541372501267908,11.521800217855295
0,-6.583359065826828,13.558480770570567
1,7.1149121100555535,27.04386368234957
0,-1.5817018240230096,-22.153210762925937
0,18.644051358404766,21.60563574183696
0,1.3876896776230474,0.10067603234879652
1,-15.029872698897044,23.66938752914585
0,4.328024414836298,11.085749244789369
1,9.152477239340406,19.121102866092002
1,0.7367777355347593,27.51728440439367
0,-5.346749348051212,16.46293628626733
1,13.751519211361249,-2.996710516137988
1,14.760695193633783,-10.507647551038819
1,-18.19798105130908,2.687607346993981
0,3.1276616813074254,-23.420809073090762
0,8.115800687905267,-29.48505369041439
1,-14.980890775559569,20.10711407290919
1,3.334939260450498,23.163181903695467
1,4.225317315621271,7.041452333876885
1,18.169191337534997,0.5507579083223346
1,10.472041546048207,-19.656003631932613
1,-11.403912969407992,-18.75349044121232
0,3.4365569410978214,16.816398805336735
0,15.192843161768161,24.44093291782464
1,-12.074305568807052,1.6469416161261696
1,-13.26193764704394,15.70037876247177
0,12.945740275538832,14.945608270152146
0,-13.754475281850036,13.577098216835788
0,17.26548463632682,27.080161964947468
0,-8.182090097517385,23.726312864175117
0,12.873289485983165,10.994164633590142
