educ,age,urban,stratum,weight,income
12.199072539197653,50.3961409992277,0,1,1.0,492.1612660979455
8.597382318422252,57.56672542727229,1,1,1.0,440.12163675335773
12.352588013387532,25.926121561537578,0,1,1.0,393.3559501393406
13.299309321033338,28.439558240129188,0,1,1.0,341.4861961732268
16.41046199248965,40.54607335588776,0,1,1.0,495.51212857099694
8.107400930236198,34.90632117482798,0,1,1.0,399.08452169537077
10.227469912733833,25.844048789895094,1,1,1.0,417.08415034504714
10.243621932673625,28.505462116448168,0,1,1.0,431.90321196350175
8.841109603443165,46.1945186174116,0,1,1.0,374.6573180555019
9.850110846387194,38.20846142427343,1,1,1.0,434.6046142292202
11.029075635309415,50.806582758065346,1,1,1.0,529.3620767545908
10.423817951454872,50.40792295806437,1,1,1.0,514.581360815663
16.649621127656655,56.802555893637006,0,1,1.0,642.3625795243767
15.965573851248411,56.66587625787311,0,1,1.0,457.5060756795901
15.098958326100503,37.86722748468518,1,1,1.0,597.6239456400726
9.06850183815531,21.232743626144543,1,1,1.0,422.2042695075666
17.425689666254932,48.78430798942472,1,1,1.0,583.7813697866434
9.541065272739964,54.53877344169404,1,1,1.0,536.1464923157824
16.3528139805428,23.28385366612683,0,1,1.0,424.1032146230507
10.630166712915731,34.853431734818116,0,1,1.0,383.65153657424867
16.6517254705389,36.01221012605976,0,1,1.0,508.5033957077526
12.701853113546603,42.7083841535575,1,1,1.0,434.659829480359
14.938515308558642,55.55138517612211,0,1,1.0,610.7692745136394
8.876137532367313,25.56697295074906,1,1,1.0,434.96935409663615
13.874257400227204,54.79033651442837,0,1,1.0,631.7815521021882
11.397766815740548,59.490802219819486,0,1,1.0,547.2032350842685
13.629157866785148,26.146512238052683,1,1,1.0,440.54602978540026
8.730586593352324,29.985110681207352,0,1,1.0,314.8241227422417
12.294952378380316,41.046269500578234,1,1,1.0,524.3799332098997
16.598758492074367,23.60663694437287,0,1,1.0,449.5830781510714
12.118664501462144,41.21964070787663,0,1,1.0,428.09041143830177
12.565872006742332,24.705105208697397,1,1,1.0,446.2729989596089
11.611205826719537,31.148242175478956,1,1,1.0,457.9329059569233
13.506652371703606,56.70788465999458,1,1,1.0,553.5855029006872
14.329879917144773,23.251287851079162,0,1,1.0,438.17642310051417
14.878824951939029,22.32797365934136,0,1,1.0,453.85745957512097
12.063627676071196,42.739745065924936,1,1,1.0,501.21728355681097
15.286316280699085,46.73796594972848,0,1,1.0,607.096716869561
17.84268345715535,32.25448763149183,1,1,1.0,611.5102597210278
9.483110657369144,27.599104563828565,1,1,1.0,481.9472267095857
10.366295689595695,43.518028181375705,1,1,1.0,453.97111775735794
10.730610125227544,24.247194757027973,0,1,1.0,400.0818262888535
16.08067314414637,49.90918337278154,0,1,1.0,568.3056271958686
9.354426867264833,25.39749944218132,0,1,1.0,395.6258159609665
13.332322139311865,36.24855070888739,0,1,1.0,508.39305033157956
13.434754446200769,24.426396943443024,0,1,1.0,456.68648166157396
12.407110893904076,27.004347081709696,0,1,1.0,493.895923969384
9.409026206230518,33.4800573600857,1,1,1.0,554.985426371335
11.4684836130571,46.96794398563361,0,1,1.0,527.1292208040353
9.384874511045847,58.735669397919224,1,1,1.0,545.6255304206202
12.300374692534833,59.312560070321744,1,1,1.0,552.6087479435571
17.931414102604744,51.365616746353616,0,1,1.0,687.7757917724732
8.0285148333678,22.444862718381113,0,1,1.0,367.69326083671695
17.185294634724755,21.901765655962883,0,1,1.0,465.0166612485346
17.369759175486557,50.25091118301775,0,1,1.0,538.0722477470331
15.728413577278777,46.66720957471066,1,1,1.0,642.2461028769903
8.602853077298292,32.97427026388504,1,1,1.0,504.3007361368781
13.996827910594456,41.005289602113514,1,1,1.0,564.2054058363314
10.5608582639203,45.99211346624803,0,1,1.0,402.32253667163815
16.18153694381636,30.667960300685664,0,1,1.0,437.59212902684783
9.618323116599573,31.601503852813334,0,1,1.0,410.7882320061901
17.410132081307232,48.60034422364107,0,1,1.0,577.0731852312333
8.254822588272972,54.38788665144787,0,1,1.0,401.28756914533045
10.96730722457254,30.777862471733886,0,1,1.0,309.446284846804
15.182632345636812,49.399073011013755,0,1,1.0,550.8602997384492
14.400193687526716,22.8289641999567,1,1,1.0,565.7712030465339
9.926361615338335,33.77569466168871,1,1,1.0,434.36773320051685
11.689864870809691,38.172782187260935,1,1,1.0,569.7446880140818
13.608260014035098,26.30372672423645,0,1,1.0,563.4640681212032
11.679255162766275,56.166310323774326,0,1,1.0,527.9196885328246
14.070612883647456,53.1154676310729,1,1,1.0,551.3257247621142
9.300677732120722,50.03474421337192,1,1,1.0,411.15585981953535
17.212241397479097,36.40683506431911,0,1,1.0,517.1145090583678
8.386859060991718,42.689363027609176,0,1,1.0,517.3944758817294
15.765144783956952,51.85619474844768,0,1,1.0,678.8147636798076
16.683640349076704,54.453314376431976,0,1,1.0,580.6395137125968
12.747905890690769,59.75254811747091,0,1,1.0,565.1422201930045
16.023241108057864,22.62081253014739,1,1,1.0,499.2719404630279
14.178610946257137,45.29670713110472,1,1,1.0,637.332425668845
12.748660171831476,30.790894022260503,1,1,1.0,534.1043570101907
17.12534220544523,24.401300843069112,1,1,1.0,601.0893770761082
17.9895137962181,27.04732767115341,0,1,1.0,521.0263046850355
15.897969200233183,40.53704534586441,1,1,1.0,545.9903135841831
16.664614548943838,48.596909842311575,0,1,1.0,582.0162669808319
9.284273424802725,20.55270061256977,1,1,1.0,406.78956808467666
14.012563419990915,47.48043306139249,0,1,1.0,595.8178760999541
11.042271421866012,31.354524385617992,1,1,1.0,494.59421647242624
11.195038143686961,57.26753120886189,1,1,1.0,530.9448096562968
10.896369611470956,59.69135943725788,1,1,1.0,514.5295505735382
14.032588024491904,35.06158030805041,1,1,1.0,536.6965798957383
10.198731217775443,51.418189145981,1,1,1.0,469.2250475479485
16.834490255443146,29.724017377616228,0,1,1.0,572.3604311235276
17.347279396984884,29.696136913976527,1,1,1.0,552.3581986528574
12.316167830158813,22.89145890816384,0,1,1.0,423.39868071668457
9.59816615914098,44.53923325038111,1,1,1.0,442.2840988103661
15.287149203371703,26.37270816613964,0,1,1.0,426.18518215697185
11.908649596211177,57.98422766578829,0,1,1.0,541.174962202608
15.275401172814158,32.902870069607374,1,1,1.0,478.94988966761065
13.102879616920957,39.41887788240816,1,1,1.0,480.49973687696786
16.508607871917214,39.3183808264645,0,1,1.0,555.7117034886877
11.691165986695308,52.106659244991675,1,1,1.0,578.2414449974377
16.805693084269706,35.641508193944404,0,1,1.0,606.380315503683
13.224355436193264,20.08380852051784,0,1,1.0,372.0058553886256
13.864188857588111,35.0687830286224,1,1,1.0,513.5838273803304
17.583968754850737,27.92867327657556,0,1,1.0,497.1298441736967
9.271025270134412,27.952576266239365,1,1,1.0,377.2493894091898
12.306760223671853,58.37405438395348,0,1,1.0,531.4548570793262
12.262281143369286,27.41712256827948,1,1,1.0,439.3277642298209
10.740263382087221,22.7932334801531,1,1,1.0,369.82451972535443
15.339209757601907,32.035166413864246,1,1,1.0,520.9874818844493
13.83392431346794,58.06877787614043,1,1,1.0,679.8135148583909
17.38685191414177,21.228551766029145,1,1,1.0,563.7730492613435
14.546282145457285,30.052221694391996,1,1,1.0,549.9961987785246
15.462660700807588,28.261080039109352,1,1,1.0,562.61611829129
12.699082631233157,25.465715074433124,1,1,1.0,477.0104328064772
14.940532053036451,54.963178229972385,1,1,1.0,655.5803106388305
12.162185947880085,50.721623048273486,0,1,1.0,545.8897805683407
11.153003491406762,51.7040550612239,1,1,1.0,528.4773709241915
9.060073502840229,50.43952756766808,1,1,1.0,507.29576757840726
14.554529036787551,35.77160566856471,0,1,1.0,468.4732464003462
10.949959585725875,31.561964473338733,1,1,1.0,509.79080620310526
17.09572168537092,56.740162104145845,0,1,1.0,608.0535781756554
14.542554890278684,45.48220429152674,1,1,1.0,593.3484548374468
10.404586266321655,38.84594997803908,0,1,1.0,383.1356625647062
14.629003598200233,58.463726706831125,0,1,1.0,564.9549419373567
8.039365734277807,35.43622391617708,1,1,1.0,373.00168159567744
14.884444281998208,51.11793889731534,0,1,1.0,554.0688541322456
10.791510652057013,27.175645583604016,0,1,1.0,420.24663278472536
10.431201463984749,27.2780170632182,1,1,1.0,390.08682479689656
9.830846408837273,54.14889981997284,0,1,1.0,419.85763739966575
14.275988161032926,20.48348225558326,0,1,1.0,499.8019369620491
9.384891845396373,37.076120215082625,1,1,1.0,437.7349828790159
11.506746027767916,42.96833568648103,0,1,1.0,508.7013520128128
17.01183018972947,26.03938797071967,0,1,1.0,546.3478563842085
16.776637930726878,25.984231723082036,0,1,1.0,557.4520902823529
10.453259985076032,20.377242671052343,0,1,1.0,357.2711108843168
10.488005864053438,51.68083670429107,0,1,1.0,486.50859008421776
10.434900509460455,51.93880598252881,1,1,1.0,606.1967891811546
17.9790946543563,34.532518331580945,1,1,1.0,599.0604110600042
16.029724877218925,27.05196807915062,1,1,1.0,510.8807573757614
15.200649292005268,30.6353437928869,1,1,1.0,510.0541591177329
14.010794067867522,46.27726490728893,0,1,1.0,531.7727580181021
10.013380015325556,36.242519708090676,0,1,1.0,374.3372082236913
11.378723981848823,59.05366681592251,0,1,1.0,462.62717268615796
13.918630739641817,56.985066019863154,0,1,1.0,546.154960141519
16.785477963404947,52.62701608878378,0,1,1.0,681.7580669584078
14.583092899062713,50.06102871123682,0,1,1.0,505.64343079235493
13.953794001095824,49.704055146686386,0,1,1.0,546.7916614252566
12.71950976058957,53.62270233774809,0,1,1.0,451.7885906569396
11.947704330316972,40.2845230532506,0,1,1.0,553.2110497530865
15.039310250558122,42.25701069815737,0,1,1.0,504.68940087853997
10.091709858656568,42.99181208045968,0,1,1.0,475.5346061324858
16.369252885541258,33.649770720849034,0,1,1.0,505.9945125812951
8.425642721924657,56.79624219435839,0,1,1.0,446.25544398588556
14.835410575027073,36.91526827340203,1,1,1.0,607.5022230546773
10.595379356054377,36.283942241878236,0,1,1.0,421.7684125040624
9.346873146851925,20.46918852150954,1,1,1.0,390.3078030976578
13.883050142032797,49.45468907063308,1,1,1.0,607.1774520666024
11.965629731979675,52.13935008766563,1,1,1.0,556.4108167137867
13.319289154624833,42.40275931105067,1,1,1.0,631.9869995410248
12.519554939532393,46.26968804392869,1,1,1.0,537.1693722068586
11.639480662823292,44.84074877189282,0,1,1.0,481.3871154506781
9.516550874327162,33.86238999651807,1,1,1.0,355.23473181816547
13.5122830588986,50.04725328269416,0,1,1.0,587.8387588481618
11.795042679147812,26.476742549690123,0,1,1.0,432.0699716226194
14.398244810558829,43.44559312976229,0,1,1.0,586.3840390870857
11.076883880637403,24.31096505306828,0,1,1.0,408.64992709186674
16.84347345091721,53.62555729633542,0,1,1.0,592.6239804413568
17.21270042184988,34.69181377042034,0,1,1.0,449.7513892549767
13.137518112778443,24.15196063244445,1,1,1.0,443.11057185147155
10.575432658175782,29.949547525860183,0,1,1.0,479.5838672890076
11.311428462203187,55.35426478268687,0,1,1.0,556.0941684588267
10.573696589803157,41.36223487546808,0,1,1.0,484.531938301295
17.408460125270256,33.80370306613297,1,1,1.0,583.8266161019923
17.595843208322034,30.53412565605879,0,1,1.0,532.5467875004106
12.632934433744628,35.96920455770469,0,1,1.0,364.4857791269151
9.000835931207206,56.92735078200393,0,1,1.0,395.9605219226033
12.086097524736674,53.880583298528634,0,1,1.0,439.38977732451883
12.252038555860928,33.26197329503781,1,1,1.0,497.81703160718234
12.488307268930189,55.430094289650754,1,1,1.0,580.4940782795185
13.446014169171486,56.02966834839015,0,1,1.0,537.5639068552151
10.861276799686806,37.030323509752975,1,1,1.0,489.92721220288615
8.666791084585594,37.83210024697221,1,1,1.0,440.690171708606
9.77951935548448,24.643063981640605,0,1,1.0,338.3877801630068
14.330485274190053,20.143207012286204,1,1,1.0,509.48130908284793
16.649346123396676,47.99085718299621,0,1,1.0,643.2939469389528
9.51387488835841,21.74849812585448,0,1,1.0,351.0641879649539
14.303208266897553,27.13080365188089,1,1,1.0,449.4859289079089
15.777968442469867,34.34598106230451,1,1,1.0,517.6670873912492
10.00967569494498,32.38548745835149,0,1,1.0,374.5484779682576
10.386777887378692,28.096918652486103,1,1,1.0,440.0909340993757
16.94002181584999,51.38068441342309,1,1,1.0,548.2621473878032
14.83160178175448,40.51817456334958,0,1,1.0,584.1621252270969
14.262511367041318,39.06777146251202,1,1,1.0,660.6117007384064
9.165176647487378,59.368239776081694,1,1,1.0,588.8200207845043
15.578834628266467,44.184702097611755,0,1,1.0,510.54313775131357
11.275856661364932,48.6517770152642,0,1,1.0,448.06740252111865
8.127516181977635,50.88374595821312,0,1,1.0,496.3054738964619
14.054098163561463,46.54047237259641,1,1,1.0,578.1629622997042
14.839157228478962,36.98158413939278,0,1,1.0,535.0374835123116
13.163397171241876,25.527536529817993,1,2,2.0,438.13975347603
11.129991263054814,49.54864418210938,0,2,2.0,447.2024438177204
9.953545496589307,47.00082233691081,0,2,2.0,455.65549967220295
10.328690906813769,22.94123310995095,0,2,2.0,381.85098987253707
9.83838450108955,30.818488532300915,1,2,2.0,402.69127320534585
10.00448591761578,32.379801374859426,0,2,2.0,353.9150480188452
10.019299492186793,26.3213221712246,0,2,2.0,404.29817166839524
14.83625053848225,39.46679991310675,1,2,2.0,639.3692966535583
8.317325169778703,30.878000093547556,0,2,2.0,349.0228246665754
10.27586228754126,35.88996415447006,1,2,2.0,465.36868216586305
17.693082461282614,39.755093164874864,1,2,2.0,623.4176123979762
17.71941276790362,56.815879432559086,1,2,2.0,638.6960871127726
17.209919141495178,25.272142850367597,1,2,2.0,574.3242287309291
14.049891302183184,32.264197614833236,1,2,2.0,553.6538003600737
11.396711352890671,36.05200121582793,1,2,2.0,481.70526685115374
8.874556338710065,58.571117823141776,1,2,2.0,396.7754737266419
9.113469886376494,46.52260327452947,0,2,2.0,414.0035760110809
10.792649277751394,45.32435127192257,1,2,2.0,516.1686710864899
10.111123383084527,50.41978908986391,0,2,2.0,461.4501709217562
9.907860455507368,51.879056982825716,0,2,2.0,452.7042793941819
17.358626576802486,49.85134212747782,0,2,2.0,562.5827078930763
13.433883248312473,32.72467427403497,0,2,2.0,469.62879675302565
14.515211768175828,26.1632657833075,1,2,2.0,502.65762094190086
13.84447088838912,36.642578824130425,0,2,2.0,534.1050046921654
10.612230066581139,38.90033808064388,1,2,2.0,466.5345481558344
13.310815662918637,59.136969674840635,0,2,2.0,549.201507165626
15.72380950697767,42.525566456892825,0,2,2.0,554.5393501850574
11.817803238332928,58.080068342041486,0,2,2.0,467.26280212382744
16.090864737170588,30.567646642768867,0,2,2.0,508.727706953439
12.705287092656384,41.93118508280162,0,2,2.0,527.5623937686231
11.315653351996446,42.49380775112967,1,2,2.0,485.09513643513645
14.24228927751832,25.005587100683204,1,2,2.0,506.0477598129391
15.943205123475627,27.159555392420017,1,2,2.0,540.9126078327764
14.74133759168844,58.24296112646164,0,2,2.0,604.0032698163034
10.44517538671711,48.26366476397128,0,2,2.0,496.5924067782805
14.987226888466653,49.099914118550046,1,2,2.0,536.3543128835009
8.059631223727942,56.13402429625427,1,2,2.0,403.7830793520591
17.640094077310298,45.74278433267662,1,2,2.0,631.1187833269641
15.151823453519757,32.4336207615537,0,2,2.0,480.44005269822566
13.935485923806306,45.41063220026094,1,2,2.0,546.6745856508783
16.06312792167273,46.61589202133845,1,2,2.0,540.8260774526764
15.151901938289498,43.95227121868237,0,2,2.0,554.8010344157641
9.043512070061423,25.381532660800833,1,2,2.0,456.9099149235227
14.774129355988507,44.72614196078271,1,2,2.0,560.555628739691
10.659926447845448,33.188457726409275,0,2,2.0,325.5860966969026
15.874807501745874,52.473628354600635,0,2,2.0,638.9210644797026
14.929089990895331,26.27662575328856,0,2,2.0,515.0828604053796
14.681073744039649,36.68502654459268,1,2,2.0,558.7441757463453
10.71601764961127,25.992893645948143,1,2,2.0,479.70319219912625
9.491862616755723,23.641392657833418,0,2,2.0,336.19737018977656
9.349997155012609,35.10125612557307,1,2,2.0,412.3374053908033
9.832404097123115,20.91782973488463,0,2,2.0,341.48663576254114
17.209835301970976,58.44183700652701,0,2,2.0,558.864206471812
14.236297833083203,49.35385286558069,1,2,2.0,565.4991727101914
10.123138304298674,52.488740040477275,0,2,2.0,407.06574030672635
14.085972637922936,49.98319122836105,0,2,2.0,539.4293681080275
8.676379185625342,52.352563620670516,1,2,2.0,519.759713391455
11.546777021463804,53.492845959124296,1,2,2.0,455.4136663298681
17.350656222966162,25.28005432503267,0,2,2.0,555.6911454705469
17.55396664478349,56.134330910378004,0,2,2.0,673.8211340799978
8.191799306179906,49.30724005382323,1,2,2.0,418.70278079122255
16.274736974762323,30.64578885446442,0,2,2.0,480.32904564722173
16.812773557289898,33.69285902680913,0,2,2.0,495.5200276226108
9.59614851764893,42.88361618346159,0,2,2.0,372.34489124780805
16.0552969731394,54.33979865289059,1,2,2.0,675.7844368396002
17.05142098598877,48.20727961459045,0,2,2.0,607.3582080010923
14.587606710966448,22.896548281226316,0,2,2.0,432.9127632510619
10.635953247228793,30.750956792688804,1,2,2.0,445.3052940760204
17.66725579355316,54.081479480627046,0,2,2.0,592.9000312852324
9.593247281922531,52.58980340413332,1,2,2.0,515.9054022922263
15.674580257111934,55.738719420628556,1,2,2.0,690.005411881408
14.758981133467428,52.019094735366906,1,2,2.0,587.4420101376311
12.552046377458822,31.20186328973964,1,2,2.0,562.8687234689594
12.837551312213753,29.253786022384514,0,2,2.0,473.6784283990769
10.592952356141678,22.0378425575827,0,2,2.0,384.7424609184047
11.885121209470343,36.94679722548707,1,2,2.0,472.7809656550066
14.690590887260349,43.44808329603457,0,2,2.0,448.3391030548837
10.801871916800103,49.43728140263734,0,2,2.0,449.2107837197367
16.10640340372661,52.79637427921821,1,2,2.0,675.3636518210438
15.722054343504748,42.1534910619589,1,2,2.0,573.023987064882
13.159107765325302,20.075290323595148,0,2,2.0,391.95240849574697
9.252310428340335,20.52080203308831,0,2,2.0,418.4104050784547
11.46589707055096,29.270490103280405,1,2,2.0,449.338170066064
8.591435118025442,36.35733596312062,1,2,2.0,518.567830850317
15.16720432569026,45.515466586300846,1,2,2.0,634.9729086516454
12.149404944110827,44.78634953054352,0,2,2.0,397.84981489000216
15.92386079635176,42.97611197098334,0,2,2.0,581.4789594604425
11.394210979945353,24.97046001226756,1,2,2.0,444.7372996627139
9.563476870724518,34.746318436187444,0,2,2.0,440.5611636121487
12.829909897324358,38.96243370806995,1,2,2.0,541.9465578190319
17.583176066271772,58.43773464598726,0,2,2.0,633.6601975077764
12.175318200474766,24.955683915670548,1,2,2.0,416.3479841093139
9.5627948692942,56.786737852532795,1,2,2.0,545.5040441609735
13.920893299966218,46.55604010730916,0,2,2.0,575.183120128401
15.029635120025873,49.326718562807734,0,2,2.0,492.1690917046188
17.306397757431466,38.90762066960515,0,2,2.0,538.4682277967452
15.524509914949592,49.071553392006884,0,2,2.0,588.0941158551414
13.238437281433209,31.37165932183509,1,2,2.0,472.24383470302774
15.232613961872087,28.39171659425469,1,2,2.0,507.66848449803126
10.254404660004397,20.169986485473196,1,2,2.0,411.37460170205156
11.727855413983358,23.98864118850398,0,2,2.0,409.58607202934644
9.237717340219005,51.48732880644907,0,2,2.0,436.30444230459426
14.952427630919196,41.080195464875004,1,2,2.0,531.6356472337012
11.994860903403893,24.201583129159737,0,2,2.0,403.2140450999102
15.147397402618536,28.70341339176659,1,2,2.0,568.4751065440425
9.218019533724078,59.904603641149926,1,2,2.0,573.7834761705293
17.60921928537509,25.914597416399545,0,2,2.0,576.7491274108862
13.659565994768883,51.74883103324139,1,2,2.0,513.294311613677
9.975560480890316,58.6094047791971,1,2,2.0,470.4833162234336
17.28611632277977,41.00828104924035,0,2,2.0,591.5111609141867
11.779824500231241,50.373411481998154,0,2,2.0,384.63152322125575
11.838549943504784,41.21982368337138,0,2,2.0,479.90957330101
16.041340874504026,28.358814419197408,0,2,2.0,448.29303692450065
12.731022337939088,58.44906101307342,1,2,2.0,518.8111761132453
8.541687332116819,43.99501652676737,0,2,2.0,356.20647582675383
16.50649054636901,45.24789055714882,1,2,2.0,599.1192492555808
15.271802704184978,51.592836624956526,0,2,2.0,560.4061451374412
14.192428876124566,45.373581669755694,0,2,2.0,535.6433266372057
17.814425313760967,34.19174334206375,1,2,2.0,663.4442315772731
15.146652024111688,47.95701174233548,0,2,2.0,648.4333501551961
12.270835501648225,25.805476436327332,1,2,2.0,548.2008244622214
16.837013318689863,23.43435954584948,1,2,2.0,603.1023277606309
9.37397159678552,40.736120956856624,1,2,2.0,436.8755125307612
17.050985280604856,50.083305969100834,1,2,2.0,636.0272981320514
13.846719736186474,52.79546569277922,1,2,2.0,615.0034930301497
9.462052802826566,37.35340694644359,1,2,2.0,509.3288526839282
14.320784957473268,48.8292502822005,1,2,2.0,613.9242017158356
16.240457207490653,43.22639886145335,0,2,2.0,523.6485786584276
11.257052431333406,44.548518905781066,1,2,2.0,386.1007531838819
15.303379875759708,33.784540503487285,0,2,2.0,546.4343880413885
12.22978425335269,29.09535165296176,0,2,2.0,532.0845460144592
16.540503845561418,40.11294026443983,1,2,2.0,605.5093560182102
11.065985150590688,46.44337458432658,1,2,2.0,492.9268563246252
13.907798364537706,30.308756867411056,1,2,2.0,520.6557458319174
9.715306416070215,29.45455313559154,1,2,2.0,439.67766276910476
11.673625256560145,43.82583559851766,0,2,2.0,507.6692106515529
11.93912686073911,33.05553786959309,1,2,2.0,439.31985301313057
14.81245034238424,23.364563324338445,0,2,2.0,519.4885074927736
13.095044060253981,34.904586467792306,1,2,2.0,577.5052775657462
13.72519133586183,50.740981296539815,0,2,2.0,502.30330724957525
10.63094100497452,43.14123083702392,0,2,2.0,520.2682611016921
12.387704502430545,31.48204604285614,1,2,2.0,445.46037532865995
14.097326521578806,50.08830907542886,0,2,2.0,467.83839578889973
15.494309044819387,27.531954592625297,1,2,2.0,562.4435017553535
13.700573000030252,26.682140795629703,0,2,2.0,483.48520154235734
16.445164964709214,57.62416587546716,0,2,2.0,543.1601041607694
16.777063040281618,57.80566294596962,1,2,2.0,684.3681302670482
13.764795921878953,37.61686747169975,1,2,2.0,465.60212014950633
16.66988764591646,39.423122178513786,0,2,2.0,535.3600477038506
16.248886120982238,35.78181698494457,0,2,2.0,651.4617056305466
11.405314789239481,56.2340922603894,0,2,2.0,510.1464294782566
16.6988266955436,41.30909681748996,0,2,2.0,652.0235435804616
15.339924809554718,29.78098050030323,1,2,2.0,547.9521447544016
14.706735734481056,31.849172782920498,0,2,2.0,428.51373985214457
12.785855529514585,30.58062434840255,0,2,2.0,389.3020180280156
10.464079057866144,21.98233736310749,0,2,2.0,376.6439152271134
15.509871650178807,21.170401661833196,0,2,2.0,552.6074026118768
10.144552285821879,25.135598032835503,0,2,2.0,350.4356082697951
9.747082627181983,24.155260709958984,1,2,2.0,470.9932224335103
12.518124885320852,58.748467497948255,1,2,2.0,594.4319055140152
14.4445408772021,20.793554245614352,0,2,2.0,390.79868409610623
16.271398534403815,28.058906702875998,0,2,2.0,535.6199729373951
13.539644554447705,42.95311485360838,0,2,2.0,481.6211892690702
15.017305019639425,52.58994264062716,1,2,2.0,541.4631346721737
16.102373719715906,44.68217626233011,0,2,2.0,372.1774335121773
10.484341584610325,35.810156491513936,0,2,2.0,436.1424714019412
13.076390440445582,41.61346959178043,0,2,2.0,528.5017154256896
16.717640189577835,20.45088164021699,0,2,2.0,541.0125500964831
11.305002239406441,43.265624671292294,1,2,2.0,492.5474356769251
17.381851292312806,36.09509194304987,0,2,2.0,501.76844377584626
13.787310330333778,32.17640737291326,0,2,2.0,499.7200286654626
15.241093628610473,24.365454610104955,0,2,2.0,407.84649990068834
11.592383983060802,51.103330117688756,1,2,2.0,613.99170771835
16.781681935758996,35.98797748505769,1,2,2.0,631.6866662320858
17.557007518617134,47.17963043661943,1,2,2.0,654.2085626908897
8.084807367650589,38.40710897436734,1,2,2.0,355.0848118823638
17.952856004188515,57.58978003006661,0,2,2.0,680.3805812204278
12.767931374373392,35.34693274844079,1,2,2.0,492.2820897893918
13.582205646866147,58.12415765332069,1,2,2.0,550.9607896990105
12.376451470698237,58.091445210879016,1,2,2.0,466.0483020438371
15.04790313228872,43.22751060560253,1,2,2.0,612.0279070536267
9.423764515922517,42.0174720339653,1,2,2.0,500.41919768126286
10.482108048539097,51.736647662484565,0,2,2.0,495.57108583197305
9.83725202485284,39.65208158375282,1,2,2.0,503.62576086485996
10.169259260739988,23.38812548667515,1,2,2.0,514.9870721976748
13.46922670655174,55.95222131176965,1,2,2.0,627.6612242205141
15.65900530963821,30.672439996781172,0,2,2.0,474.46658948941115
12.237024228771846,22.502715053619138,0,2,2.0,440.7161194787873
14.372949369868621,31.980083610255573,1,2,2.0,528.9940541690971
16.106148990593447,30.57588370660492,0,2,2.0,502.057056208848
11.010234048793514,37.32596825254694,1,2,2.0,460.50917727816545
15.802317745246384,54.29210266309699,1,2,2.0,650.3873535875889
9.108626420179776,32.1541331679623,0,2,2.0,314.1501499525823
9.378511257104156,59.0752495769298,1,2,2.0,491.94089674472525
13.488773163319939,24.893293594884508,0,2,2.0,484.03815083960757
10.822598385618837,50.567882405225845,1,2,2.0,474.565332113479
10.216141692216851,31.542394970086033,0,2,2.0,503.92711603905326
8.40387440339044,39.29151692558274,1,2,2.0,355.8028440329346
13.643570412208964,34.2943910134878,1,2,2.0,540.1940203466154
11.376181781442703,54.88091341699595,1,2,2.0,526.2846574032483
8.125351735853268,50.55271849583273,1,3,3.0,433.1899531867082
15.504405409136908,38.25283404164409,0,3,3.0,551.1775196039963
11.790674589253063,34.50769961941948,0,3,3.0,426.028949248172
9.029979139270123,27.765918322695345,0,3,3.0,308.05611521282293
14.171646418969193,23.36777217291417,0,3,3.0,520.4981323012812
9.529507013526706,50.9551732164583,1,3,3.0,594.7502743849974
11.885130387703027,50.81790972324449,0,3,3.0,488.9324316023776
16.09149003313501,38.9745596379767,0,3,3.0,419.6442260073145
9.037223601981328,43.69799409299253,0,3,3.0,387.0659966581371
8.393004223601377,59.853465385191896,0,3,3.0,441.8235642248087
12.933457191725651,31.64921650013136,0,3,3.0,465.14764238900455
17.076034311545317,34.23142467109921,1,3,3.0,399.48148618898506
15.342648454430458,28.329882968557037,1,3,3.0,543.9234701078286
12.955750992023804,56.75178778529142,0,3,3.0,523.9236224023216
13.960017425992442,36.320750406107216,1,3,3.0,502.2928035379243
12.502347701597406,28.50482859157701,0,3,3.0,517.1152407367545
10.986325020624186,49.847068663619304,1,3,3.0,466.80330161280193
15.997589569812572,32.783037537462036,0,3,3.0,536.549533503851
16.838892007900355,59.43033848755916,0,3,3.0,687.5570860215903
10.451500796651496,55.29093750110587,0,3,3.0,446.35782530025347
12.895834470648326,35.210287095743894,0,3,3.0,456.27052808393785
11.45064930095978,30.862508256206702,1,3,3.0,373.6216142585934
13.403959080897986,37.97963489767967,1,3,3.0,583.165516862626
14.171805995273187,58.55155796001024,1,3,3.0,556.1615676659258
11.025923864410746,38.925891254777355,0,3,3.0,456.3512627212937
12.935851467381928,27.083968380069305,0,3,3.0,425.3691607442645
11.947021041083879,49.06898306729321,0,3,3.0,512.0063087990911
17.907638310219273,22.645118615141918,1,3,3.0,420.9473100333971
17.878409122910167,32.48516645290242,0,3,3.0,597.1762163301611
10.490498163022806,48.528023865786864,0,3,3.0,343.32388154235196
13.306202096870503,59.22945851480429,1,3,3.0,650.3810908050765
16.970919172512698,56.10866038575579,1,3,3.0,567.480164484918
10.821309570490692,29.125557563087646,1,3,3.0,351.86441427668893
16.534613031500378,41.37379397018837,1,3,3.0,582.999023450588
13.918351180737956,25.800912230940725,0,3,3.0,458.10934090680547
12.190720347988773,41.89825174411057,0,3,3.0,491.1942039002808
16.253527144126245,54.99617447081613,1,3,3.0,584.066004179467
15.395630406856007,34.47097568572062,1,3,3.0,584.027830474487
10.329736923126097,59.747616466014826,1,3,3.0,530.2113915664739
10.705355885628485,39.24305341168576,0,3,3.0,475.45343008561537
8.762861832230103,26.511503208624646,0,3,3.0,335.922672081685
14.713194400025383,58.891069570509934,0,3,3.0,645.7072436046528
17.71832050260815,59.090379331520865,1,3,3.0,704.6254431830095
13.050148386991,42.101624368365506,1,3,3.0,549.693239547919
14.460195108683248,30.799644804835175,0,3,3.0,582.099615490001
8.680157985542971,50.49399877168228,0,3,3.0,334.01218099783057
12.008505825541054,55.33338676737157,0,3,3.0,517.6005516373095
9.734327777422074,42.082436264164656,1,3,3.0,432.6391440197051
8.020362874885002,31.89845591902911,0,3,3.0,325.9778565612066
8.596698239146772,28.781471252214242,1,3,3.0,376.2516010925468
8.893955045931586,33.419686328989876,1,3,3.0,447.8285211157203
11.317865466474787,51.39662562340173,1,3,3.0,531.1374774361366
8.706213756709621,24.038750975637278,1,3,3.0,300.8637397283234
15.261113406034257,55.13282097575182,1,3,3.0,633.377542653213
10.927086049294745,59.54942440792766,1,3,3.0,567.7817170413944
16.989250803634814,26.85735861077061,0,3,3.0,475.9326389778047
10.192235354357086,24.830109168491138,1,3,3.0,398.35713863567537
10.873742836117184,45.06137768138454,0,3,3.0,501.9807916876106
9.015141028962933,37.90024625582214,0,3,3.0,459.23479968137605
14.907962780786509,22.481792076606588,0,3,3.0,475.3448223450222
10.113890219120739,57.48723036961448,0,3,3.0,489.9771055553628
9.560823576012693,23.417835991973007,0,3,3.0,324.52661949715275
9.447762161301299,34.61037495787688,1,3,3.0,507.11949821545886
12.559616615139767,20.396045438285384,1,3,3.0,561.870998253485
9.401762325199668,30.17120622559384,0,3,3.0,357.3479289751752
15.81237028928301,21.509373998695178,0,3,3.0,449.4197719430048
13.99728758588176,49.518649113045356,1,3,3.0,559.320828524237
16.587716320620583,30.63144842233402,0,3,3.0,532.1331855702932
17.575864081636833,33.194309735056386,1,3,3.0,675.3699264399343
15.77621714241161,52.394029230634516,1,3,3.0,687.4512413041781
13.905659716270508,54.97604217238608,0,3,3.0,547.6136654606994
17.40582785343916,59.39066277298084,0,3,3.0,598.583799091109
14.819467810012616,42.58437110494422,0,3,3.0,527.7151789724584
13.51132533785544,33.21942308398343,0,3,3.0,495.9084846888974
11.91454782515897,38.12005228288499,0,3,3.0,474.43362473332724
11.072748508713577,40.79604825616142,0,3,3.0,401.7667201083948
11.475218117552853,50.43478156691631,0,3,3.0,382.5479892948615
15.416290258644647,44.239226218706406,0,3,3.0,561.5235681784213
15.296709414895762,47.57027439709798,1,3,3.0,589.3940674975563
15.309428333371123,44.5439010461513,0,3,3.0,605.9959312255315
9.930975645021164,30.81486073157692,1,3,3.0,419.6823612609908
15.103321799006014,46.49344912194381,0,3,3.0,668.9987538211567
15.61644481172379,27.00614642663623,1,3,3.0,440.2032318148141
11.702641378387167,31.590589302331825,0,3,3.0,517.1988720194382
15.65700840734762,48.20448122394314,0,3,3.0,574.4401164155546
15.380842592886427,31.809488386527004,1,3,3.0,568.3534150788428
11.647249042601196,23.803829370306456,1,3,3.0,393.50663126616314
12.420437556405956,49.866997315101415,1,3,3.0,483.9115949385097
14.930645790076353,43.83229004916973,0,3,3.0,536.8241812504588
12.29387619902757,41.60110421118477,1,3,3.0,591.7171812158231
13.098797908638941,27.109804808491393,0,3,3.0,350.2405471007093
17.3370888936691,31.888034933610967,1,3,3.0,590.844910560485
9.88507151326826,59.024401573590175,0,3,3.0,596.5500495658603
11.064679009289137,33.10658731673782,1,3,3.0,415.363425175083
8.759940134401518,53.27678501741717,0,3,3.0,508.0642009773728
9.505619136281132,25.824975578637353,0,3,3.0,368.9696288827741
8.208174697501395,39.592369764199084,0,3,3.0,381.72669199543304
8.572851125981682,28.35335557114503,1,3,3.0,325.997677259835
16.061268938536102,44.50393270270915,1,3,3.0,565.515695211464
14.970996743834068,53.56317212051546,0,3,3.0,534.2758695737997
8.435944919903182,36.745903530139465,1,3,3.0,397.4615192896275
12.903013718070591,53.37109908050595,0,3,3.0,593.8389627171974
10.73817165872924,32.73232181344958,0,3,3.0,366.8877693223084
8.896430322019736,40.898969942783346,0,3,3.0,403.4960450101167
9.600788532105703,31.713972782428304,0,3,3.0,359.25370508807566
12.765621638571636,28.990625326754365,0,3,3.0,452.73359397115155
14.243417001669954,44.25997962048627,1,3,3.0,512.6851930928565
13.540942395620004,54.75996097116673,0,3,3.0,542.9526315965524
10.460610197223472,31.506265561201644,1,3,3.0,431.89959669223776
13.518948629476165,54.306304700423496,0,3,3.0,511.7468705236713
12.86628480301331,34.785050289599376,0,3,3.0,491.07062794767234
11.498117825926862,45.007138136375154,1,3,3.0,549.3258893140928
15.52358894197728,26.78506225138602,1,3,3.0,492.7275493425208
11.787053002988216,26.50897005538517,1,3,3.0,476.3785199456961
15.806967770136318,29.172462811506,1,3,3.0,586.806846225693
13.842386812712707,25.340907952089573,0,3,3.0,455.8337640719687
14.027791293866999,37.41164223361226,1,3,3.0,456.51282585591036
12.128903567993499,25.491115437627666,0,3,3.0,418.0373408499081
15.414974063135396,38.510267456760175,1,3,3.0,590.8990323741244
10.391346894164702,53.41007936606842,0,3,3.0,510.5953613572139
14.293948152893927,27.29108541423423,1,3,3.0,472.78987181469023
12.358424130324936,55.68196578398205,1,3,3.0,502.3362047396861
10.134805084647137,40.67176669072015,1,3,3.0,483.67152690639085
8.296617330008928,54.222737259534696,1,3,3.0,415.8380262852686
17.564674126149104,28.30813969009627,0,3,3.0,532.6781016742871
13.985109481246571,47.518864372449904,0,3,3.0,556.3187512067575
11.395082953748092,48.66951719789285,0,3,3.0,442.55715322019245
11.313988737317816,21.196600067404287,0,3,3.0,437.5006956826087
14.623087979416232,48.97666755862664,0,3,3.0,544.3107450587202
14.094764046750173,29.025827411330802,0,3,3.0,489.7272022787911
10.330642122055064,59.86874297232693,1,3,3.0,574.2174489532334
16.967105768399414,35.000064084364304,0,3,3.0,554.6102635213969
14.839533070926219,31.976622043351142,0,3,3.0,492.5610228718525
16.242825981336598,34.91816358773095,1,3,3.0,552.576565201417
16.148666756537214,38.12054621395112,1,3,3.0,593.408883212371
15.768910332889515,37.90190447461286,1,3,3.0,487.26630689949565
14.326821766141025,46.29012513832249,0,3,3.0,518.070355056727
14.31819111296674,59.370710888116776,1,3,3.0,594.8774055343935
12.37655700849225,38.27801034361266,1,3,3.0,460.1848179730185
9.501577023903689,54.40116077653916,1,3,3.0,430.8822875483738
10.575583514185267,34.30184258736652,0,3,3.0,456.60748495571033
14.874046318518953,42.1624029006552,0,3,3.0,475.1516083509813
8.866701592606054,41.97793757046315,0,3,3.0,420.45778392689533
11.031662635750493,49.81115197120765,1,3,3.0,473.82388986852555
17.581952701898434,49.78565810036816,0,3,3.0,541.6649766411655
17.057513274795905,29.058948973593267,1,3,3.0,513.0928574242454
15.545598286087776,53.25253042592778,0,3,3.0,614.3050293386044
11.06488592612729,49.45579463716826,0,3,3.0,513.6400105553809
15.469836735545007,29.08835401814402,0,3,3.0,535.3926615951826
14.870905699698556,20.841708122864485,0,3,3.0,540.165894499337
15.539634622025726,37.65460494161664,0,3,3.0,466.8893157738224
9.051682618530442,49.912274997890286,0,3,3.0,401.07341473918683
15.642152274207122,38.41296242420616,0,3,3.0,566.7603428150039
15.827930691933938,57.40773042520234,0,3,3.0,663.0926571513554
16.52174952791596,55.62148047973001,1,3,3.0,590.9034601121916
8.420862697340551,20.45627020900934,0,3,3.0,392.69349783217444
16.01752273248225,51.57983811346703,0,3,3.0,534.7193608798386
13.454550890299556,42.59478309944768,1,3,3.0,548.8800096520563
16.565148933804604,59.381751764585026,0,3,3.0,643.3316365320684
13.028905234887322,51.98488872391769,0,3,3.0,603.8102649739411
14.16253241228865,58.74950434597948,1,3,3.0,546.1960776217887
8.43155248967415,40.45632986342461,0,3,3.0,441.5367047708837
8.408847912998699,53.058969088465496,0,3,3.0,483.3010578442235
16.230146202988657,43.461550239256276,1,3,3.0,592.2594724187368
11.851553070562623,58.048276190257866,0,3,3.0,534.4724254199381
12.779220536497634,29.947414954191053,1,3,3.0,526.7406608946294
11.879772016837906,30.139458780930944,1,3,3.0,566.8924350153154
9.173321875996985,50.08902187481152,0,3,3.0,458.1690531365281
8.749079492088333,25.469701601818162,0,3,3.0,323.04459339094603
13.497206682437598,57.68533741046565,1,3,3.0,618.6776207605623
9.752014642193418,39.48679498264329,0,3,3.0,415.09941420110175
17.314733826593788,38.58498891056342,1,3,3.0,536.234751958306
17.783443452770427,23.4578444828123,0,3,3.0,537.7107863551233
15.512210930338979,44.81146922937738,0,3,3.0,544.7388473373618
17.150835941194178,49.15142420753761,0,3,3.0,597.2116066615868
12.477091986961923,25.38525568439987,1,3,3.0,431.79090134379686
9.35845881847062,22.502983101312385,1,3,3.0,351.5976316898259
10.002517794184685,32.59807814586854,0,3,3.0,400.09937012034925
11.572230780825146,32.607216357276656,1,3,3.0,424.722404456951
10.99079442284722,41.663785838671224,0,3,3.0,459.2585443246139
12.523203672731672,52.58883871526468,0,3,3.0,443.05971604544766
13.572660690239177,39.244321191918395,0,3,3.0,360.49612168267555
10.857311973165572,20.90718348461124,1,3,3.0,495.6610534531676
13.881507641859887,28.708829837816804,1,3,3.0,371.9827929032738
8.56954075585474,53.72260924454486,1,3,3.0,492.0966326360918
12.736214954806897,53.88887088652525,1,3,3.0,597.0844866364699
8.256741287290138,47.39810140381647,1,3,3.0,409.35625087068416
13.654223707328544,33.19986723487529,1,3,3.0,488.6622771603502
16.439799573458618,36.90647325211146,1,3,3.0,619.0843443167972
13.330559089291674,48.981320098899545,0,3,3.0,496.38076415151147
13.909295873106625,39.167720339424974,1,3,3.0,572.2754357246
16.32197769624645,37.14479055227584,1,3,3.0,628.8133227337154
8.759018030470678,21.864845680492955,1,3,3.0,431.33940531558403
10.308449145373066,44.59747573289048,1,3,3.0,450.00154483707655
10.388267197235225,43.2672907134898,0,3,3.0,523.3928822607177
14.576739654442212,20.56863172697645,0,3,3.0,501.3886961123391
10.860736671403355,27.947743345084227,0,3,3.0,398.9947775295014
13.357061945477243,26.103094658864855,1,3,3.0,536.2880812554253
13.910858044977402,50.2563447339191,1,3,3.0,650.3125230677963
17.39052422236052,20.95616770823586,0,3,3.0,513.1576215607703
