age,income,distance,log_income,edu_level,transport
27.103400117147146,40.11011214091033,15.592179126752864,3.6916284756122675,中,汽车
39.3691276489777,19.92872266277212,8.919189854836368,2.99216204099025,高,公交
45.7851507517259,49.16873137525896,14.853883145289998,3.895257880303102,中,公交
30.203666646675536,39.18736904612649,15.449258464179117,3.668354476661916,中,公交
27.55506600511267,27.408445961847413,17.15589154471511,3.310851212678498,低,汽车
21.737714089751744,10.747615722461322,10.784378552255083,2.3746839367144976,中,汽车
28.816951611258844,36.452353026610744,15.898531213463682,3.596006011284963,中,公交
41.53391750923743,16.43137185537182,19.814097125049077,2.799192425542915,中,汽车
48.888686372421375,29.722731685952727,4.40485776157837,3.3919121296887322,中,地铁
45.34554582231916,49.175679747760995,14.510019272469975,3.895399187214888,高,汽车
29.991566700391523,47.76089517310249,4.071413198328893,3.8662072120641082,中,汽车
37.78840949767164,15.363536091291117,3.727052891420321,2.731996915501051,高,公交
40.947885269156316,40.21468624123278,1.0639125070248001,3.694232258292345,低,地铁
54.346555207998016,40.73726117492975,13.53983161043309,3.707143181610251,高,地铁
30.447423491617368,33.14540143390679,10.985327245670629,3.5009039870668905,中,地铁
49.55366566853363,36.5657712615044,9.20360658375858,3.599112591389958,低,汽车
55.778618564036336,41.45280159246539,8.556269099415555,3.7245554689827585,高,汽车
48.15755891342625,36.73183399588732,2.2070076675690062,3.6036437904088006,低,地铁
39.50653970639854,10.32726262732217,19.957880349084622,2.334787255500032,低,地铁
20.265782822478894,11.093234492160736,19.88699101509542,2.406335417283732,低,地铁
49.64584587741206,34.501692640891505,11.62389029284848,3.541008384888637,高,公交
59.542909289766065,40.241689119383125,6.644896885516767,3.694903501038322,中,公交
39.40360932336621,38.607329035598696,3.8078022837420944,3.6534421298360615,低,地铁
44.37223242610392,37.96104952181587,18.007721962698774,3.6365606214579413,中,地铁
26.532297066080798,36.43431949832715,15.532634400031208,3.5955111738057135,中,汽车
39.37857366194691,17.621478894356052,6.395368086597591,2.869118549696213,中,公交
56.89326096536435,21.18581762399345,7.856549437389877,3.05333197781069,低,地铁
46.40865614928042,33.384914258372895,18.82551119241568,3.508104129038536,中,公交
23.09097629723681,16.767608227147615,12.97270750229182,2.8194489435495806,低,汽车
35.24048193478332,42.26974806873245,18.1933532328709,3.7440716545120245,中,公交
51.159504867491236,17.892752828050227,6.701179206032595,2.8843957609234177,中,地铁
44.347843649533615,34.26892765672182,3.061927468242496,3.5342390443762786,低,汽车
50.44593436253287,40.00633800227558,3.7038685411589283,3.6890378916189412,中,汽车
52.09550882860028,13.665289274996093,11.79278821791447,2.6148589882006896,中,地铁
55.32918762499163,29.283357291662668,9.912864702048129,3.3770193441204728,高,地铁
31.769708764808463,26.471683588304835,6.803490096327127,3.276075617854648,低,地铁
49.14753121519848,24.721971014767483,10.742447394401648,3.2076923630180336,低,地铁
37.76412721328546,26.239546705931684,15.578265481011174,3.267267689000291,中,汽车
31.686420493629473,45.26170390295872,10.090569808292553,3.812461286490988,低,公交
46.927375398613776,47.73180512561704,16.656109021260566,3.865597949821145,中,地铁
43.79771824420655,28.219067886431883,1.1113955004800533,3.339997915632236,中,公交
39.34045914520759,39.7407257877443,17.807901962638145,3.6823765003626416,高,地铁
58.65015102602548,22.946327298470834,9.615946129052718,3.133157893132577,高,公交
51.87029575016327,21.270165207885622,1.8107879976300287,3.057305396360431,低,地铁
48.94009560639743,34.09353944048191,15.203131861555844,3.529107907116401,高,汽车
51.301468777181796,40.593772302332674,8.981775677676522,3.7036146632738363,高,地铁
50.227233845477926,15.20034401692862,6.9600220162885025,2.7213180602887874,低,公交
25.242698550860293,35.99388379074368,18.82096783744444,3.583349029320806,中,公交
34.87920189425206,43.582182265471474,5.804015843309072,3.774648403193273,高,汽车
49.937613381608486,18.143887359137423,12.405526363298724,2.8983337193656555,高,汽车
55.62048244747377,41.02813207820872,5.070173794996672,3.714257979661215,中,公交
29.944815171255325,18.944751305526427,15.466347945272744,2.9415269172018434,中,汽车
57.751595162552604,19.891771550891193,12.130484986243852,2.990306156314958,高,汽车
21.303605678266308,36.00112651148611,2.9211423751361907,3.5835502299522513,中,汽车
40.61487293067941,33.94452335809683,12.986053808878296,3.524727526061178,高,公交
30.29113396881364,25.578166326153003,11.768327449334503,3.2417391096935986,高,汽车
53.75011947535534,22.200337533382353,12.544752533632773,3.1001074929690633,中,汽车
23.880779185193454,24.52372499287566,16.430158707583193,3.199641016041924,高,汽车
37.430792871860824,44.359641808800234,3.7436074221839712,3.792330087805748,高,汽车
51.3551264821939,35.91231578047991,5.8838912028942385,3.5810802946153952,高,汽车
56.81655719474413,33.49072931881449,14.221743303598027,3.5112686637805335,高,公交
21.083275454442642,28.59089759344574,17.607244534309434,3.3530884012050106,高,公交
45.79181659942837,31.438998204579956,1.3521491945934367,3.448049103331335,高,地铁
31.191561303437304,31.28939655481108,8.141834120535044,3.443279271934294,高,地铁
41.279311643463515,19.44137569289555,2.9483051207603443,2.9674035626239412,低,汽车
30.507918521942813,39.891974302953024,3.732181035927769,3.686175158373993,中,地铁
51.73233758745536,44.33431541301801,7.445406393429037,3.7917589914816268,中,汽车
33.88223976819338,35.791235024510776,18.742847698845658,3.577703031712901,高,汽车
34.8595587877082,10.886254583946023,18.833644580088386,2.387500946101405,低,公交
47.89647197855751,32.83429738477774,6.8826061968634304,3.491473621051805,低,地铁
30.927471550751026,24.048502035833184,1.9855775904170336,3.180072709199612,中,地铁
37.74604321702125,35.29955448081444,4.846607036556138,3.5638703429195058,中,汽车
49.67884046088351,12.180447977136621,15.768340610982913,2.4998320413374637,高,地铁
39.631259344481414,18.862770471131192,14.238357196202209,2.937190163083606,高,地铁
45.95869232855293,22.143618878707528,12.922729632859546,3.097549368246122,中,公交
35.26133484683733,47.04049073579684,12.095188932501783,3.8510087358445615,中,公交
21.290775923209964,26.50373974007787,16.40805812569565,3.2772858453024556,高,汽车
57.927053076336705,20.236676474363744,9.855198545379888,3.0074966251239466,低,地铁
39.99879473512956,30.815222943414085,8.465650035492384,3.42800881928708,中,公交
38.028021707406424,13.642984674621218,3.509842390597947,2.613225446265675,低,公交
28.769805141668257,31.476364549227046,7.871651176345729,3.4492369324212433,高,地铁
56.0889941198291,18.442338685130753,2.2112544061694814,2.914649036829065,高,公交
37.845768732986656,15.550877344403723,12.49655002600311,2.7441170578956218,高,汽车
38.92396110558209,41.35383728308044,16.65751428795284,3.7221652172385364,高,汽车
41.06021987280466,38.61003152838807,3.26000750823663,3.6535121268618793,低,汽车
29.571464237606968,36.53464017147399,3.87844374233652,3.598260856323023,中,汽车
27.589605428758432,16.74196198498651,3.195331631538237,2.817918261597759,低,汽车
21.99154454407728,33.58402695289605,19.747995244375673,3.514050565629648,高,地铁
31.310476287366605,10.491771025566493,10.562016518876765,2.3505912380499874,高,地铁
24.383460019836964,41.93176416799539,6.888669340260406,3.7360436344210095,低,汽车
33.19541013946868,47.951759337297574,5.823105255891377,3.8701954917365873,中,公交
51.254822833024846,24.34051987803013,11.077916244752666,3.192142446330054,高,公交
29.003388582439488,14.785085549098556,4.6626317994015105,2.6936189394965986,低,汽车
36.158531635251904,12.495710452697114,10.555940816510857,2.525385421629859,中,地铁
49.668289984088695,35.48746432590104,17.656901945535484,3.569179516540424,中,汽车
44.220164874933054,47.79311944956701,9.29335936886281,3.8668816845666685,中,公交
47.69739087985271,47.10444449429416,5.286414495846176,3.852367359506652,低,汽车
43.74121853088441,36.33806348621362,9.90861458201105,3.5928657727813045,高,地铁
52.59739501526684,35.24610164894296,7.470320541230681,3.562354931623236,中,公交
39.76911803971073,49.90514239779156,4.511378573109237,3.9101240515117266,高,公交
20.23925996965463,18.6847862232805,19.61246223419327,2.927709621784521,低,汽车
58.31004391453951,11.43196298158129,12.526816701056234,2.4364132024821283,低,汽车
50.127018527908135,15.100286859224394,12.80057311915003,2.714713740940061,中,汽车
58.156411923151595,49.72566702210543,14.677945900265447,3.9065212388703863,高,公交
33.6337101220556,33.047964594726615,11.863170249171915,3.4979599787651137,高,汽车
42.26195844580837,35.12108846061209,8.86459462915268,3.558801760900894,低,公交
24.82902384955363,39.80662501324864,17.410509759442018,3.6840333560571725,中,汽车
46.925541575456954,26.63453412356477,3.805511947867119,3.282208649078944,中,地铁
33.16620793986405,30.19462909781014,16.43504243164069,3.407664064121253,低,汽车
59.98314207968886,25.448189665406634,12.804705801568149,3.2366446074765447,中,公交
45.19114631439789,17.586440035531684,13.079776254628689,2.867128152566415,高,地铁
56.99357720837884,35.1641940711596,6.06367836573721,3.5600283510033806,高,公交
56.01141141445842,28.76291592610184,7.746113085226034,3.359086915964512,中,地铁
44.30393314774641,47.08240798185959,13.404947947255891,3.8518994276826803,低,地铁
59.152577195221156,22.585298460443497,18.336567220829973,3.1172991840045725,低,公交
22.50713655770302,19.040877599158712,13.472165579661905,2.946588120693787,高,公交
46.7546120040301,14.399844538534289,3.3398538363605863,2.6672174105885595,高,地铁
47.328891600988364,43.46508580644275,18.647269068205905,3.771957990679378,低,汽车
27.553449351479724,15.12585680656223,1.9231720676190183,2.7164056506801977,低,地铁
30.362274216002128,46.53970709657973,12.053089309556002,3.840305864269892,高,汽车
22.785689137268506,37.14678199351407,1.3851732477065135,3.614877145433781,低,汽车
27.488683259611214,24.261925932741825,19.89548289677925,3.1889082875348116,中,公交
46.22239946031613,39.0153399542821,16.504797049640572,3.6639549009559094,高,汽车
58.95404288896051,21.509752651289006,10.817744324722057,3.0685064439707976,低,汽车
49.15860315876772,42.749205326234915,2.914952304076049,3.7553506063499924,低,汽车
35.526617780823,34.36495488079791,6.81346060344064,3.537037291632154,低,公交
42.86218636601201,43.85982875055524,4.598238185752393,3.7809988385260147,低,公交
57.460334626745656,11.226920414682922,6.361549553538234,2.418314502708569,中,公交
59.59190860547799,44.83447425082909,10.621043794781418,3.802977358023873,低,汽车
34.80698598534342,25.002416494626107,3.5675518937287056,3.218972479981989,中,汽车
21.687325072450836,44.937811897812,13.512464851077844,3.805279576159532,高,地铁
40.84103400332117,27.209496576375578,5.934634751940623,3.3035660512045077,中,地铁
57.44053254561964,32.00701100619304,15.709203754964266,3.465954972745686,高,地铁
33.39940193761669,40.97502127191112,2.861902744619148,3.7129626437734102,中,地铁
40.06983661182774,13.002526556761689,6.882866563861232,2.565143689098051,低,公交
21.403627933742992,11.46248269909961,15.374925587361874,2.439079328233537,中,公交
49.00041296009351,45.97656146721336,13.552008897643253,3.8281317333114306,高,汽车
39.37133055547412,24.726451147917437,10.538481891512905,3.207873567309951,中,汽车
37.92507514522866,13.510909506224614,9.473608396606197,2.603497470670225,高,公交
32.48057968645886,14.64040564644042,12.813221877203226,2.683785216239496,低,地铁
52.62197783316546,12.16358833587147,18.754321547351722,2.498446926417007,低,公交
39.613391112469216,39.90394962830451,19.66900338368636,3.6864753071748693,高,汽车
50.812574072610225,33.42808194243925,2.0065442610581763,3.509396323447638,高,公交
42.75977684672428,27.647008724233846,9.213142742046726,3.3195175385440665,高,汽车
31.107573054272457,37.89828791844354,5.498501081151824,3.634905937412177,高,公交
52.95529462614049,19.53928396507493,10.433970431076817,2.972427001371812,中,汽车
27.636188467342407,24.483282108245895,17.695735560799086,3.1979905217063975,高,汽车
37.50008062037732,30.54368165212367,13.133554593525366,3.4191578443296677,高,地铁
22.124768638570636,36.587172384063805,12.618547521006292,3.5996976976646597,中,地铁
29.174897473450677,42.866473458868015,12.50155914413227,3.758090015944879,低,汽车
28.084892270982333,19.995910205505773,4.476485610572132,2.995527762918405,高,地铁
39.36126337055449,31.21013511930645,2.309605719877066,3.440742885632703,高,汽车
53.2270773902072,29.38393189978269,14.343545329395258,3.3804479909194822,中,汽车
54.67339006581499,26.92082687613771,9.354686686462317,3.2929002203574624,高,汽车
52.23234950998446,16.036006612713457,9.240794615937482,2.7748366071469412,中,公交
58.61993633293367,43.78338233472354,14.732766579277833,3.7792543466418813,低,公交
21.62780357592251,21.07789524373361,5.0474033499397635,3.0482248725655117,低,汽车
31.675997354834678,14.299332828891291,8.425763453245896,2.660212880855181,低,公交
27.010751454630757,32.59842729471568,19.26576261392276,3.4842640447155713,中,汽车
28.410836580720087,27.028155301453857,13.543543814990484,3.296879111620359,低,公交
28.06854635736837,35.41656898710579,16.717436486551687,3.5671797611214826,中,汽车
45.51667615355813,17.876881403435316,6.862102110230989,2.883508336380366,低,汽车
52.04311692859846,21.858876160137047,13.507635845252498,3.0846070706371074,中,地铁
51.70099247694717,30.135231276770078,4.925219939908311,3.4056949615951235,高,汽车
20.575655505412502,27.198737405519594,4.738492840633635,3.30317055330984,中,地铁
36.636155939713426,31.835224966913998,7.624205501778006,3.4605733800975145,低,公交
52.9678661126585,16.0020853935958,10.90116840071541,2.772719050846377,高,公交
21.0027121754526,32.297075983877086,2.134802072131973,3.4749766993158606,低,汽车
32.784187393119346,25.511205429622756,17.9126934931005,3.2391177842565595,高,地铁
59.49579998742209,29.393195034643433,14.748355810158113,3.3807631861466243,高,公交
46.05138012066099,45.36426866628956,16.230149796078127,3.814724761391449,低,汽车
42.656547270261214,32.365968707779345,17.274996035442623,3.4771075222703787,低,公交
53.33565443828722,11.478284862610595,11.615525945898863,2.4404569775181777,低,地铁
26.83437328024841,45.403519954624784,19.02327171067306,3.8155896340820425,中,地铁
42.33404315834578,15.236547246246479,16.089713353770364,2.7236969659449692,高,汽车
54.83088786327141,24.65594742662318,13.088643568057813,3.2050181463003073,中,地铁
43.160417028171864,45.63334190471724,5.1762369876256695,3.8206386314579173,高,公交
46.67778637739738,12.125073690419175,14.330730388818797,2.495275514365423,中,公交
54.674849564244695,13.409569375440512,17.566860338228008,2.5959685845811498,低,公交
49.5689759262889,39.327131000657914,16.152443754291795,3.6719146369397926,低,公交
51.61236221504921,10.854533706365741,13.149178964892236,2.384582845831431,高,公交
36.28245661475815,14.333349782891451,14.486305234094417,2.6625889746683837,中,地铁
44.850971686892294,19.75588083848477,5.9377416700225085,2.9834512109981497,高,地铁
52.139425099537874,32.66690164211107,4.566887625780839,3.486362383102441,中,汽车
21.221883410253298,26.37638694238134,2.454019539839053,3.272469175906793,中,汽车
28.171833168225152,30.070230654054416,16.532037244249505,3.403535667541502,低,公交
32.628041086624734,18.28421187929882,14.734143658696672,2.906037948637906,低,汽车
44.742129731531946,40.6434326587621,6.458330794013007,3.704837264731852,中,公交
28.068759090125734,49.99410845537376,7.923075200948458,3.9119051675930163,高,汽车
26.95575201823064,32.34715709482105,9.315596925416585,3.476526137481594,高,汽车
58.805265269360596,45.70052517274613,18.907781513096722,3.8221097895791214,高,地铁
53.40072289482781,28.318928840953475,3.852262027509905,3.343530444697536,低,地铁
27.15194099923965,29.953232939976782,15.133328751282384,3.399637263309377,低,公交
41.302675434849775,39.38626597113895,3.5387710202838196,3.6734171761232455,高,汽车
24.727138292470705,49.51070161221605,1.0922324416516958,3.902188840394232,高,公交
56.54433615328643,35.131863843709105,2.1462975163802103,3.5591085204840316,高,汽车
22.669538801599384,40.87808815562391,11.796810342152536,3.710594177571493,高,公交
26.395309620510744,16.12277674766801,13.43713633467431,2.780232977062439,高,地铁
28.004935517558508,41.77077309682054,12.321441231362844,3.7321968867606095,低,地铁
25.608787729462147,31.441790703574615,1.0028714322011874,3.4481379221596287,高,公交
43.45114095994811,26.569329464026666,4.067351847869665,3.279757522871666,低,公交
52.23613177113441,40.083449806029485,7.5400948793268805,3.6909635260772684,低,地铁
56.45411883662166,32.098908891789996,17.75944651317926,3.4688220386482973,中,地铁
53.811871027580565,27.09056759844715,4.337384868738573,3.2991856082011375,高,公交
27.021266001387495,24.55873979265388,4.710738333777773,3.2010677905884406,中,公交
44.98959400452799,32.70149953418418,13.193077492948198,3.4874209341662943,高,公交
45.55940112681239,45.04133393191344,18.790238904472503,3.8075805999984103,低,汽车
40.700082612828375,42.01257506344669,3.686208104701363,3.7379689797427953,高,地铁
46.919340680613956,24.091098659248928,2.070052631190163,3.181842422031376,高,地铁
47.81865153030273,18.17546683539628,8.982294757624594,2.900072708668602,中,地铁
55.589165315151824,23.01212938172114,4.076877508475645,3.1360214413440604,高,公交
57.3095482995774,30.127868388414313,3.633572613000218,3.4054506034909666,高,汽车
42.42518865381403,30.432817675739415,7.8447837477634215,3.415521554947186,高,地铁
34.984257459510665,36.97040692256303,4.348972497091164,3.6101177797195327,高,公交
42.90334204669564,39.631703254707226,10.682012814121174,3.679629385201492,低,公交
45.692098877747775,29.107272861920748,19.102221487418518,3.3709880694775016,高,地铁
22.08454285652943,16.574939279687968,7.988855105988932,2.8078918726979745,低,地铁
45.68065239667594,36.16912166791409,3.6482019682166533,3.5882057622274695,高,汽车
50.13129008445293,46.41208279813892,17.04141884010609,3.8375598304649823,高,公交
36.99656933303074,18.23069468255982,3.8348456300072,2.9031066945229456,低,公交
36.87696827636438,20.88400555089974,12.952368716750636,3.0389835813450405,低,汽车
52.15115830061978,29.573252337808427,7.267575268800613,3.3868703155675606,低,汽车
54.20340685121309,22.151193898780754,9.930641320515353,3.097891395660714,低,地铁
52.642559044109746,32.18366068343377,19.770822757425837,3.471458891571581,低,地铁
33.084384948155254,35.186232327139095,6.206121872401576,3.5606548790239962,低,公交
35.103773342991715,38.22843283209053,4.902551149241007,3.643579553723704,高,公交
27.179900433274653,38.201130593153266,7.657008872509946,3.6428651118539612,低,地铁
31.23122166252547,17.80965793448038,5.6817883726732274,2.8797408907431996,中,公交
59.55131527973645,40.42838708906287,2.638076379731918,3.699532188943042,中,地铁
50.9028096262087,43.726520759296676,16.18463173679402,3.7779548003866834,低,公交
40.903162128520336,48.20113872521319,4.807767083907604,3.8753826457819116,低,公交
27.452962780202913,23.54565257326142,1.8428550560342125,3.1589411993131957,低,地铁
52.470460726297524,36.65514690454398,14.363912762475682,3.6015538524302793,低,汽车
52.34754264406293,34.29463065624499,12.306628498265653,3.5349888012838733,高,汽车
20.597737160213207,28.519454873237947,18.958702460073653,3.350586481521837,低,地铁
23.20759910085639,15.753471782291001,7.332358825622687,2.757060771602033,低,公交
27.24932783468195,11.937317511199907,6.194259605538415,2.479669418670098,低,汽车
55.397682264832476,11.328678157428339,18.781341099105376,2.4273374007516817,中,公交
42.71063937918108,49.455794936496304,6.5745219262881625,3.901079238998446,中,地铁
59.59912723919963,23.046408774190624,8.85593807532622,3.1375099557507826,中,地铁
28.061614170163843,27.314211783739005,13.210272714825757,3.30740714489605,中,地铁
42.88296260206551,16.023717146053357,5.764568615836749,2.774069946313896,中,公交
46.63805811336418,12.621396018678999,2.263795440573335,2.535393470541848,低,公交
45.88631403488443,19.38128375359807,17.929022580148093,2.9643078454245027,低,公交
52.20463467139078,19.5625622359738,12.2172872837029,2.9736176496869433,高,汽车
48.41414013551601,33.54680486902253,7.6698457734454095,3.5129416239801015,高,汽车
49.87823282103936,19.95168636264143,16.43923653818661,2.99331366921917,中,汽车
58.622025128989776,27.22151204446395,10.647030613539293,3.304007544705657,低,地铁
55.166952288040704,20.88011600432658,9.69668566332957,3.0387973187617723,低,地铁
20.92915486449695,33.52228810277174,4.377913383763159,3.512210534106764,高,公交
56.27812240759199,41.27397067917383,12.929984447605758,3.720232051377093,低,地铁
56.53283819799237,15.862713397033161,19.212908699600543,2.7639712858756686,中,公交
45.57201267465331,44.680245730999474,7.3158085027057,3.799531473984432,高,公交
59.51331972443745,49.80415666638621,15.402810738410574,3.908098447743925,高,地铁
56.051893959562584,27.962661698830754,4.475098265023612,3.330870109502461,高,地铁
44.52576376311428,17.422818198995714,11.385006458086016,2.857780737845532,中,公交
34.76309453088752,42.193511570988065,1.8853995546838322,3.742266454978582,高,汽车
44.275510607556164,16.558785784778674,6.035165314431895,2.806916824093711,低,汽车
55.00763093718334,27.4123806718759,13.47374751863565,3.3109947606793892,中,地铁
53.23783797834243,15.571124161436547,13.694693843896609,2.7454181837171983,高,汽车
42.11226475117017,25.331558134791692,5.924747249508645,3.2320509755363065,高,地铁
49.79467280247022,28.694008636241332,18.80293642376288,3.356688342653407,中,地铁
30.317464836279974,44.24678206578384,19.729338709314096,3.789782647132388,低,地铁
49.97565136054301,40.83646003174972,3.544697104026681,3.709575310591286,中,公交
47.36449059119643,18.67732078306846,18.11736565319556,2.92730999548346,中,公交
55.44385358096275,47.8563645964196,1.9821960937821879,3.8682041204731563,高,地铁
55.84413995492133,17.34235519416556,16.32443567490139,2.8531517864754457,高,汽车
39.32916963024983,23.49943336717063,7.29743750347607,3.156976308824121,高,公交
28.623420116184185,42.71671567851821,10.650405623341182,3.7545903115120076,中,汽车
27.23973415740806,14.184353638387389,7.109867205518689,2.652139500665517,中,公交
43.63793920793097,37.79464296172824,17.817984533235336,3.6321673719930305,高,汽车
25.366029983776826,39.893756604189726,10.714776509670397,3.6862198355666873,高,公交
31.364566705928254,32.151870879055465,1.0549321154046447,3.4704706411850994,低,地铁
58.76477551704565,42.42457020341915,7.23229218291541,3.747727680330474,高,汽车
44.934568064840846,47.537378751908555,1.406834708814233,3.8615163226733404,中,地铁
30.37776862254173,45.45895110060004,19.369624389081235,3.816809745140174,低,地铁
28.996050806924664,19.562832899237804,16.38254852655874,2.973631485369015,高,公交
35.18186619108773,41.58909760883561,18.591656883529822,3.727838056208433,中,汽车
48.77106083748805,21.429821005277457,10.943764467278942,3.0647834569203862,中,公交
49.7548401424254,11.163591029767016,4.850711762742381,2.4126576820549372,高,地铁
25.200724143901976,26.128560241162617,4.368228876906134,3.2630289781737734,低,公交
40.48624377101892,14.637338359914484,14.748366843049041,2.683575685987678,中,汽车
31.356249533638216,14.105774167765306,3.901563508584962,2.6465842289999064,中,汽车
20.965013181527098,15.89049714559987,1.8045518173351671,2.765721266755233,高,公交
54.74550328789074,33.083864433641274,13.554588000015865,3.4990456841801474,高,公交
27.740832308570514,45.73918671390643,4.550354945187656,3.822955407804866,高,地铁
43.034316016917245,21.889349720714645,15.925778331913865,3.0860002044107713,高,汽车
52.03660010143206,14.207520714989048,17.423052400094488,2.653771452220035,低,汽车
43.36574544892338,39.45104923320774,13.928886386453852,3.6750606434707174,高,汽车
29.073140481761456,13.018631894163285,19.09601216231848,2.566381554006218,中,汽车
23.975133226263488,15.557194372607608,18.291276033807517,2.744523192248672,高,公交
47.47121260678699,13.267673114808556,9.850385731604474,2.5853304836701043,高,汽车
31.19855886961275,40.794407982736814,2.6283264460528004,3.7085450127699926,低,公交
35.05938538937452,29.320762643278098,7.291693458610565,3.378295887706026,中,地铁
52.65438966388653,23.241832863664214,3.57106082506314,3.145953795640853,中,地铁
54.98707378679191,38.863303885368346,7.08403728295679,3.66005046054548,中,公交
54.21864780392262,23.615284981602642,8.609994997803842,3.1618941710966766,高,地铁
22.502770027815536,49.19591947779233,4.384859670092816,3.895810682615517,中,地铁
29.96321411874124,49.66463919751894,14.850014350105592,3.905293194917664,高,汽车
51.31501811912826,16.5048037890071,18.970560861481264,2.8036514772615826,中,汽车
54.88730929033361,45.04156273029084,1.596186349521595,3.80758567972799,低,公交
24.84634945279407,47.01362144395582,6.363243121186296,3.850437377677454,高,汽车
47.2856981057448,29.574808273814632,1.298242364127669,3.386922927132183,中,地铁
42.333556645909184,18.279252979365875,17.67799173119244,2.905766699729603,低,公交
51.32965222004745,17.335076490811687,16.71299762597678,2.852731991634416,中,汽车
38.59227242932177,22.657212376162086,13.774192595208262,3.120478228445485,高,地铁
55.18823481848627,10.693923643322991,17.210731516645847,2.369675696359193,高,汽车
38.02970014488635,21.28335023134575,15.046538633655084,3.057925087765288,高,地铁
27.333308637463084,39.00624702412988,2.426667210610218,3.663721813408077,低,汽车
29.57796014007696,25.989737664601776,17.02326226532233,3.257701754897254,高,汽车
23.41792149802377,43.49369866292799,14.01464766591423,3.772616069278164,高,地铁
51.795155982774396,38.53749248086355,3.7857311129709537,3.6516315981000487,中,公交
26.705564349129403,42.13422379183703,11.240586686961205,3.7408603271212506,中,公交
52.60506205972373,23.294678539683268,7.2747658071579355,3.1482249456321534,高,地铁
27.688133744125683,13.823921817741516,2.2244281521223863,2.6264005565003887,低,汽车
52.91887240118058,39.71125353669843,9.992305511409828,3.6816346119251664,中,公交
31.179750200207575,29.301462647114246,5.797853949275472,3.377637434473807,中,汽车
54.16350820436894,15.192063768984344,2.5002383685814773,2.7207731710383225,中,地铁
54.35947047435781,35.695715338643545,14.864879611721197,3.575030663057403,高,地铁
49.584416170229446,32.063036370838674,13.550630370519873,3.467703851706108,中,地铁
23.777445753999476,42.14521429594042,3.9575927775558775,3.7411211381663896,中,公交
32.69612411802268,40.911735569099804,11.250034263470043,3.7114169551211136,中,地铁
41.80326007309476,33.87458425432422,5.933415436667303,3.5226650061894733,低,公交
25.577631680339174,20.912225742904052,8.250617405024297,3.040333951721462,高,公交
59.21562130725922,43.029754832720066,4.287345630698049,3.76189184924469,低,汽车
20.479677024603365,15.699056092153064,15.383542021686694,2.7536005890279784,中,公交
31.563210624695557,38.933856405473406,7.953265289248839,3.6618642167078583,高,公交
50.28596480954037,28.43502793479347,9.614865527628977,3.3476217631670537,中,公交
41.271158989995826,36.27670720420266,8.204822697529224,3.5911758604940553,低,地铁
49.62694165855088,49.435406683272184,18.79469652463984,3.900666901941579,高,公交
29.1271427816639,39.18134681336534,18.340891401441432,3.6682007869476734,高,地铁
40.42773618317511,20.44678913569776,13.015938189409798,3.017825859682048,高,地铁
26.760785244277052,12.239504956102554,6.952678272517869,2.5046688315034054,中,公交
36.71703623952987,38.550447738592425,7.867177753078203,3.651967714431967,低,公交
45.444658215284434,19.360077368802617,5.468452859294183,2.963213078162895,高,地铁
55.78111023938002,41.4494606354239,5.481768835444788,3.7244748690822607,高,汽车
39.7541714367464,13.258039163687618,1.427786340796216,2.5846040977813187,低,公交
56.03304623624246,48.62787548345753,2.176074029319562,3.884196936096733,中,地铁
34.1087757267852,23.49151480293456,12.795519526294726,3.1566392837322947,高,公交
26.208162777540306,28.85240125509714,3.801495236183108,3.3621932219028627,中,地铁
27.275534363763757,37.597494168593286,7.951874089544715,3.6269374037227022,低,地铁
51.386978320852926,47.24799947094243,8.45996642705315,3.855410313804107,高,汽车
43.72314465908709,30.149353592779413,1.2737865033885016,3.4061634832345518,中,公交
32.728552389437894,47.46671631650659,17.58842852102383,3.8600287563030373,中,地铁
51.395980937772464,45.853121104957886,11.968787833959897,3.825443268467635,高,地铁
47.609980234398705,45.252514688033955,17.911023570752313,3.812258241818021,低,地铁
43.11289713310018,14.191178046652265,4.703155379840105,2.6526205072223075,高,汽车
26.855721800501534,41.67091244454148,15.611489742936804,3.7298033421118704,高,汽车
29.85807389464317,25.71400654276884,13.02589192337713,3.2470358451058625,低,公交
44.98257872389199,14.010460688751433,3.77715134336144,2.6398042426599235,中,地铁
35.373232488854576,16.483788525659232,8.104634297483441,2.802377384327257,高,公交
37.6712872173527,34.32282323260269,18.067264101229867,3.53581053325865,低,公交
51.99449938972094,26.203441491895436,8.212952446563929,3.2658907567932816,低,公交
36.56306096874428,29.12000779249685,7.071629501586938,3.3714254909279293,高,公交
40.30899403342528,35.23824460711591,19.90255560454646,3.5621319873163952,中,地铁
27.372645601149813,15.626137014172246,2.19915435100862,2.7489449618819606,中,地铁
39.87007770144539,47.483667764779234,14.447611291061367,3.8603858153842987,中,地铁
41.449500081677385,43.031419460464434,2.607938331361663,3.7619305340002316,高,汽车
59.41041681036879,28.160485245471108,8.322973677129536,3.3379197628697543,低,公交
51.693009067260164,21.46254794208499,12.749931295271109,3.066309459981611,低,地铁
35.8330202068005,35.00166694434889,8.470052543970816,3.555395687336682,低,地铁
41.493973779304056,36.81153141563735,18.429093477001327,3.60581114977567,中,汽车
37.76848834853721,24.22465450149584,16.20446746586083,3.1873708956109708,高,公交
38.94240103883369,37.51215097024079,6.172319284881847,3.624664906364407,中,公交
30.776341069829392,44.21367606146162,5.773341047120518,3.789034154380514,高,公交
40.61015679968287,24.110371435257683,17.290711836843844,3.1826420979332943,中,公交
55.949781788985334,26.778364318131366,18.051796800926116,3.287594259911154,低,公交
38.53605132963235,35.146212961835396,8.117049228538592,3.559516873102029,高,地铁
58.220606885276304,37.791028794685744,4.17736264778715,3.632071740983574,中,汽车
21.157588404683835,26.52012495452864,19.49569107769021,3.2779038770157864,低,汽车
22.22668687526655,30.594686561379646,6.451845180768071,3.420826352095876,中,汽车
32.63856985052756,47.47580642650233,18.33618010580019,3.8602202428943113,高,公交
58.28962156598093,20.62452426221067,12.750240560688425,3.0264808658800844,高,公交
27.24865135538669,33.70417449485292,11.248586664828673,3.517621701937611,高,汽车
29.62974940355277,36.13744927903265,17.085789327439848,3.58732970378652,高,公交
31.78664047445892,27.782034562840344,7.395192147620097,3.324389573047577,低,公交
38.46141963367198,43.27427618896338,8.183579178677125,3.7675583750752164,低,公交
46.04528338547021,48.72489482553211,9.479477234599731,3.886190086859373,高,汽车
30.333025575984497,36.57105863666721,13.70335358058234,3.5992571799694573,中,地铁
31.65297536763225,24.745563172278313,12.264923998959501,3.2086462071781385,中,地铁
52.487875606218466,23.384042922410902,1.139888440720967,3.1520538633533985,中,汽车
38.823882720416876,36.55429581922735,16.087430425126882,3.598798711963163,高,地铁
30.35603971591547,11.803307944994934,1.5266878982550514,2.4683798265069,低,地铁
20.153943696917793,15.230913128359154,12.507986820646286,2.7233271210099286,中,地铁
28.338617691105537,29.478532707503323,11.632064298125865,3.383662293609695,高,公交
25.905412512323345,10.966326501565668,11.566675204127433,2.3948293505278295,低,地铁
24.458766291209905,34.42567939986809,19.529292670478256,3.5388027800733672,高,公交
58.48832497019231,40.15698470442742,15.889676266726076,3.6927963905036045,中,汽车
37.61016996778223,35.077594464459764,7.69211722819725,3.5575625923038334,高,公交
30.64328091854999,21.584772649297143,2.082750587308658,3.0719880961420163,高,汽车
45.807232249397444,19.181795157866425,11.473321241527989,2.953961660376173,高,汽车
54.82024273627939,31.05950222094371,16.703142132806683,3.4359047912219856,高,地铁
20.970354998141808,46.49743859596464,8.226654858317033,3.839397227118384,高,地铁
51.42552993569222,13.875620061898433,16.617541930367,2.6301333477798012,低,公交
33.31667381493344,45.676379492860654,2.5609217027524855,3.8215813041694693,低,公交
34.545627930044546,49.53244899339649,10.611425792024809,3.9026279900254175,高,地铁
34.617918260953,19.031169593185805,3.2774366948924865,2.9460781399126503,高,地铁
39.58223019171098,25.5850645771601,8.470003370296794,3.2420087662781065,高,地铁
20.98573413620613,37.6518571629592,6.883177189162032,3.6283822800667935,高,地铁
50.37366227437034,41.66973834493733,14.395377680509359,3.729775166195481,中,汽车
46.191589443711514,39.35203796840841,2.3136488368915873,3.672547764333202,中,地铁
25.920958240933906,48.84457667475411,11.532438317960194,3.8886433523615276,低,地铁
47.472164492346835,23.11531630039344,17.56622602446285,3.140495441118725,高,地铁
20.069485507921843,38.44235231246949,18.511820630999726,3.649159776622858,高,地铁
46.50098224564845,32.89831037861332,8.174180813588563,3.493421300179396,低,公交
34.029137511746164,11.338407557057453,9.059486616581971,2.428195861371558,中,汽车
39.36666398519792,39.091667006690784,16.676567184693727,3.665909324244535,高,汽车
23.301669353042442,12.415001244266044,7.82342999480668,2.5189055191829235,高,地铁
38.72652842982969,23.832055545576086,1.3961629901632668,3.1710315461222667,低,汽车
27.07116036273275,39.50611936429639,19.815345649846744,3.6764555805232155,高,公交
54.48069870699415,14.45093005285726,4.8248235315418855,2.6707587760067324,高,公交
58.07258542580624,33.71386224398566,7.183848359838565,3.5179090953316647,高,地铁
41.261847354107786,22.440475645201975,15.99962814928742,3.110866276740105,中,地铁
31.780653172836672,29.198988050601766,16.58934759319837,3.3741340528724004,低,地铁
21.114067176150332,44.6617805177644,7.606304250158669,3.7991181139057923,低,公交
42.95568694819339,32.967862336538204,10.205590958940554,3.49553321835861,高,汽车
48.338401579256704,14.760592864327213,9.565216020451475,2.691960985325494,高,地铁
54.3526396589277,27.75458149285032,19.99307125952008,3.323400925406583,中,汽车
49.1009718028672,38.74908324811137,12.66401284176954,3.6571070974062434,低,公交
26.778989478183636,34.51479564163971,16.86821890408478,3.541388091281463,高,汽车
49.3101360398248,21.058907113584088,8.046197140141823,3.0473236114174163,中,地铁
40.45761285579549,45.567495548474966,9.179379026941893,3.8191946454261574,低,地铁
52.895868338547196,45.721460407827266,3.2866936710467685,3.8225677808448792,高,地铁
56.736265558889826,18.622458403448125,2.497974822888148,2.9243682933940653,中,公交
51.05124483937134,21.99154608558784,19.759974521789132,3.0906581106712103,中,公交
30.758527484655502,23.673946097635763,6.1421913338064975,3.1643751226699295,低,汽车
39.451849087186936,44.63290190855664,6.726494816694391,3.798471298005228,高,公交
27.5352962146429,19.57722284940779,7.809456104917046,2.9743667909552283,中,地铁
32.649104548869204,10.402802631369807,12.69196144752483,2.342075253628652,低,地铁
46.947126564776845,49.359158180773534,15.224023647461326,3.8991233247672086,低,公交
56.55043411739876,42.849024585061876,7.932476084680452,3.7576828813088947,高,公交
22.719447565311583,22.366307535457004,5.637318617631114,3.107555698643674,中,地铁
35.89859320766715,17.224091253535207,16.872583406516124,2.846309058093499,低,公交
29.990101239655054,40.667241461911225,9.540154282261476,3.705422890274551,低,汽车
38.726421912965925,19.77360071896254,1.4348740632443817,2.9843477510470713,高,公交
27.29796168169505,29.41548179199814,9.938982236127638,3.381521127308516,中,地铁
26.12052861972455,14.383821096142398,13.554316478808122,2.6661040399532503,高,公交
27.302711666382855,40.91990689778318,12.074986231932243,3.7116166658555976,低,公交
23.749041638689782,22.239952259715096,10.770513193363342,3.1018903227845334,中,地铁
34.75735078948155,41.46562360000549,2.938987788824661,3.72486473697989,高,公交
47.80505961750678,25.131006276052634,11.943503343051175,3.224102393573253,中,汽车
54.72657626047426,49.84909883005361,7.69133373311634,3.9090004186126217,低,汽车
39.87451905461303,45.88513796365467,8.333349513452834,3.826141272993157,中,公交
36.10430360715384,35.37178016065305,2.998478284546551,3.5659143316272592,高,汽车
58.73042936188323,38.65495975232777,9.694043122114124,3.6546750915696653,高,汽车
53.08589295371783,49.02027605005382,2.60878488535744,3.8922340094601573,高,汽车
48.06520175568494,18.296775208856477,8.267407861574638,2.906724826223868,低,公交
56.94542517233339,43.101387180633616,15.151512489402688,3.763555181757284,高,汽车
35.82356638161626,49.247586255956264,5.190039658763429,3.896860356385722,高,地铁
56.41827621035236,21.738860226140186,9.252631953173244,3.0791014528182425,中,汽车
21.142638977318082,49.79100832585717,19.673779893785458,3.907834412022784,中,汽车
36.47480095900728,48.416910729645025,19.315660423313926,3.8798491479388826,高,地铁
40.41900242907768,19.672515875978995,15.344730009870402,2.9792225284404763,低,地铁
38.25761759705845,36.015747632224475,11.305068784618559,3.5839562770381073,高,汽车
53.22895823265475,16.500938746479417,13.902720566716548,2.8034172730141735,中,公交
20.277469541837696,18.995781542559882,16.100935141476068,2.944216930439651,中,地铁
46.240893703505705,14.068200955575136,6.137449361000631,2.643916999097083,中,公交
23.849555670718402,25.726902469143674,11.721594843460537,3.24753723308258,高,地铁
21.639932880605354,22.490316843892106,1.6582199433762086,3.1130848540841742,中,公交
57.82403002473067,41.777613089608614,6.247868324699943,3.7323606240418563,中,地铁
23.93255710012636,17.965682999576394,16.248884679033505,2.8884634381882743,中,地铁
22.08514221462704,44.742563508945416,17.325958797042535,3.8009252523406234,高,汽车
25.545425171837586,31.51634320678302,14.558831714772303,3.450506243246187,中,汽车
39.210650067250164,23.904884633308782,9.061072163171534,3.174082816017845,高,公交
55.36228072760837,43.521408750045666,19.026848700144484,3.773252972199466,高,地铁
29.26962300391188,30.778628780888404,11.266172964997633,3.426820578389429,低,汽车
25.36387836576365,24.189684091754042,6.60174841235114,3.1859262650804405,低,汽车
56.41848993276273,37.32676169548932,12.322153344868777,3.6197105411189088,中,公交
43.349185881055035,22.24836707304517,1.8432766256818587,3.1022686159435753,中,地铁
59.00995899080104,45.571611726912465,11.697992000683273,3.819284972807308,低,公交
42.24704471514139,24.217960671078256,8.707266077670576,3.1870945343767003,高,地铁
34.71549684679858,30.356486337758952,14.475330796859623,3.41301021255442,低,公交
48.90326706485607,29.53452462737701,6.633811581913495,3.385559905399502,高,公交
33.47214711168722,46.73800785259213,14.273809527392249,3.8445577063066123,高,汽车
27.26131678301512,16.63985209211736,2.5308689140138236,2.8118005466586875,低,地铁
47.494955938128925,46.413948140659215,16.423411968114138,3.8376000205388587,高,公交
22.87287621483907,48.62633475779687,15.466690155521821,3.8841652515936773,高,汽车
28.138814570226742,36.87237943780212,11.535791546134453,3.6074627460411675,低,公交
50.907573399448026,10.460152080996355,6.493249415410643,2.347572997823277,高,地铁
29.40518991045545,40.85639771849158,11.989177431191356,3.710063423938934,高,汽车
41.49023044844667,47.769312711550924,11.225963678087107,3.8663834398491534,中,地铁
55.748823435520784,47.07511063323452,7.386847122310594,3.8517444246888246,高,地铁
56.940306454507585,37.30480917290163,12.148079630170486,3.619122250588095,高,公交
49.607982760122574,27.72610897290294,16.485869486479356,3.32237453145914,中,地铁
45.52081022266023,18.667918604074995,4.689085059287143,2.926806467893523,中,汽车
54.25000704413192,28.05953170084237,8.872031601898627,3.33432838532772,高,汽车
55.591154074303674,23.69923540984196,10.865728585788554,3.165442786432579,高,地铁
46.219308443896395,12.494632811184317,17.050010796901184,2.525299176995115,低,汽车
49.99099120489399,33.634981259742545,17.217110119822607,3.515566634312037,高,汽车
34.671193459510434,30.16697270968828,9.01667860316515,3.4067477070588494,高,地铁
20.470264224912146,40.609248754744776,12.978032532220823,3.7039958425057917,低,地铁
54.760470435086,14.849130124892467,16.540612524254936,2.697941286084664,中,公交
44.40937239989409,40.64613266399483,5.972077171021812,3.704903694050867,中,汽车
24.36443268758635,38.02448978048474,11.635545234309784,3.638230420053618,中,公交
50.68117192291355,34.19197001097966,2.3503237942263224,3.531990821499303,中,汽车
23.60334562846247,11.82097188271567,2.522913990922921,2.4698752321777846,高,汽车
55.42130257577306,29.43457165792926,16.508577145027008,3.3821698902401223,高,汽车
20.233290986709406,17.257862476552713,12.36935242424272,2.848267835376229,中,地铁
26.763663308541798,47.694497399504634,2.1074834019649415,3.8648160327390406,中,汽车
57.09407746956675,21.00198586404862,3.1100700630086062,3.0446169982071356,低,汽车
59.21668017847402,33.37441744156035,14.89777259379783,3.507789661633553,高,汽车
53.41938692327468,23.53761217517066,3.3754092549505224,3.1585996597784214,中,汽车
47.26894422908559,30.613723152074254,8.181532610517824,3.4214483774481934,中,地铁
50.1634497404639,13.455803012629888,15.2794810105938,2.599410463752886,中,公交
34.277409598164716,46.98494480781569,10.966384708593525,3.8498272271576477,中,地铁
29.986959743349487,44.282251056949335,19.424539390718174,3.790583943426094,中,汽车
31.478454080924315,33.5881366237526,18.340097143966837,3.5141729279488843,高,公交
56.285053834529485,20.39434552805809,5.865863105049507,3.015257682431543,高,公交
32.99626213703021,29.93718111419151,10.795175738964952,3.399101223396375,低,公交
25.95822576564195,45.000068014096755,14.635063900436565,3.8066640011935498,高,地铁
37.18187244499963,19.37948606787902,8.361893569205359,2.9642150874257007,低,地铁
38.81005350280651,20.255181513961887,11.828622047966025,3.008410638054238,高,地铁
44.98684307649715,44.75154026383044,2.588143553846954,3.8011258634320075,中,地铁
38.509793316526924,33.13315083561978,19.813687244807788,3.500534316999967,高,汽车
29.693596040613354,20.477950267993116,5.924059972635114,3.0193487105918635,中,公交
24.599820274341152,28.55170370732449,13.325264710425664,3.3517166088338075,高,地铁
44.74743034720933,24.19370234315497,19.691715672389794,3.186092365542035,中,汽车
54.94785400107849,15.006470291841563,17.265315992836285,2.708481460885778,低,汽车
52.84435600679247,18.000647665553522,9.263718251643317,2.890407738668489,高,公交
22.54577749243865,45.245639648767906,11.380356631497209,3.8121063041496863,中,公交
46.18915614447195,46.493154890688885,10.184433695883252,3.839305095105496,中,汽车
42.9462899617703,29.716602804248502,2.793762870402479,3.3917059065949338,中,地铁
23.583552025332676,38.352247013431125,18.902444532412034,3.646813118363588,低,地铁
30.36542456516991,35.23750570413594,17.98202079114505,3.56211101831708,低,地铁
25.92341939308557,40.7411463432046,1.0483256953364823,3.7072385484294155,低,地铁
51.340322495178484,38.84916178939357,19.431504296494417,3.6596865010183155,高,公交
43.89209631638797,16.364276657595326,5.102599095764385,2.7951007064015876,中,汽车
54.27436571646405,40.602788797507316,3.3570467663147694,3.7038367538424413,高,公交
29.592287791204637,15.304029020704375,13.985252603504458,2.7281161284184576,低,汽车
21.17800526462531,29.954007475080736,5.346291041376945,3.399663121122177,低,公交
45.36162149529186,17.858296570668596,6.0968011675687785,2.882468194117425,中,公交
27.474753482357798,41.179002908915805,7.165134990914843,3.717928488312716,高,汽车
46.37533351174209,15.293840199249384,15.677962325020475,2.7274501459764555,高,公交
42.158310976104595,27.14318402742837,9.685137877703507,3.301125966148437,高,汽车
52.085751317531624,24.870276000767557,3.115312586027308,3.213673355492679,高,地铁
26.29693660406288,35.59325167639065,2.9600633778350325,3.5721560602373352,高,公交
51.81921542889804,33.391513639425995,2.9473437767782285,3.5083017850462728,高,汽车
56.193245718393776,11.705110370848084,13.24866729944846,2.460025530274589,高,公交
35.46863015714812,42.462488629259624,19.45901762784727,3.748621065703555,高,地铁
31.734855867579064,44.286802832539955,5.888670860962882,3.790686728211405,中,汽车
35.41020833880887,37.5313787069572,5.287327031841588,3.625177348602129,高,地铁
59.328756343124034,40.0257571069062,19.83360811926406,3.6895231745541244,低,公交
45.43853130492892,32.27609239772589,16.628999866791652,3.474326782719983,低,汽车
32.551798761509076,47.423031547751,1.005740549680107,3.8591080083228797,高,地铁
45.61931974708613,40.78853423015663,14.201503881039226,3.708401018144866,高,公交
50.941274804442955,41.96706524747905,16.111480372704552,3.7368851498941766,高,汽车
33.87123017111992,41.249463696618015,19.104508128443324,3.719638111402064,中,公交
51.64897225941998,38.33296765946118,8.907476945641742,3.646310300331237,低,公交
53.34193360311775,19.80634374108176,4.224923958228428,2.98600227734999,高,汽车
52.63814803088369,24.57330924883607,2.2671217746196834,3.2016608640259814,高,汽车
21.9737555675083,46.627883134236036,18.068078261403105,3.84219871271139,中,汽车
35.23884559786311,11.854583670043418,7.507713959636459,2.4727146003889673,低,地铁
49.73315417084084,30.91323639338542,1.1460813893990314,3.4311844544282684,高,公交
30.648153961974973,16.33360299848851,18.211487047498917,2.793224519417768,高,汽车
26.72519046905137,41.307830063482825,9.26307317525563,3.7210520719119287,高,公交
51.25742641198236,39.77119131132643,3.1487854332219376,3.6831428137955085,高,公交
39.012597384482675,37.56752181893471,19.543950070171327,3.6261398957104074,高,地铁
36.13702725192128,11.77157952176222,12.306680774097016,2.465688111228567,高,汽车
30.299869270913923,21.57173531349646,3.4651980525589003,3.071383907489472,中,公交
49.54394103753265,17.8125475692933,3.1853477886526784,2.87990312858212,高,地铁
23.96559379926877,34.04604430455695,6.9224555352353025,3.5277138527061345,高,汽车
31.073137457216482,14.598009386544465,19.873535019161295,2.6808851760313206,中,公交
21.887250315532214,13.920282229413514,1.9390743399304982,2.6333469298022822,高,公交
57.912962505330256,17.35017735350663,10.013978054958805,2.8536027284447516,高,公交
20.97772800169441,11.906504636606044,7.618922389094551,2.4770848588998375,中,地铁
54.247494782930204,34.198627488648484,13.42337540336834,3.53218551135239,中,汽车
37.14636596610164,43.48075996240092,15.578798410722255,3.772318540536346,中,地铁
36.108080412014864,21.48107035677014,3.4381082559670437,3.0671720987888427,低,汽车
53.286387113145544,18.221899648266003,19.89041823217742,2.902624148101988,中,汽车
49.07442784900658,15.439661991031222,7.571298336040696,2.7369396525844127,高,地铁
23.73582741255408,31.61824421534724,1.9382602097591757,3.4537343025782308,中,汽车
33.71882275673043,22.344033008493106,12.126081298406882,3.1065593059284433,低,地铁
50.71483947525493,39.437438862074956,6.530636874396604,3.6747155900517345,高,公交
53.706473692411265,30.72564179064029,2.2154737732958996,3.4250975434565722,低,汽车
20.037792738996814,33.15345789245926,5.4059953562602105,3.501147021673337,低,公交
57.33053036453452,19.916689606922123,17.81030194618306,2.9915580539548365,低,汽车
27.5329098892936,10.523934156995942,14.703165746703872,2.3536521066966674,高,汽车
35.016964327737035,45.682539601529996,17.2157190762401,3.821716159282462,中,公交
28.737056063338166,14.025567811419254,10.224049885844106,2.6408819362519296,中,地铁
52.579854223985045,36.423360084879,13.36198142669354,3.595210329376039,高,公交
40.81305092783926,13.816458647728469,11.348564266871156,2.6258605371469113,高,地铁
56.636888053139,39.9128234895024,10.061084606097534,3.6866976629752313,高,地铁
39.52627088567331,47.76322304354315,8.107328398894508,3.866255950968682,高,汽车
23.404596274102488,31.011626673021276,11.494594926440866,3.4343621881384157,高,公交
41.788475066722704,17.531763327517,12.833327680787447,2.8640142830082804,高,公交
57.06282532630182,15.868866800260033,6.786442590800284,2.764359126838252,低,地铁
25.353286708998944,23.680489256403796,19.333641910707513,3.164651470968067,低,地铁
44.96794249078163,13.789479648641297,2.1011447143363555,2.623905957129619,高,地铁
33.55892942253726,14.82930515984866,6.560778648667938,2.6966053013669846,高,地铁
56.67778400184759,13.1329871227889,16.63316194269646,2.5751271660793487,高,公交
20.26078734893126,10.419849096092545,1.6019157310589667,2.343712554079523,中,公交
36.71415133702095,44.3723229450661,9.462478923197114,3.7926159179772627,高,地铁
48.039875443388354,18.532432935725986,2.3910481373847583,2.919522328803541,中,地铁
44.19017943633361,23.10936610285914,17.42877211036129,3.1402379943496914,中,汽车
37.80291412968326,44.48845566375953,6.34029125007466,3.79522973222985,低,汽车
49.588460769407476,39.686068354158536,13.773713544758056,3.6810002030361813,低,地铁
40.29664076499296,36.87990920420613,8.630200417078957,3.607666936760366,高,汽车
43.35654169716554,42.40439449212113,9.92083172663157,3.747252000549379,高,公交
39.601512995484285,19.48205025343102,5.596827769820105,2.969493541825522,中,公交
40.75351327336366,18.77950505230153,4.725196194698357,2.9327661183902998,高,地铁
