country,country_code,year,gdp_per_capita_constant_2015_usd,life_expectancy,log_gdp_per_capita,population,region,income_group,log_gdp_pc
Albania,ALB,2024,6549.23387415397,79.776,8.78710335601025,2377128.0,Europe & Central Asia,Upper middle income,8.78710335601025
Algeria,DZA,2024,4765.72900168387,76.475,8.46920579529591,46814308.0,"Middle East, North Africa, Afghanistan & Pakistan",Upper middle income,8.46920579529591
Andorra,AND,2024,41034.5266723078,84.188,10.6221691052661,81938.0,Europe & Central Asia,High income,10.6221691052661
Angola,AGO,2024,2845.47779302975,64.805,7.95348627377085,37885849.0,Sub-Saharan Africa ,Lower middle income,7.95348627377085
Antigua and Barbuda,ATG,2024,18350.185036972,77.766,9.81739493719057,93772.0,Latin America & Caribbean ,High income,9.81739493719057
Argentina,ARG,2024,12774.3506596628,77.543,9.45519458479085,45696159.0,Latin America & Caribbean ,Upper middle income,9.45519458479085
Armenia,ARM,2024,5378.31799981682,78.319512195122,8.59013096483468,3033500.0,Europe & Central Asia,Upper middle income,8.59013096483468
Aruba,ABW,2024,33373.9174591266,76.5,10.4155299594949,107995.0,Latin America & Caribbean ,High income,10.4155299594949
Australia,AUS,2024,61480.670710531,83.0512195121951,11.0264781070031,27196812.0,East Asia & Pacific,High income,11.0264781070031
Austria,AUT,2024,45958.8250071261,81.9951219512195,10.7355011660816,9177982.0,Europe & Central Asia,High income,10.7355011660816
Azerbaijan,AZE,2024,5871.14373251952,74.576,8.67780473754266,10202830.0,Europe & Central Asia,Upper middle income,8.67780473754266
"Bahamas, The",BHS,2024,33968.2032187918,74.71,10.4331801665792,401283.0,Latin America & Caribbean ,High income,10.4331801665792
Bahrain,BHR,2024,25812.4504577306,81.423,10.1586122303884,1588670.0,"Middle East, North Africa, Afghanistan & Pakistan",High income,10.1586122303884
Bangladesh,BGD,2024,1941.27874360025,74.93,7.57110218110164,173562364.0,South Asia,Lower middle income,7.57110218110164
Barbados,BRB,2024,21581.2171257633,76.332,9.97957863785945,282467.0,Latin America & Caribbean ,High income,9.97957863785945
Belarus,BLR,2024,6792.13183495565,74.3653414634147,8.82352013813196,9132629.0,Europe & Central Asia,Upper middle income,8.82352013813196
Belgium,BEL,2024,45045.6601021398,82.3,10.7154319232603,11858610.0,Europe & Central Asia,High income,10.7154319232603
Belize,BLZ,2024,6290.49294452749,73.739,8.74679471618297,417072.0,Latin America & Caribbean ,Upper middle income,8.74679471618297
Benin,BEN,2024,1324.78312597434,60.961,7.1890040465136,14462724.0,Sub-Saharan Africa ,Lower middle income,7.1890040465136
Bermuda,BMU,2024,122117.603586776,82.49,11.7127398232267,64636.0,North America,High income,11.7127398232267
Bolivia,BOL,2024,3045.61476602385,68.739,8.02145805337012,12413315.0,Latin America & Caribbean ,Lower middle income,8.02145805337012
Bosnia and Herzegovina,BIH,2024,6730.26828824205,78.044,8.81437028636754,3164253.0,Europe & Central Asia,Upper middle income,8.81437028636754
Botswana,BWA,2024,6937.33180990267,69.293,8.84467251414318,2521139.0,Sub-Saharan Africa ,Upper middle income,8.84467251414318
Brazil,BRA,2024,9566.74408628371,76.023,9.16604820568975,211998573.0,Latin America & Caribbean ,Upper middle income,9.16604820568975
Brunei Darussalam,BRN,2024,29563.8682753082,75.501,10.2943082283174,462721.0,East Asia & Pacific,High income,10.2943082283174
Bulgaria,BGR,2024,10126.8980075708,75.7609756097561,9.22295033194463,6441421.0,Europe & Central Asia,High income,9.22295033194463
Burkina Faso,BFA,2024,763.833733522408,61.292,6.63835013920291,23548781.0,Sub-Saharan Africa ,Low income,6.63835013920291
Burundi,BDI,2024,268.700857391724,63.818,5.5935987065048,14047786.0,Sub-Saharan Africa ,Low income,5.5935987065048
Cabo Verde,CPV,2024,4448.96609078891,76.224,8.4004270090168,524877.0,Sub-Saharan Africa ,Upper middle income,8.4004270090168
Cambodia,KHM,2024,2182.71843902341,70.817,7.68832636931409,17638801.0,East Asia & Pacific,Lower middle income,7.68832636931409
Cameroon,CMR,2024,1480.73097431993,63.968,7.30029114639645,29123744.0,Sub-Saharan Africa ,Lower middle income,7.30029114639645
Canada,CAN,2024,44413.3983847404,82.1080487804878,10.7012964683204,41288599.0,North America,High income,10.7012964683204
Central African Republic,CAF,2024,389.938307964229,57.671,5.96598854190407,5330690.0,Sub-Saharan Africa ,Low income,5.96598854190407
Chad,TCD,2024,849.707321000625,55.238,6.74489196195522,20299123.0,Sub-Saharan Africa ,Low income,6.74489196195522
Chile,CHL,2024,14579.4001071307,81.359,9.58736485980058,19764771.0,Latin America & Caribbean ,High income,9.58736485980058
China,CHN,2024,13121.6769905565,78.017,9.48202087373205,1408975000.0,East Asia & Pacific,Upper middle income,9.48202087373205
Colombia,COL,2024,6863.59563194342,77.913,8.8339867280023,52886363.0,Latin America & Caribbean ,Upper middle income,8.8339867280023
Comoros,COM,2024,1401.88898411553,67.023,7.2455758805189,866628.0,Sub-Saharan Africa ,Lower middle income,7.2455758805189
"Congo, Dem. Rep.",COD,2024,554.244129980766,62.074,6.31760525751705,109276265.0,Sub-Saharan Africa ,Low income,6.31760525751705
"Congo, Rep.",COG,2024,1679.58061097707,66.001,7.4262994049098,6332961.0,Sub-Saharan Africa ,Lower middle income,7.4262994049098
Costa Rica,CRI,2024,14866.5823676109,80.996,9.6068711789839,5129910.0,Latin America & Caribbean ,High income,9.6068711789839
Cote d'Ivoire,CIV,2024,2395.67689089222,62.11,7.78142109659096,31934230.0,Sub-Saharan Africa ,Lower middle income,7.78142109659096
Croatia,HRV,2024,17854.2091012685,78.9292682926829,9.78999456340303,3866200.0,Europe & Central Asia,High income,9.78999456340303
Cuba,CUB,2024,7381.39774048869,78.264,8.90671829539159,10979783.0,Latin America & Caribbean ,Upper middle income,8.90671829539159
Curacao,CUW,2024,18044.7751865648,76.989,9.80061145851021,155967.0,Latin America & Caribbean ,High income,9.80061145851021
Cyprus,CYP,2024,32617.216796875,81.821,10.3925955505507,1358282.0,Europe & Central Asia,High income,10.3925955505507
Czechia,CZE,2024,20445.432830127,79.9780487804878,9.92551480303819,10905028.0,Europe & Central Asia,High income,9.92551480303819
Denmark,DNK,2024,60772.8624276041,82.2536585365854,11.0148986266629,5976992.0,Europe & Central Asia,High income,11.0148986266629
Djibouti,DJI,2024,3290.42482052598,66.202,8.09877196020346,1168722.0,"Middle East, North Africa, Afghanistan & Pakistan",Lower middle income,8.09877196020346
Dominica,DMA,2024,9172.71049624795,71.294,9.1239881045895,66205.0,Latin America & Caribbean ,Upper middle income,9.1239881045895
Dominican Republic,DOM,2024,9168.45418897141,73.868,9.12352397840929,11427557.0,Latin America & Caribbean ,Upper middle income,9.12352397840929
Ecuador,ECU,2024,5999.39391066593,77.579,8.69941372821883,18135478.0,Latin America & Caribbean ,Upper middle income,8.69941372821883
"Egypt, Arab Rep.",EGY,2024,4137.60929232898,71.806,8.32787343440085,116538258.0,"Middle East, North Africa, Afghanistan & Pakistan",Lower middle income,8.32787343440085
El Salvador,SLV,2024,4585.22599757795,72.302,8.43059467411442,6338193.0,Latin America & Caribbean ,Upper middle income,8.43059467411442
Equatorial Guinea,GNQ,2024,5041.94038551173,63.906,8.52554628409838,1892516.0,Sub-Saharan Africa ,Upper middle income,8.52554628409838
Estonia,EST,2024,20078.1397620993,79.2951219512195,9.90738692818448,1372341.0,Europe & Central Asia,High income,9.90738692818448
Eswatini,SWZ,2024,3864.20550510839,64.264,8.25951137847002,1242822.0,Sub-Saharan Africa ,Lower middle income,8.25951137847002
Ethiopia,ETH,2024,883.458588619291,67.603,6.78384441869664,132059767.0,Sub-Saharan Africa ,Low income,6.78384441869664
Faroe Islands,FRO,2024,59257.6449307094,83.0832463414634,10.9896500790403,54681.0,Europe & Central Asia,High income,10.9896500790403
Fiji,FJI,2024,5935.20896505673,67.463,8.68865751536358,928784.0,East Asia & Pacific,Upper middle income,8.68865751536358
Finland,FIN,2024,45254.0358658917,82.3365853658537,10.7200471355573,5619911.0,Europe & Central Asia,High income,10.7200471355573
France,FRA,2024,39683.3953489029,82.9804878048781,10.5886881260068,68551653.0,Europe & Central Asia,High income,10.5886881260068
French Polynesia,PYF,2024,20846.6514059991,84.192,9.94494861029992,281807.0,East Asia & Pacific,High income,9.94494861029992
Gabon,GAB,2024,6618.98685865885,68.511,8.79769759472019,2538952.0,Sub-Saharan Africa ,Upper middle income,8.79769759472019
"Gambia, The",GMB,2024,758.96588872906,66.057,6.63195683399974,2759988.0,Sub-Saharan Africa ,Low income,6.63195683399974
Georgia,GEO,2024,6808.07398025981,74.657,8.82586453685983,3699557.0,Europe & Central Asia,Upper middle income,8.82586453685983
Germany,DEU,2024,44027.7631554469,80.7926829268293,10.6925756947213,83516593.0,Europe & Central Asia,High income,10.6925756947213
Ghana,GHA,2024,2167.72691406678,65.695,7.68143439247932,34427414.0,Sub-Saharan Africa ,Lower middle income,7.68143439247932
Greece,GRC,2024,21494.6856060599,81.8390243902439,9.97556100244798,10405134.0,Europe & Central Asia,High income,9.97556100244798
Grenada,GRD,2024,10196.0049872434,75.367,9.22975125463314,117207.0,Latin America & Caribbean ,Upper middle income,9.22975125463314
Guatemala,GTM,2024,4563.09590652717,72.746,8.42575659901184,18406359.0,Latin America & Caribbean ,Upper middle income,8.42575659901184
Guinea,GIN,2024,1045.92207475817,60.904,6.95265414353058,14754785.0,Sub-Saharan Africa ,Lower middle income,6.95265414353058
Guinea-Bissau,GNB,2024,793.692157673779,64.254,6.67669567532958,2201352.0,Sub-Saharan Africa ,Low income,6.67669567532958
Guyana,GUY,2024,33034.9576389333,70.319,10.4053216021545,831087.0,Latin America & Caribbean ,High income,10.4053216021545
Haiti,HTI,2024,1154.87300909888,65.119,7.05174566807894,11772557.0,Latin America & Caribbean ,Lower middle income,7.05174566807894
Honduras,HND,2024,2573.37159995648,73.044,7.85297222468956,10825703.0,Latin America & Caribbean ,Lower middle income,7.85297222468956
"Hong Kong SAR, China",HKG,2024,44712.7654725532,85.3926829268293,10.7080143208726,7524100.0,East Asia & Pacific,High income,10.7080143208726
Hungary,HUN,2024,16518.6369936397,76.7243902439025,9.71224453723285,9562065.0,Europe & Central Asia,High income,9.71224453723285
Iceland,ISL,2024,59307.1777759714,82.809756097561,10.9904856194142,386506.0,Europe & Central Asia,High income,10.9904856194142
India,IND,2024,2396.94999213544,72.235,7.78195237152816,1450935791.0,South Asia,Lower middle income,7.78195237152816
Indonesia,IDN,2024,4367.86266621191,71.288,8.38202907604491,283487931.0,East Asia & Pacific,Upper middle income,8.38202907604491
"Iran, Islamic Rep.",IRN,2024,5834.44296939863,77.854,8.67153407647881,91567738.0,"Middle East, North Africa, Afghanistan & Pakistan",Upper middle income,8.67153407647881
Iraq,IRQ,2024,4180.29619477317,72.424,8.33813738300193,46042015.0,"Middle East, North Africa, Afghanistan & Pakistan",Upper middle income,8.33813738300193
Ireland,IRL,2024,94474.9879707069,83.009756097561,11.4560904008899,5395790.0,Europe & Central Asia,High income,11.4560904008899
Israel,ISR,2024,41845.1660567523,83.1975609756098,10.6417315628365,9974400.0,"Middle East, North Africa, Afghanistan & Pakistan",High income,10.6417315628365
Italy,ITA,2024,34495.2545799636,83.9512195121951,10.448577045152,58952704.0,Europe & Central Asia,High income,10.448577045152
Jamaica,JAM,2024,6096.4327030963,71.606,8.71545907632647,2839175.0,Latin America & Caribbean ,Upper middle income,8.71545907632647
Japan,JPN,2024,37152.5636003552,84.0363414634146,10.5227880545041,123975371.0,East Asia & Pacific,High income,10.5227880545041
Jordan,JOR,2024,4016.83429143296,77.981,8.29824938168688,11552876.0,"Middle East, North Africa, Afghanistan & Pakistan",Upper middle income,8.29824938168688
Kazakhstan,KAZ,2024,11872.7842626298,74.531,9.38200402308294,20592571.0,Europe & Central Asia,Upper middle income,9.38200402308294
Kenya,KEN,2024,1860.02287047776,63.834,7.52834406258744,56432944.0,Sub-Saharan Africa ,Lower middle income,7.52834406258744
Kiribati,KIR,2024,2041.87601786956,66.6,7.6216242808527,134518.0,East Asia & Pacific,Lower middle income,7.6216242808527
"Korea, Rep.",KOR,2024,37048.4264001496,83.6292682926829,10.5199811574916,51751065.0,East Asia & Pacific,High income,10.5199811574916
Kosovo,XKX,2024,5631.68223392136,78.222,8.63616347471227,1594353.0,Europe & Central Asia,Upper middle income,8.63616347471227
Kuwait,KWT,2024,23867.826500295,84.580487804878,10.0802866594809,4897263.0,"Middle East, North Africa, Afghanistan & Pakistan",High income,10.0802866594809
Kyrgyz Republic,KGZ,2024,1391.68404329929,72.4,7.23826983474198,7221868.0,Europe & Central Asia,Lower middle income,7.23826983474198
Lao PDR,LAO,2024,2721.07810663082,69.225,7.908783443491,7769819.0,East Asia & Pacific,Lower middle income,7.908783443491
Latvia,LVA,2024,16374.773539624,76.4292682926829,9.70349723076654,1866124.0,Europe & Central Asia,High income,9.70349723076654
Lesotho,LSO,2024,991.069661910744,57.798,6.89878482642124,2337423.0,Sub-Saharan Africa ,Lower middle income,6.89878482642124
Liberia,LBR,2024,665.101337624192,62.324,6.49993941645087,5612817.0,Sub-Saharan Africa ,Low income,6.49993941645087
Libya,LBY,2024,7696.0807819319,71.121,8.94846648890323,7381023.0,"Middle East, North Africa, Afghanistan & Pakistan",Upper middle income,8.94846648890323
Lithuania,LTU,2024,19092.6451176955,77.1951219512195,9.85705846750335,2888278.0,Europe & Central Asia,High income,9.85705846750335
Luxembourg,LUX,2024,104147.1739928,83.1951219512195,11.5535603123104,677012.0,Europe & Central Asia,High income,11.5535603123104
"Macao SAR, China",MAC,2024,63377.2932129214,83.3317073170732,11.0568609250581,687000.0,East Asia & Pacific,High income,11.0568609250581
Madagascar,MDG,2024,453.383067004772,63.835,6.11673739067283,31964956.0,Sub-Saharan Africa ,Low income,6.11673739067283
Malawi,MWI,2024,551.95152347056,67.561,6.313460222621,21655286.0,Sub-Saharan Africa ,Low income,6.313460222621
Malaysia,MYS,2024,11883.79127749,76.821,9.38293067310699,35557673.0,East Asia & Pacific,Upper middle income,9.38293067310699
Maldives,MDV,2024,11798.791369146,81.285,9.37575237886426,527799.0,South Asia,Upper middle income,9.37575237886426
Mali,MLI,2024,909.755317910813,60.675,6.81317568193912,24478595.0,Sub-Saharan Africa ,Low income,6.81317568193912
Malta,MLT,2024,34670.0815997119,82.9560975609756,10.4536323922878,568847.0,"Middle East, North Africa, Afghanistan & Pakistan",High income,10.4536323922878
Marshall Islands,MHL,2024,5811.03355673487,67.075,8.66751372675037,37548.0,East Asia & Pacific,Upper middle income,8.66751372675037
Mauritania,MRT,2024,1688.6139322919,68.713,7.43166331299604,5169395.0,Sub-Saharan Africa ,Lower middle income,7.43166331299604
Mauritius,MUS,2024,11934.770909957,73.7890243902439,9.38721134377991,1245779.0,Sub-Saharan Africa ,Upper middle income,9.38721134377991
Mexico,MEX,2024,10316.4611902215,75.264,9.24149607230491,130861007.0,Latin America & Caribbean ,Upper middle income,9.24149607230491
"Micronesia, Fed. Sts.",FSM,2024,2930.27926555574,67.357,7.98285300994553,113160.0,East Asia & Pacific,Upper middle income,7.98285300994553
Moldova,MDA,2024,3851.51202518347,71.332,8.25622108399598,2402306.0,Europe & Central Asia,Upper middle income,8.25622108399598
Monaco,MCO,2024,247170.219910657,86.497,12.4178325276915,38631.0,Europe & Central Asia,High income,12.4178325276915
Mongolia,MNG,2024,4626.79609644243,72.3980487804878,8.4396199197368,3524788.0,East Asia & Pacific,Upper middle income,8.4396199197368
Montenegro,MNE,2024,8540.00828913129,77.890243902439,9.05251725740642,623525.0,Europe & Central Asia,Upper middle income,9.05251725740642
Morocco,MAR,2024,3516.15405273438,75.493,8.1651230726161,38081173.0,"Middle East, North Africa, Afghanistan & Pakistan",Lower middle income,8.1651230726161
Mozambique,MOZ,2024,605.604720848519,63.797,6.40622749741736,34631766.0,Sub-Saharan Africa ,Low income,6.40622749741736
Myanmar,MMR,2024,1158.47928099316,67.095,7.05486345937341,54500091.0,East Asia & Pacific,Lower middle income,7.05486345937341
Namibia,NAM,2024,4034.35053463284,67.516,8.30260060978928,3030131.0,Sub-Saharan Africa ,Lower middle income,8.30260060978928
Nauru,NRU,2024,8570.95582950675,62.279,9.05613453740372,11947.0,East Asia & Pacific,High income,9.05613453740372
Nepal,NPL,2024,1179.81272768386,70.636,7.07311099951202,29651054.0,South Asia,Lower middle income,7.07311099951202
Netherlands,NLD,2024,51178.5256968147,81.9658536585366,10.8430753030623,17993485.0,Europe & Central Asia,High income,10.8430753030623
New Zealand,NZL,2024,42408.2378731636,82.009756097561,10.6550979118097,5287500.0,East Asia & Pacific,High income,10.6550979118097
Nicaragua,NIC,2024,2290.47162505995,75.1,7.73651302515137,6916140.0,Latin America & Caribbean ,Lower middle income,7.73651302515137
Niger,NER,2024,595.151744559316,61.433,6.38881640590307,27032412.0,Sub-Saharan Africa ,Low income,6.38881640590307
Nigeria,NGA,2024,2324.64881202751,54.635,7.75132425802215,232679478.0,Sub-Saharan Africa ,Lower middle income,7.75132425802215
North Macedonia,MKD,2024,6628.84686594032,76.6165853658537,8.79918614134707,1824359.0,Europe & Central Asia,Upper middle income,8.79918614134707
Norway,NOR,2024,79667.5272314776,83.1609756097561,11.285617344256,5572279.0,Europe & Central Asia,High income,11.285617344256
Oman,OMN,2024,17347.2911339051,80.246,9.7611916425747,5281538.0,"Middle East, North Africa, Afghanistan & Pakistan",High income,9.7611916425747
Pakistan,PAK,2024,1634.56735260799,67.799,7.39913343217242,251269164.0,"Middle East, North Africa, Afghanistan & Pakistan",Lower middle income,7.39913343217242
Panama,PAN,2024,17122.720655567,79.775,9.74816155386693,4515577.0,Latin America & Caribbean ,High income,9.74816155386693
Papua New Guinea,PNG,2024,2564.73748186493,66.256,7.84961140611565,10576502.0,East Asia & Pacific,Lower middle income,7.84961140611565
Paraguay,PRY,2024,6640.83816613117,73.982,8.8009934643432,6929153.0,Latin America & Caribbean ,Upper middle income,8.8009934643432
Peru,PER,2024,6711.19403272527,77.941,8.81153216238001,34217848.0,Latin America & Caribbean ,Upper middle income,8.81153216238001
Philippines,PHL,2024,3925.3048697218,69.946,8.27519930101453,115843670.0,East Asia & Pacific,Upper middle income,8.27519930101453
Poland,POL,2024,18000.5034591285,78.409756097561,9.79815500643873,36559233.0,Europe & Central Asia,High income,9.79815500643873
Portugal,PRT,2024,22647.3791895579,82.3829268292683,10.0277994151461,10694681.0,Europe & Central Asia,High income,10.0277994151461
Puerto Rico (US),PRI,2024,30971.2620550191,81.902,10.3408150230255,3203295.0,Latin America & Caribbean ,High income,10.3408150230255
Qatar,QAT,2024,62157.3751791848,82.522,11.0374247573029,2857822.0,"Middle East, North Africa, Afghanistan & Pakistan",High income,11.0374247573029
Romania,ROU,2024,12459.9112061891,76.4585365853659,9.43027166600699,19051804.0,Europe & Central Asia,High income,9.43027166600699
Russian Federation,RUS,2024,11043.259765625,73.4404878048781,9.30957554487334,143533851.0,Europe & Central Asia,High income,9.30957554487334
Rwanda,RWA,2024,1070.45003770926,68.017,6.97583443502021,14256567.0,Sub-Saharan Africa ,Low income,6.97583443502021
Samoa,WSM,2024,4880.54418032056,71.826,8.49301200499092,218019.0,East Asia & Pacific,Upper middle income,8.49301200499092
Sao Tome and Principe,STP,2024,1368.14347554019,69.905,7.22120997246384,235536.0,Sub-Saharan Africa ,Lower middle income,7.22120997246384
Saudi Arabia,SAU,2024,24963.3322139095,78.982,10.1251633157326,35300280.0,"Middle East, North Africa, Afghanistan & Pakistan",High income,10.1251633157326
Senegal,SEN,2024,1511.89280670234,68.924,7.32111765918817,18501984.0,Sub-Saharan Africa ,Lower middle income,7.32111765918817
Serbia,SRB,2024,8580.26105823259,75.9682926829268,9.05721961838657,6586476.0,Europe & Central Asia,Upper middle income,9.05721961838657
Seychelles,SYC,2024,16586.4074964781,76.2951219512195,9.71633881341054,121354.0,Sub-Saharan Africa ,High income,9.71633881341054
Sierra Leone,SLE,2024,1137.29005673054,61.964,7.03640356827918,8642022.0,Sub-Saharan Africa ,Low income,7.03640356827918
Singapore,SGP,2024,67706.8336149739,83.3463414634146,11.1229423934662,6036860.0,East Asia & Pacific,High income,11.1229423934662
Sint Maarten (Dutch part),SXM,2024,34840.1808966872,76.528,10.4585266231656,43350.0,Latin America & Caribbean ,High income,10.4585266231656
Slovak Republic,SVK,2024,19776.1758069498,78.3707317073171,9.89223325013243,5422069.0,Europe & Central Asia,High income,9.89223325013243
Slovenia,SVN,2024,26134.627203987,82.2853658536585,10.1710164268014,2127400.0,Europe & Central Asia,High income,10.1710164268014
Solomon Islands,SLB,2024,1806.38367324387,70.694,7.4990821550706,819198.0,East Asia & Pacific,Lower middle income,7.4990821550706
"Somalia, Fed. Rep.",SOM,2024,467.269910194415,58.967,6.14690705686585,19009151.0,Sub-Saharan Africa ,Low income,6.14690705686585
South Africa,ZAF,2024,5715.47531469148,66.312,8.6509327424453,64007187.0,Sub-Saharan Africa ,Upper middle income,8.6509327424453
Spain,ESP,2024,29245.2192451729,83.8878048780488,10.283471394692,48848840.0,Europe & Central Asia,High income,10.283471394692
Sri Lanka,LKA,2024,4186.4986638365,77.672,8.3396200224844,21916000.0,South Asia,Upper middle income,8.3396200224844
St. Kitts and Nevis,KNA,2024,21692.2406392872,72.281,9.98470990135725,46843.0,Latin America & Caribbean ,High income,9.98470990135725
St. Lucia,LCA,2024,11854.9517233237,72.846,9.38050092622835,179744.0,Latin America & Caribbean ,Upper middle income,9.38050092622835
St. Vincent and the Grenadines,VCT,2024,9485.18771201686,71.382,9.15748667258097,100616.0,Latin America & Caribbean ,Upper middle income,9.15748667258097
Sudan,SDN,2024,578.38916015625,66.521,6.36024692958362,50448963.0,Sub-Saharan Africa ,Low income,6.36024692958362
Suriname,SUR,2024,7246.2576795921,73.757,8.88824043245564,634431.0,Latin America & Caribbean ,Upper middle income,8.88824043245564
Sweden,SWE,2024,54209.9474264877,84.0634146341463,10.9006197024418,10569709.0,Europe & Central Asia,High income,10.9006197024418
Switzerland,CHE,2024,90067.4645431168,84.4073170731707,11.4083142745328,9005582.0,Europe & Central Asia,High income,11.4083142745328
Tajikistan,TJK,2024,1496.33813395037,71.927,7.31077615836243,10590927.0,Europe & Central Asia,Lower middle income,7.31077615836243
Tanzania,TZA,2024,1120.77416992188,67.212,7.02177494864899,68560157.0,Sub-Saharan Africa ,Lower middle income,7.02177494864899
Thailand,THA,2024,6574.46109387985,76.564,8.79094789077882,71668011.0,East Asia & Pacific,Upper middle income,8.79094789077882
Timor-Leste,TLS,2024,1149.21888298011,67.904,7.04683775838339,1400638.0,East Asia & Pacific,Lower middle income,7.04683775838339
Togo,TGO,2024,931.029965529857,62.935,6.83629146314992,9515236.0,Sub-Saharan Africa ,Lower middle income,6.83629146314992
Trinidad and Tobago,TTO,2024,16312.4849555716,73.617,9.69968604180081,1368333.0,Latin America & Caribbean ,High income,9.69968604180081
Tunisia,TUN,2024,4006.20588267443,76.711,8.2955999084834,12277109.0,"Middle East, North Africa, Afghanistan & Pakistan",Lower middle income,8.2955999084834
Turkiye,TUR,2024,15395.0278894893,77.421,9.64179987195094,85518661.0,Europe & Central Asia,Upper middle income,9.64179987195094
Turkmenistan,TKM,2024,8231.49544263659,70.201,9.01572298343872,7494498.0,Europe & Central Asia,Upper middle income,9.01572298343872
Turks and Caicos Islands,TCA,2024,57179.29601876,78.181,10.9539471541314,46535.0,Latin America & Caribbean ,High income,10.9539471541314
Uganda,UGA,2024,986.090145363924,68.487,6.89374777574198,50015092.0,Sub-Saharan Africa ,Low income,6.89374777574198
Ukraine,UKR,2024,2219.04248046875,74.692,7.70483106671904,37860221.0,Europe & Central Asia,Upper middle income,7.70483106671904
United Arab Emirates,ARE,2024,41605.4168670844,83.069,10.6359856509234,10986400.0,"Middle East, North Africa, Afghanistan & Pakistan",High income,10.6359856509234
United Kingdom,GBR,2024,47960.9105761942,81.3868536585366,10.7781415951204,69226000.0,Europe & Central Asia,High income,10.7781415951204
United States,USA,2024,66356.1706750101,78.890243902439,11.10279203732,340110988.0,North America,High income,11.10279203732
Uruguay,URY,2024,18958.6033293537,78.287,9.85001310903206,3386588.0,Latin America & Caribbean ,High income,9.85001310903206
Uzbekistan,UZB,2024,3890.41593075015,72.528,8.26627135396865,36361859.0,Europe & Central Asia,Lower middle income,8.26627135396865
Vanuatu,VUT,2024,2697.09183254533,71.654,7.89992937244708,327777.0,East Asia & Pacific,Lower middle income,7.89992937244708
"Venezuela, RB",VEN,2024,1501.02277449885,72.673,7.31390200440233,28405543.0,Latin America & Caribbean ,Lower middle income,7.31390200440233
Viet Nam,VNM,2024,4017.74604111554,74.736,8.29847633808006,100987686.0,East Asia & Pacific,Upper middle income,8.29847633808006
West Bank and Gaza,PSE,2024,2072.09019517685,69.213,7.63631313292271,5289152.0,"Middle East, North Africa, Afghanistan & Pakistan",Lower middle income,7.63631313292271
Zambia,ZMB,2024,1343.38966380353,66.528,7.20295129874594,21314956.0,Sub-Saharan Africa ,Lower middle income,7.20295129874594
Zimbabwe,ZWE,2024,1417.71894115853,63.064,7.25680447951859,16634373.0,Sub-Saharan Africa ,Lower middle income,7.25680447951859
