"模拟编号","样本均值"
1,3.38
2,3.38
3,3.44
4,3.2
5,3.38
6,3.54
7,3.3
8,3.44
9,3.52
10,3.16
11,3.66
12,3.12
13,3.84
14,3.2
15,3.48
16,3.24
17,3.06
18,3.38
19,3.26
20,3.74
21,3.3
22,4.04
23,3.34
24,3.84
25,3.78
26,3.76
27,3.4
28,3.38
29,3.32
30,3.7
31,3.24
32,4.06
33,3.28
34,3.44
35,2.78
36,3.02
37,3.6
38,3.32
39,3.6
40,3.3
41,3.38
42,3.36
43,3.66
44,3.28
45,3.3
46,3.56
47,3.38
48,3.68
49,3.46
50,3.3
51,3.5
52,4.14
53,3.28
54,3.7
55,3.62
56,3.22
57,3.42
58,3.88
59,3.4
60,3.3
61,3.44
62,3.48
63,3.66
64,3.46
65,4.1
66,3.08
67,3.34
68,3.72
69,3.22
70,3.26
71,3.72
72,3.32
73,3.22
74,3.2
75,3.54
76,3.2
77,3.68
78,3.68
79,3.64
80,3.72
81,3.4
82,3.64
83,3.48
84,3.3
85,3.28
86,3.48
87,3.7
88,3.34
89,3.66
90,3.76
91,4.04
92,3.2
93,3.3
94,3.22
95,3.46
96,3.5
97,4.02
98,3.22
99,3.38
100,3.68
101,3.58
102,3.52
103,3.4
104,3.64
105,3.8
106,3.42
107,3.96
108,3.62
109,3.18
110,3.62
111,3.56
112,3.08
113,3.18
114,3.64
115,3.2
116,3.74
117,3.44
118,3.24
119,3.42
120,3.64
121,3.58
122,3.52
123,3.18
124,3.54
125,3.08
126,3.52
127,3.36
128,3.74
129,3.24
130,3.52
131,3.68
132,3.3
133,3.78
134,3.7
135,3.42
136,3.72
137,3.48
138,3.6
139,3.66
140,3.46
141,3.7
142,3.44
143,3.32
144,3
145,3.3
146,3.36
147,3.58
148,3.24
149,3.9
150,3.78
151,3.06
152,3.3
153,3.56
154,3.24
155,3.58
156,3.62
157,3.1
158,3.58
159,3.58
160,3.36
161,3.56
162,3.56
163,3.76
164,3.9
165,3.46
166,3.48
167,3.7
168,3.1
169,3.36
170,3.4
171,3.16
172,3.86
173,3.84
174,3.54
175,3.16
176,3.72
177,3.66
178,3.38
179,3.04
180,3.08
181,3.92
182,3.92
183,3.12
184,3.12
185,3.74
186,3.34
187,3
188,3.32
189,2.94
190,3.34
191,3.62
192,3.32
193,3.2
194,3.74
195,3.54
196,3.42
197,3.24
198,3.54
199,3.44
200,3.5
201,3.34
202,3.5
203,3.18
204,3.82
205,3.3
206,3.22
207,3.3
208,3.14
209,3.68
210,3.52
211,3.68
212,3.22
213,3.6
214,3.42
215,3.88
216,3.32
217,3.34
218,3.2
219,3.58
220,3.14
221,3.26
222,3.86
223,3.74
224,3.46
225,3.16
226,3.68
227,3.48
228,3.22
229,3.26
230,3.76
231,3.34
232,3.92
233,3.62
234,3.42
235,3.16
236,3.72
237,3.64
238,3.56
239,3.46
240,3.38
241,3.58
242,3.38
243,3.86
244,3.98
245,3.36
246,3.52
247,3.46
248,3.72
249,3.28
250,2.98
251,3.04
252,3.3
253,3.06
254,3.68
255,3.68
256,3.56
257,3.4
258,3.16
259,3.54
260,3.12
261,3.74
262,3.62
263,3.36
264,3.48
265,3.16
266,3.68
267,3.64
268,3.66
269,3.28
270,3.16
271,3.68
272,3.5
273,3.6
274,3.5
275,3.1
276,3.44
277,3.42
278,3.16
279,3.3
280,3.96
281,3.74
282,3.98
283,3.3
284,3.34
285,3.32
286,4.02
287,3.42
288,3.1
289,3.52
290,3.4
291,3.28
292,3.3
293,3.72
294,3.08
295,3.5
296,3.16
297,3.46
298,3.56
299,3.32
300,3.4
301,3.56
302,3.48
303,3.34
304,3.3
305,3.22
306,3.48
307,3.36
308,3.22
309,3.9
310,3.58
311,3.52
312,3.12
313,3.66
314,3.48
315,3.56
316,3.52
317,3.7
318,3.76
319,3.52
320,3.42
321,3.52
322,3.36
323,3.52
324,3.68
325,3.6
326,3.5
327,2.92
328,3.82
329,3.3
330,3.64
331,3.88
332,3.34
333,3.58
334,3.38
335,3.24
336,3.4
337,3.38
338,3.9
339,3.36
340,3.3
341,3.32
342,3.42
343,3.46
344,3.12
345,3.94
346,3.42
347,3.52
348,3.82
349,3.5
350,3.52
351,3.32
352,3.48
353,3.66
354,3.14
355,3.3
356,3.5
357,3.3
358,3.46
359,3.6
360,3.48
361,4.16
362,3.56
363,3.78
364,3.3
365,3.94
366,3.62
367,3.28
368,3.52
369,3.88
370,3.74
371,3.12
372,3.1
373,3.42
374,3.1
375,3.82
376,3.42
377,3.34
378,3.92
379,3.4
380,3.3
381,3.74
382,3.5
383,3.52
384,3.56
385,3.84
386,3.94
387,3.64
388,3.4
389,3.38
390,3.22
391,3.6
392,3.06
393,3.38
394,3.34
395,3.5
396,3.6
397,3.3
398,3.4
399,3.2
400,3.36
401,3.8
402,3.48
403,3.58
404,3.42
405,3.52
406,3.56
407,3.46
408,3.26
409,3.68
410,3.82
411,3.38
412,3.64
413,3.56
414,3.62
415,3.68
416,3.02
417,3.42
418,3.46
419,3.32
420,3.32
421,3.66
422,3.3
423,3.5
424,3.32
425,3.36
426,3.84
427,3.32
428,3.4
429,3.62
430,3.34
431,3.58
432,3.7
433,3.42
434,3.94
435,3.38
436,3.04
437,3.76
438,3.4
439,3.44
440,3.7
441,2.78
442,3.52
443,3.88
444,3.4
445,3.32
446,3.68
447,3.56
448,3.32
449,3.84
450,3.26
451,3.6
452,3.7
453,3.6
454,3.28
455,3.54
456,4.14
457,2.9
458,3.48
459,3.5
460,3.56
461,3.28
462,3.54
463,3.4
464,3.3
465,3.6
466,3.48
467,3.2
468,3.46
469,3.6
470,3.16
471,3
472,3.34
473,3.3
474,3.4
475,2.96
476,3.44
477,3.4
478,3.36
479,3.14
480,3.82
481,3.8
482,3.58
483,3.26
484,3.46
485,3.3
486,3.92
487,3.5
488,3.62
489,3.14
490,3.24
491,3.46
492,3.54
493,3.44
494,3.48
495,3.98
496,3.92
497,3.32
498,3.82
499,3.8
500,3.96
501,3.4
502,3.52
503,3.6
504,3.58
505,3.42
506,3.8
507,3.28
508,3.56
509,3.36
510,3.4
511,3.5
512,3.52
513,3.78
514,3.32
515,3.58
516,3.74
517,3.56
518,3.68
519,3.66
520,3.4
521,3.44
522,3.32
523,3.62
524,3.4
525,3.62
526,3.58
527,3.62
528,3.32
529,3.24
530,3.8
531,3.32
532,3.32
533,3.46
534,3.6
535,2.88
536,3.24
537,3.16
538,3.34
539,3.1
540,3.72
541,3.24
542,3.32
543,3.74
544,3.4
545,3.76
546,3.44
547,4.16
548,3.56
549,3.46
550,3.36
551,3.36
552,3.48
553,2.96
554,2.96
555,3.7
556,3.44
557,3.66
558,3.24
559,3.12
560,3.64
561,3.84
562,3.3
563,3.26
564,3.78
565,3.74
566,3.26
567,3.54
568,3.52
569,3.38
570,3.5
571,2.96
572,3.28
573,3.78
574,3.46
575,3.2
576,4.02
577,3.14
578,3.44
579,3.08
580,3.56
581,3.72
582,3.22
583,3.52
584,3.68
585,3.3
586,3.52
587,4.22
588,3.42
589,3.34
590,3.74
591,3.56
592,3.64
593,2.88
594,3.08
595,3.26
596,3.68
597,3.66
598,3.94
599,3.42
600,3.1
601,3.64
602,3.68
603,3.3
604,3.78
605,3.68
606,3.38
607,3.32
608,3.38
609,3.32
610,3.64
611,3.58
612,3.88
613,3.62
614,3.54
615,3.1
616,3.76
617,3.54
618,3.28
619,3.6
620,3.56
621,3.52
622,3.3
623,4.04
624,3.68
625,3.14
626,3.44
627,3.66
628,3.52
629,3.26
630,3.46
631,3.36
632,3.46
633,3.36
634,3.6
635,3.54
636,3.38
637,3.3
638,3.58
639,3.7
640,3.28
641,3.9
642,3
643,2.98
644,3.6
645,3.78
646,3.66
647,3.56
648,3.26
649,3.02
650,3.44
651,3.18
652,3.5
653,3.1
654,3.04
655,3.24
656,3.68
657,3.56
658,3.3
659,3.12
660,3.74
661,3.6
662,3.52
663,3.6
664,3.42
665,3.66
666,3.86
667,3.48
668,3.26
669,3.24
670,3.24
671,3.74
672,3.28
673,3.32
674,3.46
675,3.42
676,3.2
677,2.92
678,3.34
679,3.16
680,3.24
681,3.16
682,3.4
683,3.16
684,3.38
685,3.36
686,3.26
687,3.52
688,3.76
689,3.02
690,3.44
691,3.24
692,3.42
693,3.6
694,3.32
695,3.44
696,3.3
697,3.64
698,3.38
699,3.82
700,3.44
701,3.68
702,3.72
703,3.54
704,4.06
705,3.74
706,3.72
707,3.58
708,3.6
709,3.64
710,3.86
711,3.78
712,4.02
713,3.68
714,3.66
715,3.3
716,3.3
717,3.44
718,3.32
719,3.4
720,3.5
721,3.28
722,3.68
723,3.6
724,3
725,3.24
726,3.64
727,3.52
728,3.56
729,3.5
730,3.5
731,3.54
732,3.84
733,3.1
734,3.04
735,3.34
736,3.16
737,3.12
738,3.68
739,3.5
740,2.96
741,2.98
742,3.4
743,3.62
744,3.44
745,3.32
746,3.36
747,3.38
748,3.96
749,3.8
750,3.58
751,3.78
752,3.64
753,3.74
754,4.02
755,3.92
756,2.88
757,3.48
758,3.18
759,3.88
760,3.18
761,3.26
762,3.32
763,3.62
764,3.4
765,3.34
766,3.6
767,3.18
768,3
769,3.34
770,3.28
771,3.44
772,3.7
773,3.44
774,3.08
775,3.56
776,3.66
777,3.12
778,3.52
779,3.8
780,3.76
781,3.72
782,3.34
783,3.24
784,3.76
785,3.68
786,3.76
787,3.1
788,3.12
789,3.46
790,3.54
791,3.46
792,3.56
793,3.24
794,3.36
795,3.48
796,3.64
797,3.42
798,3.56
799,3.68
800,3.54
801,3.46
802,3.4
803,3.8
804,3.48
805,3.56
806,3.5
807,3.24
808,3.4
809,3.1
810,3.42
811,3.42
812,3.66
813,3.32
814,3.86
815,3.42
816,3.2
817,3.84
818,3.82
819,3.94
820,3.64
821,2.94
822,3.66
823,3.36
824,3.16
825,3.48
826,3.24
827,2.94
828,3.64
829,3.9
830,3.64
831,3.22
832,3.62
833,3.8
834,3.52
835,3.6
836,3.66
837,3.34
838,3.4
839,3.36
840,3.44
841,3.26
842,3.4
843,3.3
844,3.24
845,3.92
846,3.38
847,3.84
848,3.44
849,3.8
850,3.6
851,3.48
852,3.54
853,3.64
854,3.48
855,3.68
856,3.52
857,3.26
858,3.82
859,3.68
860,3.72
861,3.88
862,3.44
863,3.22
864,3.1
865,3.62
866,4
867,3.44
868,3.62
869,3.7
870,3.38
871,3.38
872,3.36
873,3.54
874,3.52
875,3.86
876,3.54
877,3.56
878,3.14
879,3.62
880,3.22
881,3.54
882,3.8
883,3.6
884,3.82
885,3.78
886,3.9
887,3.56
888,3.62
889,3.32
890,3.62
891,3.72
892,3.24
893,3.52
894,3.4
895,3.28
896,3.08
897,3.26
898,3.6
899,3.28
900,3.88
901,3.46
902,3.18
903,3.6
904,3.24
905,3.54
906,4.04
907,3.74
908,3.08
909,3.42
910,3.44
911,3.56
912,3.38
913,3.82
914,3.7
915,3.12
916,3.34
917,3.06
918,3.58
919,3.92
920,3.2
921,3.42
922,3.64
923,3.36
924,3.6
925,3.6
926,3.5
927,3.54
928,3.68
929,3.18
930,3.96
931,3.4
932,3.38
933,3.74
934,3.82
935,4.16
936,3.64
937,3.36
938,3.44
939,3.4
940,3.52
941,3.48
942,3.56
943,3.38
944,3.64
945,3.98
946,3.44
947,3.38
948,3.8
949,3.5
950,3.54
951,3.38
952,3.72
953,3.46
954,3.7
955,2.94
956,3.74
957,3.22
958,3.36
959,3.56
960,3.78
961,3.38
962,3.4
963,3.54
964,3.58
965,3.16
966,3.76
967,3.46
968,3.66
969,3.5
970,3.52
971,3.38
972,3.48
973,3.94
974,3.2
975,2.94
976,3.46
977,3.44
978,2.86
979,3.76
980,3.5
981,4.04
982,3.58
983,3.2
984,3.52
985,3.8
986,3.88
987,3.84
988,3.44
989,3.18
990,3.46
991,3.28
992,3.76
993,3.22
994,3.26
995,3.68
996,3.58
997,3.2
998,3.36
999,3.74
1000,3.62
1001,3.12
1002,4.14
1003,3.56
1004,3.78
1005,3.28
1006,3.74
1007,3.42
1008,3.24
1009,3.42
1010,3.12
1011,3.34
1012,3.8
1013,3.52
1014,3.64
1015,3.56
1016,3.26
1017,3.6
1018,3.02
1019,3.54
1020,3.24
1021,3.4
1022,3.3
1023,4.06
1024,3.64
1025,3.78
1026,3.54
1027,3.42
1028,3.9
1029,3.7
1030,3.44
1031,3.5
1032,3.2
1033,3.58
1034,3.18
1035,3.38
1036,3.12
1037,3.46
1038,3.74
1039,3.46
1040,3.78
1041,3.64
1042,3.18
1043,3.56
1044,3.74
1045,3.02
1046,2.96
1047,3.3
1048,3.3
1049,3.14
1050,3.38
1051,3.06
1052,3.42
1053,3.32
1054,3.34
1055,3.64
1056,3.36
1057,4.12
1058,3.28
1059,4.02
1060,2.96
1061,3.46
1062,3.52
1063,3.64
1064,4.08
1065,3.6
1066,3.72
1067,3.24
1068,3.44
1069,3.44
1070,3.8
1071,3.5
1072,3.24
1073,3.58
1074,3.6
1075,3.64
1076,3.38
1077,3.7
1078,3.28
1079,3.34
1080,3.4
1081,3.6
1082,3.52
1083,3.6
1084,3.28
1085,3.14
1086,3.04
1087,3.6
1088,3.74
1089,3.66
1090,2.88
1091,3.44
1092,3.44
1093,3.52
1094,2.98
1095,3.72
1096,3.18
1097,3.36
1098,3.66
1099,3.48
1100,3.44
1101,3.3
1102,3.88
1103,3.38
1104,3.4
1105,3.76
1106,2.86
1107,3.8
1108,3.76
1109,3.46
1110,3.86
1111,3.88
1112,3.28
1113,3.78
1114,3.5
1115,3.7
1116,3.48
1117,3.74
1118,2.98
1119,3.24
1120,3.3
1121,3.38
1122,3.58
1123,3.4
1124,3.86
1125,3.38
1126,3.8
1127,3.64
1128,3.32
1129,4.1
1130,3.34
1131,3.12
1132,3.8
1133,3.48
1134,3.84
1135,3.64
1136,3.16
1137,3.48
1138,3.16
1139,3.62
1140,3.44
1141,3.42
1142,2.98
1143,3.56
1144,3.72
1145,3.36
1146,3.12
1147,3.42
1148,3.94
1149,3.4
1150,3.54
1151,3.5
1152,3.48
1153,3.28
1154,3.3
1155,3.32
1156,3.56
1157,3.62
1158,3.26
1159,3.66
1160,3.26
1161,3.72
1162,3.82
1163,3.3
1164,3.5
1165,3.48
1166,3.8
1167,3.36
1168,3.76
1169,3.3
1170,3.42
1171,3.24
1172,3.44
1173,3.5
1174,2.9
1175,3.92
1176,3.48
1177,3.62
1178,3.48
1179,3.48
1180,3.84
1181,3.42
1182,3.52
1183,3.36
1184,3.84
1185,3.06
1186,3.86
1187,3.36
1188,3.12
1189,3.72
1190,3.04
1191,3.38
1192,3.12
1193,3.54
1194,3.74
1195,3.64
1196,3.5
1197,3.32
1198,3.42
1199,3.58
1200,3.38
1201,3.5
1202,3.56
1203,3.74
1204,4
1205,3.76
1206,3.38
1207,3.78
1208,3.68
1209,3.38
1210,3.76
1211,3.32
1212,3.46
1213,3.62
1214,3.66
1215,3.02
1216,3.58
1217,3.7
1218,3.28
1219,3.14
1220,2.92
1221,3.78
1222,3.02
1223,3.28
1224,3.64
1225,3.3
1226,3.38
1227,3.12
1228,3.66
1229,3.68
1230,3.4
1231,3.52
1232,3.54
1233,3.5
1234,3.58
1235,3.24
1236,3.76
1237,3.5
1238,3.48
1239,3.6
1240,3.8
1241,3
1242,3.54
1243,3.54
1244,3.18
1245,3.52
1246,3.3
1247,3.5
1248,3.28
1249,3.3
1250,3.5
1251,3.34
1252,3.28
1253,3.12
1254,3.38
1255,2.88
1256,3.18
1257,3.54
1258,3.7
1259,3.44
1260,3.66
1261,3.8
1262,4.04
1263,3.4
1264,3.66
1265,3.54
1266,3.88
1267,3.46
1268,3.4
1269,3.82
1270,3.5
1271,3.76
1272,3.5
1273,3.74
1274,4
1275,3.36
1276,3.5
1277,3.62
1278,3.28
1279,3.68
1280,3.36
1281,3.6
1282,3.74
1283,3.18
1284,3.7
1285,3.58
1286,3.78
1287,3.54
1288,3.4
1289,3.34
1290,3.68
1291,3.3
1292,3.68
1293,3.42
1294,3.88
1295,3.06
1296,3.2
1297,3.18
1298,3.54
1299,3.22
1300,3.3
1301,3.38
1302,3.7
1303,3.52
1304,3.84
1305,3.46
1306,3.64
1307,3.64
1308,3.06
1309,3.74
1310,3.54
1311,3.74
1312,3.24
1313,3.66
1314,3.4
1315,3.3
1316,3.5
1317,3.5
1318,3.18
1319,3.66
1320,3.48
1321,3.38
1322,4
1323,3.46
1324,3.56
1325,3.38
1326,3.36
1327,3.18
1328,3.08
1329,3.82
1330,3.6
1331,3.44
1332,2.92
1333,3.52
1334,3.86
1335,3.7
1336,3.54
1337,3.74
1338,3.46
1339,3.8
1340,3.22
1341,3.2
1342,3.62
1343,3.66
1344,3.42
1345,4.02
1346,3.82
1347,3.82
1348,3.28
1349,3.5
1350,3.78
1351,3.6
1352,3.48
1353,3.24
1354,3.3
1355,3.32
1356,3.32
1357,3.54
1358,3.6
1359,3.52
1360,3.42
1361,3.62
1362,3.46
1363,3.64
1364,3.8
1365,3.8
1366,3.62
1367,3.92
1368,3.86
1369,3.74
1370,3.52
1371,3.66
1372,3.64
1373,3.26
1374,3.74
1375,2.94
1376,3.54
1377,3.42
1378,3.38
1379,3.24
1380,4
1381,3.46
1382,3.62
1383,2.82
1384,3.4
1385,3.66
1386,3.74
1387,3.98
1388,3.52
1389,3.36
1390,3.62
1391,3.68
1392,3.96
1393,3.22
1394,3.5
1395,3.78
1396,4.04
1397,3.76
1398,3.36
1399,3.4
1400,3.16
1401,3.38
1402,3.38
1403,3.68
1404,3.42
1405,3.62
1406,3.7
1407,3.4
1408,3.24
1409,3.38
1410,3.54
1411,3.5
1412,3.46
1413,3.6
1414,3.32
1415,3.5
1416,3.42
1417,3.54
1418,3.72
1419,3.7
1420,3.66
1421,3.4
1422,3.48
1423,3.76
1424,3.6
1425,3.16
1426,3.76
1427,3.48
1428,3.48
1429,3.64
1430,4.02
1431,3.22
1432,3.6
1433,3.6
1434,3.3
1435,3.3
1436,3.74
1437,3.3
1438,3.66
1439,3.66
1440,3.28
1441,3.42
1442,3.38
1443,3.44
1444,3.38
1445,3.62
1446,3.02
1447,3.52
1448,3.78
1449,3.5
1450,3.36
1451,3.28
1452,4.32
1453,3.1
1454,3.74
1455,3.24
1456,3.1
1457,3.48
1458,3.48
1459,3.36
1460,3.58
1461,3.18
1462,3.58
1463,3.56
1464,3.84
1465,3.64
1466,3.72
1467,3.46
1468,3.5
1469,3.46
1470,3.56
1471,3.56
1472,3.52
1473,3.4
1474,3.04
1475,3.42
1476,3.36
1477,3.58
1478,3.44
1479,3.4
1480,3.52
1481,3.44
1482,3.14
1483,3.32
1484,3.94
1485,3.8
1486,3.54
1487,3.16
1488,3.58
1489,3.46
1490,3.62
1491,3.22
1492,3.54
1493,3.68
1494,3.42
1495,3.22
1496,3.26
1497,3.58
1498,3.26
1499,3.46
1500,3.3
1501,3.84
1502,3.84
1503,3.5
1504,3.06
1505,3.08
1506,3.46
1507,3.2
1508,3.14
1509,3.54
1510,3.88
1511,3.54
1512,3.88
1513,3.78
1514,3.48
1515,3.34
1516,3.58
1517,3.32
1518,3.52
1519,3.38
1520,3.08
1521,3.7
1522,3.52
1523,3.82
1524,3.24
1525,3.82
1526,3.72
1527,3.5
1528,3.26
1529,3.44
1530,3.68
1531,3.78
1532,3.08
1533,3.7
1534,3.8
1535,3.9
1536,3.38
1537,3.6
1538,3.06
1539,3.92
1540,3.72
1541,3.16
1542,3.58
1543,3.38
1544,3.76
1545,3.1
1546,3.48
1547,3.18
1548,3.62
1549,3.52
1550,3.6
1551,3.82
1552,3.32
1553,3.3
1554,2.96
1555,3.54
1556,3.5
1557,3.52
1558,3.62
1559,3.48
1560,3.98
1561,3.62
1562,3.4
1563,3.62
1564,3.56
1565,3.78
1566,3.4
1567,3.28
1568,3.42
1569,3.26
1570,3.62
1571,3.52
1572,3.92
1573,3.42
1574,3.44
1575,3.7
1576,3.16
1577,3.36
1578,3.74
1579,3.78
1580,3.88
1581,4
1582,3.84
1583,3.78
1584,3.6
1585,3.26
1586,3.5
1587,3.34
1588,3.44
1589,3.46
1590,3.68
1591,3.78
1592,3.58
1593,2.86
1594,3.62
1595,3.74
1596,3.7
1597,3.84
1598,3.64
1599,3.42
1600,3.96
1601,3.38
1602,3.36
1603,3.46
1604,3.34
1605,3.66
1606,3.96
1607,3.34
1608,3.6
1609,4.04
1610,3.38
1611,3.84
1612,3.4
1613,3.56
1614,3.96
1615,3.34
1616,3.2
1617,3.66
1618,3.32
1619,3.7
1620,3.4
1621,3.64
1622,3.56
1623,3.56
1624,3.72
1625,3.42
1626,3.7
1627,3.58
1628,3.74
1629,3.38
1630,3.46
1631,3.4
1632,3.42
1633,3.64
1634,3.74
1635,3.46
1636,3.5
1637,3.52
1638,3.18
1639,3.44
1640,3.56
1641,3.58
1642,3.28
1643,3.6
1644,3.76
1645,3.48
1646,3.32
1647,3.74
1648,3.38
1649,3.22
1650,3.4
1651,3.66
1652,3.84
1653,3.88
1654,3.04
1655,3.34
1656,3.56
1657,2.94
1658,3.4
1659,3.06
1660,4.02
1661,3.44
1662,3.18
1663,3.28
1664,3.44
1665,3.44
1666,3.9
1667,3.58
1668,3.56
1669,3.28
1670,3.68
1671,3.68
1672,3.56
1673,3.54
1674,3.24
1675,3.8
1676,3.4
1677,3.68
1678,4.16
1679,3.38
1680,3.52
1681,3.34
1682,3.7
1683,3.12
1684,3.94
1685,3.18
1686,3.08
1687,2.9
1688,3.38
1689,3.66
1690,3.44
1691,3.58
1692,3.44
1693,3.72
1694,3.56
1695,3.76
1696,3.02
1697,3.42
1698,3.74
1699,3.2
1700,3.58
1701,3.48
1702,3.72
1703,3.34
1704,3.6
1705,3.32
1706,3.54
1707,3.58
1708,3.66
1709,3.26
1710,3.46
1711,3.6
1712,3.32
1713,3.64
1714,3.52
1715,4.14
1716,3.88
1717,3.4
1718,3.56
1719,3.48
1720,3.56
1721,3.56
1722,3.58
1723,3.64
1724,3.32
1725,3.38
1726,3.4
1727,3.58
1728,3.66
1729,3.08
1730,3.76
1731,3.56
1732,4.02
1733,3.86
1734,3.54
1735,3.48
1736,3.62
1737,3.58
1738,3.48
1739,3.44
1740,3.8
1741,3.58
1742,2.94
1743,3.28
1744,3.58
1745,3.28
1746,3.62
1747,3.26
1748,3.6
1749,3.46
1750,3.78
1751,3.02
1752,4.02
1753,3.82
1754,3.6
1755,3.8
1756,3.52
1757,3.5
1758,3.72
1759,3.36
1760,3.42
1761,3.74
1762,3.14
1763,3.72
1764,3.08
1765,3.56
1766,3.44
1767,3.58
1768,3.58
1769,3.26
1770,3.94
1771,3.58
1772,3.62
1773,3.58
1774,3.46
1775,3.54
1776,3.72
1777,3.64
1778,3.34
1779,3.52
1780,3.56
1781,4
1782,3.48
1783,3.18
1784,3.64
1785,3.66
1786,3.28
1787,3.34
1788,3.44
1789,3.58
1790,3.42
1791,3.38
1792,3.44
1793,3.58
1794,3.6
1795,3.64
1796,3.34
1797,3.58
1798,3.36
1799,3.26
1800,3.82
1801,3.54
1802,3.36
1803,4.06
1804,3.42
1805,3.1
1806,4.06
1807,3.48
1808,3.2
1809,3.02
1810,3.14
1811,3.52
1812,3.66
1813,3.56
1814,3.16
1815,3.66
1816,3.02
1817,3.84
1818,3.72
1819,3.3
1820,3.3
1821,3.8
1822,3.56
1823,3.5
1824,3.7
1825,3.6
1826,4.12
1827,3.58
1828,3.48
1829,3.26
1830,3.74
1831,3.3
1832,3.36
1833,3.26
1834,3.92
1835,3.36
1836,3.44
1837,3.18
1838,3.84
1839,3.82
1840,3.38
1841,3.72
1842,3.66
1843,3.88
1844,3.6
1845,3.44
1846,3.44
1847,3.54
1848,4.12
1849,3.3
1850,3.3
1851,3.62
1852,3.04
1853,3.9
1854,3.3
1855,3.52
1856,3.7
1857,3.44
1858,3.94
1859,3.16
1860,3.74
1861,3.66
1862,3.36
1863,3.5
1864,3.3
1865,3.84
1866,3.5
1867,3.4
1868,3.24
1869,3.44
1870,3.22
1871,3.86
1872,3.32
1873,3
1874,3.48
1875,3.78
1876,3.7
1877,3.48
1878,3
1879,3.02
1880,3.3
1881,3.96
1882,3.48
1883,3.32
1884,3.28
1885,3.2
1886,3.38
1887,3.8
1888,2.98
1889,3.9
1890,3.26
1891,3.34
1892,3.3
1893,3.18
1894,3.52
1895,3.56
1896,3.14
1897,3.38
1898,3.36
1899,3.2
1900,3.52
1901,3.3
1902,3.92
1903,3.62
1904,3.6
1905,3.78
1906,3.44
1907,3.26
1908,3.38
1909,3.32
1910,3.44
1911,3.36
1912,3.66
1913,3.46
1914,3.64
1915,3.68
1916,3.78
1917,3.24
1918,4.08
1919,3.14
1920,3.56
1921,3.54
1922,3.24
1923,3.4
1924,3.5
1925,3.64
1926,3.54
1927,3.76
1928,3.98
1929,3.58
1930,3.9
1931,3.28
1932,3.12
1933,3.5
1934,3.64
1935,3.7
1936,3
1937,3.48
1938,3.38
1939,3.2
1940,3.72
1941,3.8
1942,3.58
1943,3.6
1944,3.3
1945,3.16
1946,3.42
1947,3.62
1948,3.2
1949,3.34
1950,3.26
1951,3.48
1952,3.38
1953,3.6
1954,3.62
1955,3.52
1956,3.36
1957,3.36
1958,3.26
1959,3.92
1960,3.6
1961,3.08
1962,3.64
1963,3.46
1964,3.66
1965,3.38
1966,3.2
1967,3.24
1968,3.52
1969,3.32
1970,3.48
1971,3.18
1972,3.82
1973,2.72
1974,4.22
1975,3.62
1976,3.42
1977,3.74
1978,3.08
1979,3.4
1980,3.8
1981,3.68
1982,3.4
1983,3.28
1984,3.28
1985,3.46
1986,3.52
1987,3.36
1988,3.38
1989,3.64
1990,3.5
1991,4
1992,3.9
1993,3.08
1994,3.96
1995,3.54
1996,3.42
1997,3.44
1998,3.84
1999,2.9
2000,3.94
2001,3.5
2002,3.16
2003,3.84
2004,3.7
2005,3.54
2006,3.76
2007,3.72
2008,3.66
2009,3.56
2010,3.86
2011,3.36
2012,3.34
2013,3.72
2014,3.42
2015,3.1
2016,3.56
2017,3.9
2018,3.26
2019,3.46
2020,3.44
2021,3.72
2022,3.28
2023,3.74
2024,3.86
2025,3.78
2026,3.88
2027,3.9
2028,3.28
2029,3.34
2030,3.66
2031,3.26
2032,3.8
2033,3.7
2034,3.84
2035,3.84
2036,3.5
2037,3.9
2038,3.28
2039,3.64
2040,3.88
2041,3.68
2042,3.68
2043,3.5
2044,3.76
2045,3.4
2046,3.84
2047,3.36
2048,3.88
2049,3.5
2050,3.66
2051,3.92
2052,3.62
2053,3.34
2054,3.68
2055,3.4
2056,3.36
2057,3.56
2058,3.38
2059,3.42
2060,3.7
2061,3.48
2062,3.76
2063,4.04
2064,3.3
2065,3.54
2066,3
2067,3.76
2068,3.12
2069,3.54
2070,3.78
2071,3.8
2072,3.46
2073,3.6
2074,3.76
2075,3.48
2076,3.36
2077,3.74
2078,3.54
2079,3.22
2080,3.68
2081,3.58
2082,3.62
2083,3.44
2084,3.14
2085,3.38
2086,3.54
2087,3.38
2088,3.4
2089,3.64
2090,3.76
2091,3.34
2092,3.44
2093,3.54
2094,3.48
2095,3.72
2096,3.06
2097,3.46
2098,3.78
2099,3.28
2100,3.72
2101,3.4
2102,4.08
2103,3.54
2104,3.4
2105,3.4
2106,3.6
2107,3.8
2108,3.78
2109,3.54
2110,3.46
2111,3.56
2112,3.74
2113,3.72
2114,3.32
2115,3.46
2116,3.34
2117,3.4
2118,3.96
2119,4.04
2120,3.64
2121,3.06
2122,3.44
2123,3.06
2124,3.82
2125,3.6
2126,3.62
2127,3.72
2128,3.66
2129,3.46
2130,3.36
2131,3.84
2132,3.68
2133,3.64
2134,3.82
2135,3.66
2136,3.54
2137,3.6
2138,3.6
2139,3.72
2140,3.46
2141,3.06
2142,3.36
2143,3.76
2144,3.14
2145,3.42
2146,3.54
2147,3.46
2148,3.66
2149,3.1
2150,3.4
2151,3.24
2152,3.08
2153,3.82
2154,3.06
2155,3.58
2156,3.04
2157,3.3
2158,3.42
2159,3.48
2160,3.78
2161,3.28
2162,3.82
2163,3.36
2164,3.86
2165,3.7
2166,3.1
2167,3.78
2168,3.16
2169,3.36
2170,3.42
2171,3.82
2172,3.46
2173,3.72
2174,3.16
2175,3.38
2176,3.12
2177,3.5
2178,3.42
2179,3.52
2180,3.66
2181,4
2182,3.6
2183,3.52
2184,3.56
2185,3.08
2186,3.56
2187,3.04
2188,3.8
2189,3.44
2190,3.6
2191,3.32
2192,3.32
2193,3.8
2194,3.36
2195,3.32
2196,3.92
2197,3.68
2198,3.24
2199,3.44
2200,3.1
2201,4.22
2202,3.92
2203,3.34
2204,3.6
2205,4.04
2206,3.58
2207,3.62
2208,3.98
2209,3.62
2210,3.56
2211,3.32
2212,3.4
2213,3.58
2214,4.18
2215,4.04
2216,3.56
2217,3.2
2218,3.48
2219,3.28
2220,3.18
2221,3.28
2222,3.62
2223,3.44
2224,3.78
2225,3.84
2226,3.36
2227,3.34
2228,3.38
2229,3.46
2230,3.66
2231,3.74
2232,3.3
2233,3.74
2234,3.74
2235,3.3
2236,3.24
2237,3.28
2238,3.22
2239,3.56
2240,3.6
2241,2.98
2242,3.66
2243,3.54
2244,3.84
2245,3.66
2246,3.9
2247,3.68
2248,3.18
2249,3.94
2250,3.4
2251,3.66
2252,3.56
2253,3.42
2254,3.58
2255,3.58
2256,3.52
2257,3.54
2258,3.7
2259,3.24
2260,3.48
2261,3.72
2262,3.7
2263,3.5
2264,3.76
2265,3.62
2266,3.82
2267,3.78
2268,3.18
2269,3.62
2270,3.26
2271,3.32
2272,3.9
2273,3.52
2274,3.3
2275,3.3
2276,4
2277,3.38
2278,3.94
2279,3.34
2280,3.8
2281,3.06
2282,3.24
2283,3.76
2284,3.36
2285,3.54
2286,3.78
2287,3.44
2288,3.8
2289,3.58
2290,3.1
2291,3.74
2292,3.66
2293,3.92
2294,3.86
2295,3.54
2296,3.8
2297,3.08
2298,3.2
2299,2.8
2300,3.74
2301,3.2
2302,3.6
2303,3.72
2304,3.48
2305,3.5
2306,3.74
2307,2.9
2308,3.26
2309,3.96
2310,3.48
2311,3.84
2312,3.58
2313,3.48
2314,3.34
2315,4.06
2316,3.62
2317,3.86
2318,3.58
2319,3.32
2320,3.3
2321,3.26
2322,3.82
2323,3.4
2324,3.22
2325,3.62
2326,3.68
2327,3.34
2328,3.5
2329,3.52
2330,3.56
2331,3.48
2332,3.72
2333,3.62
2334,3.4
2335,3.42
2336,3.52
2337,3.08
2338,3.62
2339,3.38
2340,3.42
2341,3.44
2342,3.74
2343,3.4
2344,3.1
2345,3.5
2346,3.06
2347,3.28
2348,3.7
2349,3.88
2350,3.02
2351,3.54
2352,3.48
2353,3.68
2354,3.44
2355,3.54
2356,3.42
2357,3.82
2358,3.06
2359,3.96
2360,3.56
2361,3.56
2362,3.24
2363,3.74
2364,3.64
2365,3.82
2366,3.76
2367,3.58
2368,3.46
2369,2.94
2370,4
2371,3.4
2372,3.58
2373,3.26
2374,3.44
2375,3.42
2376,3.9
2377,3.46
2378,3.6
2379,3.68
2380,3.32
2381,3.3
2382,3.2
2383,3.8
2384,3.68
2385,3.34
2386,3.14
2387,3.18
2388,3.5
2389,3.32
2390,3.36
2391,3.72
2392,3.38
2393,3.84
2394,3.34
2395,4.1
2396,3.26
2397,3.52
2398,3.5
2399,3.86
2400,3.62
2401,3.72
2402,3.28
2403,2.92
2404,3.64
2405,3.64
2406,3.6
2407,3.64
2408,3.64
2409,3.64
2410,3.22
2411,3
2412,3.24
2413,3.64
2414,3.32
2415,3.8
2416,3.98
2417,3.84
2418,3.52
2419,3.3
2420,3.68
2421,3.08
2422,3.42
2423,3.3
2424,3.32
2425,3.58
2426,3.64
2427,3.5
2428,3.2
2429,3.24
2430,3.56
2431,3.24
2432,3.92
2433,3.4
2434,3.18
2435,3.64
2436,3.56
2437,3.3
2438,3.74
2439,3.28
2440,3.78
2441,3.34
2442,3.68
2443,3.3
2444,3.8
2445,3.54
2446,3.22
2447,3.9
2448,3.3
2449,3.38
2450,3.96
2451,3.98
2452,3.5
2453,3.32
2454,3.64
2455,3.62
2456,3.3
2457,3.74
2458,3.6
2459,3.7
2460,3.86
2461,3.26
2462,3.42
2463,3.96
2464,3.22
2465,3.26
2466,3.32
2467,3.28
2468,3.18
2469,3.28
2470,3.44
2471,3.22
2472,3.58
2473,3.56
2474,3.12
2475,3.8
2476,4
2477,3.16
2478,3.42
2479,3.48
2480,3.12
2481,3.4
2482,3.4
2483,3.46
2484,3.4
2485,3.8
2486,3.52
2487,3.44
2488,3.9
2489,3.72
2490,3.54
2491,3.56
2492,3.48
2493,3.78
2494,3.54
2495,3.14
2496,3.84
2497,3.7
2498,3.64
2499,3.64
2500,3.8
2501,3.9
2502,3.44
2503,3.6
2504,3.14
2505,3.38
2506,3.3
2507,3.84
2508,3.8
2509,3.52
2510,3.48
2511,4.04
2512,3.74
2513,3.34
2514,3.56
2515,3.68
2516,3.6
2517,3.24
2518,3.58
2519,3.7
2520,3.88
2521,3.38
2522,3.5
2523,3.46
2524,3.3
2525,3.42
2526,3.56
2527,3.32
2528,3.54
2529,3.8
2530,3.46
2531,3.3
2532,3.42
2533,3.56
2534,3.8
2535,3.52
2536,3.64
2537,3.22
2538,3.08
2539,3.8
2540,3.76
2541,3.48
2542,3.82
2543,3.6
2544,3.26
2545,3.22
2546,3.46
2547,3.1
2548,3.26
2549,3.58
2550,3.38
2551,3.5
2552,3.68
2553,3.24
2554,3.22
2555,3.28
2556,3.52
2557,3.86
2558,3.98
2559,3.8
2560,3.72
2561,3.4
2562,3.44
2563,3.44
2564,2.92
2565,3.92
2566,3.36
2567,3.64
2568,3.76
2569,3.1
2570,3.64
2571,3.66
2572,3.4
2573,3.76
2574,3.32
2575,3.66
2576,3.58
2577,3.42
2578,3.52
2579,3.72
2580,4
2581,3.84
2582,3.76
2583,3.26
2584,3.4
2585,3.48
2586,3.5
2587,3.6
2588,3.56
2589,3.32
2590,3.66
2591,3.8
2592,3.44
2593,3.42
2594,3.26
2595,3.62
2596,3.9
2597,3.42
2598,3.84
2599,3.7
2600,3.18
2601,3.38
2602,3.8
2603,3.72
2604,3.5
2605,3.44
2606,3.4
2607,3.24
2608,3.48
2609,3.18
2610,4.08
2611,3.82
2612,3.44
2613,2.92
2614,3.2
2615,3.46
2616,3.18
2617,2.82
2618,3.32
2619,3.24
2620,3.78
2621,3.64
2622,3.52
2623,3.36
2624,3.68
2625,4.06
2626,3.2
2627,3.46
2628,3.4
2629,3.82
2630,3.46
2631,3.62
2632,3.52
2633,3.92
2634,3.34
2635,3.56
2636,3.78
2637,3.3
2638,3.4
2639,2.88
2640,3.5
2641,4.02
2642,3.48
2643,3.52
2644,3.34
2645,3.48
2646,3.56
2647,3.26
2648,3.3
2649,3.68
2650,3.44
2651,3.22
2652,3.26
2653,3.38
2654,3.12
2655,3.72
2656,3.54
2657,3.48
2658,3.34
2659,3.24
2660,3.46
2661,3.36
2662,3.04
2663,3.78
2664,3.26
2665,3.2
2666,3.38
2667,3.08
2668,3.22
2669,3.54
2670,3.66
2671,4
2672,3.22
2673,3.7
2674,3.42
2675,3.66
2676,3.5
2677,3.26
2678,3.58
2679,3.3
2680,3.52
2681,3.12
2682,3.42
2683,3.4
2684,3.62
2685,3.38
2686,3.54
2687,3.32
2688,3.28
2689,3.38
2690,3.62
2691,3.62
2692,3.46
2693,3.56
2694,3.14
2695,3.24
2696,3.82
2697,3.38
2698,3.44
2699,3.24
2700,3.66
2701,3.46
2702,3.58
2703,3.78
2704,3.96
2705,3.64
2706,3.44
2707,3.64
2708,3.5
2709,3.16
2710,3.02
2711,3.56
2712,3.8
2713,3.74
2714,3.26
2715,3.74
2716,3.64
2717,3.72
2718,3.96
2719,3.78
2720,3.76
2721,3.34
2722,3.72
2723,3.38
2724,3.54
2725,3.28
2726,3.18
2727,3.96
2728,3.8
2729,3.76
2730,3.26
2731,3.22
2732,3.72
2733,3.64
2734,3.2
2735,3.38
2736,3.76
2737,3.2
2738,3.6
2739,3.66
2740,3.72
2741,3.16
2742,3.64
2743,3.16
2744,4.02
2745,3.4
2746,3
2747,3.4
2748,3.58
2749,3.32
2750,3.6
2751,3.46
2752,3.48
2753,3.58
2754,3.6
2755,3.02
2756,3.46
2757,3.74
2758,3.56
2759,3.44
2760,3.6
2761,3.72
2762,3.44
2763,3.42
2764,3.74
2765,3.48
2766,3.44
2767,3.32
2768,3.32
2769,3.8
2770,4
2771,3.6
2772,3.36
2773,3.4
2774,3.8
2775,3.14
2776,3.76
2777,3.28
2778,3.72
2779,3.46
2780,3.32
2781,3.7
2782,2.98
2783,3.56
2784,2.88
2785,3.82
2786,3.56
2787,3.14
2788,3.36
2789,3.98
2790,3.36
2791,3.58
2792,3.22
2793,3.72
2794,4.06
2795,3.46
2796,3.46
2797,3.58
2798,4.08
2799,3.5
2800,3.72
2801,3.54
2802,3.84
2803,3.34
2804,3.56
2805,3.06
2806,3.18
2807,3.62
2808,3.62
2809,3.66
2810,3.32
2811,3.4
2812,3.56
2813,3.36
2814,3.16
2815,3.3
2816,3.4
2817,3.38
2818,3.62
2819,3.72
2820,3.32
2821,3.92
2822,2.98
2823,3.42
2824,3.32
2825,3.48
2826,3.74
2827,3.5
2828,3.6
2829,3
2830,3.56
2831,2.92
2832,3.66
2833,2.82
2834,3.42
2835,3.4
2836,3.64
2837,3.26
2838,3.5
2839,3.8
2840,3.28
2841,3.72
2842,3.42
2843,3.74
2844,3.62
2845,3.46
2846,3.24
2847,3.34
2848,3.4
2849,3.64
2850,3.44
2851,3.78
2852,3.52
2853,3.26
2854,3.48
2855,3.68
2856,3.72
2857,3.26
2858,3.42
2859,3.44
2860,3.58
2861,3.32
2862,3.54
2863,3.12
2864,3.64
2865,3.1
2866,3.32
2867,3.52
2868,3.44
2869,3.6
2870,3.58
2871,3.44
2872,3.52
2873,3.4
2874,3.36
2875,3.34
2876,3.54
2877,3.76
2878,3.18
2879,3.78
2880,3.64
2881,3.96
2882,3.42
2883,3.5
2884,3.3
2885,3.46
2886,3.68
2887,3.86
2888,3.94
2889,3.78
2890,3.28
2891,3.8
2892,3.38
2893,3
2894,3.32
2895,3.74
2896,3.7
2897,3.38
2898,3.7
2899,3.86
2900,3.88
2901,3.06
2902,3.18
2903,3.5
2904,3.26
2905,3.42
2906,3.36
2907,3.52
2908,3.02
2909,3.46
2910,3.56
2911,3.08
2912,3.52
2913,3.68
2914,3.3
2915,3.28
2916,3.58
2917,3.24
2918,3.44
2919,3.78
2920,3.62
2921,3.06
2922,3.6
2923,3.42
2924,3.64
2925,3.64
2926,3.5
2927,2.92
2928,3.3
2929,3.3
2930,3.54
2931,3.76
2932,3.24
2933,3.58
2934,3.66
2935,3.72
2936,3.48
2937,3.54
2938,3.7
2939,3.9
2940,3.28
2941,3.36
2942,3.34
2943,3.16
2944,3.3
2945,3.58
2946,3.9
2947,4.04
2948,3.64
2949,3.44
2950,3.16
2951,3.34
2952,3.46
2953,3.28
2954,3.86
2955,3.42
2956,3.62
2957,3.34
2958,3.4
2959,3.76
2960,3.54
2961,3.72
2962,3.44
2963,3.3
2964,3.56
2965,4
2966,3.58
2967,3.56
2968,3.56
2969,3.74
2970,3.36
2971,3.42
2972,3.56
2973,3.94
2974,3.5
2975,3.26
2976,3.38
2977,3.78
2978,3.5
2979,3.8
2980,3.3
2981,3.88
2982,4.12
2983,3.8
2984,3.74
2985,3.16
2986,3.56
2987,3.76
2988,3.6
2989,3.46
2990,3.18
2991,3.68
2992,3.78
2993,3.3
2994,3.56
2995,3.2
2996,3.46
2997,3.3
2998,3.56
2999,3.34
3000,3.2
3001,3.76
3002,3.1
3003,3.62
3004,3.28
3005,3.58
3006,3.12
3007,3.18
3008,3.16
3009,3.28
3010,3.22
3011,3.7
3012,3.42
3013,4.08
3014,3.5
3015,3.1
3016,3.64
3017,3.16
3018,3.5
3019,3.68
3020,3.46
3021,3.82
3022,3.36
3023,3.54
3024,3.58
3025,3.4
3026,3.38
3027,3.08
3028,3.48
3029,3.32
3030,3.34
3031,3.56
3032,3.52
3033,3.42
3034,3.52
3035,3.26
3036,3.2
3037,3.4
3038,3.4
3039,3.04
3040,3.62
3041,3.74
3042,3.36
3043,3.96
3044,3.8
3045,3.34
3046,3.46
3047,4.06
3048,4.06
3049,3.74
3050,3.54
3051,3.18
3052,3.46
3053,3.18
3054,3.82
3055,3.34
3056,3.58
3057,4
3058,3.64
3059,3.36
3060,3.92
3061,3.64
3062,3.16
3063,3.56
3064,3.12
3065,3.3
3066,3.14
3067,3.16
3068,3.14
3069,3.52
3070,3.58
3071,3.42
3072,3.32
3073,3.3
3074,3.36
3075,4.12
3076,3.2
3077,3.7
3078,3.06
3079,3.8
3080,3.5
3081,3.32
3082,3.38
3083,3.68
3084,3.46
3085,3.1
3086,3.4
3087,3.46
3088,3.86
3089,3.14
3090,3.74
3091,3.22
3092,3.96
3093,3.5
3094,3.72
3095,3.52
3096,3.58
3097,3.52
3098,3.9
3099,3.22
3100,3.46
3101,3.24
3102,3.28
3103,3.36
3104,3.54
3105,3.08
3106,3.48
3107,3.42
3108,3.26
3109,3.56
3110,3.38
3111,3.7
3112,3.58
3113,3.5
3114,3.34
3115,3.9
3116,4.02
3117,3.72
3118,3.3
3119,3.74
3120,3.66
3121,3.5
3122,3.86
3123,3.62
3124,3.9
3125,3.84
3126,3.24
3127,3.3
3128,3.38
3129,3.16
3130,3.62
3131,3.34
3132,3.22
3133,3.4
3134,3.2
3135,4.34
3136,3.24
3137,3.26
3138,3.7
3139,3.38
3140,4.02
3141,3.24
3142,3.4
3143,3.56
3144,3
3145,3.44
3146,3.52
3147,3.98
3148,3.68
3149,3.3
3150,3.9
3151,3.4
3152,3.9
3153,3.62
3154,3.28
3155,3.64
3156,3.5
3157,3.28
3158,3.76
3159,3.24
3160,3.54
3161,3.92
3162,3.46
3163,3.64
3164,3.22
3165,3.06
3166,3.48
3167,3.66
3168,3.66
3169,3.72
3170,3.5
3171,3.7
3172,3.52
3173,3.08
3174,3.3
3175,3.7
3176,3.26
3177,3.42
3178,3.52
3179,3.4
3180,3.14
3181,3.46
3182,3.5
3183,3.32
3184,3.7
3185,3.74
3186,3.18
3187,3.6
3188,3.18
3189,3.84
3190,3.92
3191,3.8
3192,3.5
3193,2.92
3194,3.74
3195,3.56
3196,3.52
3197,3.14
3198,3.4
3199,3.78
3200,3.56
3201,3.66
3202,3.22
3203,3.72
3204,3.66
3205,3.84
3206,3.48
3207,3.22
3208,3.82
3209,3.46
3210,3.44
3211,3.2
3212,3.9
3213,3.78
3214,3.36
3215,3.94
3216,3.68
3217,3.36
3218,3.42
3219,4.04
3220,3.24
3221,3.08
3222,3.72
3223,3.6
3224,3.46
3225,3.5
3226,3.24
3227,3.34
3228,3.3
3229,3.4
3230,3.32
3231,3.1
3232,3.82
3233,3.44
3234,3.42
3235,3.82
3236,3.78
3237,4.02
3238,3.92
3239,3.4
3240,4
3241,3.52
3242,3.3
3243,3.38
3244,3.3
3245,3.38
3246,3.42
3247,3.32
3248,3.64
3249,3.52
3250,4
3251,3.42
3252,3.74
3253,3.58
3254,3.66
3255,3.42
3256,3.46
3257,3.36
3258,3.6
3259,3.16
3260,3.84
3261,3.1
3262,3.52
3263,3.96
3264,3.42
3265,3.64
3266,3.64
3267,3.5
3268,3.56
3269,3.38
3270,3.92
3271,4.04
3272,3.28
3273,3.62
3274,3.38
3275,3.34
3276,3.66
3277,3.18
3278,3.96
3279,3.48
3280,3.52
3281,3.6
3282,3.46
3283,3.54
3284,3.42
3285,3.58
3286,3.02
3287,3.38
3288,3.16
3289,3.3
3290,3.48
3291,3.32
3292,3.08
3293,3.64
3294,3.94
3295,3.84
3296,3.38
3297,3.52
3298,3.52
3299,3.74
3300,3.5
3301,3.62
3302,3.64
3303,3.58
3304,3.06
3305,3.4
3306,3.9
3307,3.38
3308,3.68
3309,3.08
3310,3.24
3311,3.72
3312,3.32
3313,3.18
3314,3.26
3315,3.54
3316,3.76
3317,3.54
3318,3.4
3319,3.84
3320,3.68
3321,3.34
3322,3.22
3323,3.46
3324,3.4
3325,3.52
3326,3.64
3327,3.52
3328,3.36
3329,3.48
3330,3.28
3331,3.08
3332,3.68
3333,3.54
3334,3.68
3335,3.56
3336,3.84
3337,3.24
3338,3.58
3339,3.44
3340,3.54
3341,3.3
3342,3.5
3343,3.82
3344,3.6
3345,2.96
3346,3.64
3347,3.72
3348,3.84
3349,3.52
3350,3.34
3351,3.56
3352,3.9
3353,3.72
3354,3.42
3355,3.8
3356,3.1
3357,3.64
3358,3.52
3359,3.44
3360,3.32
3361,3.64
3362,3.82
3363,3.96
3364,3.74
3365,3.66
3366,3.2
3367,3.7
3368,3.18
3369,3.76
3370,3.64
3371,3.6
3372,3.54
3373,4.08
3374,3.16
3375,3.5
3376,3.26
3377,3.68
3378,3.18
3379,3.04
3380,3.84
3381,3.56
3382,3.44
3383,3.34
3384,3.8
3385,3.02
3386,3.5
3387,3.52
3388,3.36
3389,3.8
3390,3.56
3391,3.36
3392,3.56
3393,3.24
3394,3.48
3395,4.16
3396,3.74
3397,3.38
3398,3.54
3399,3.84
3400,4.04
3401,3.72
3402,3.34
3403,3.4
3404,3.94
3405,3.6
3406,3.38
3407,3.9
3408,3.28
3409,3.22
3410,3.76
3411,3.84
3412,3.38
3413,3.36
3414,3.92
3415,3.4
3416,3.54
3417,3.28
3418,3.26
3419,3.72
3420,3.46
3421,3.24
3422,3.6
3423,3.42
3424,3.44
3425,3.72
3426,3.34
3427,3.26
3428,3.66
3429,3.16
3430,3.78
3431,3.42
3432,3.46
3433,3.4
3434,3.48
3435,3.32
3436,4.06
3437,3.28
3438,3.8
3439,3.92
3440,3.26
3441,3.58
3442,3.58
3443,3.48
3444,3.48
3445,4.16
3446,3.78
3447,3.88
3448,3.28
3449,3.84
3450,3.54
3451,3.48
3452,3.54
3453,3.3
3454,3.64
3455,3.5
3456,3.16
3457,3.42
3458,3.5
3459,3.3
3460,3.52
3461,3.52
3462,3.38
3463,3.66
3464,3.74
3465,3.2
3466,3.34
3467,3.6
3468,3.42
3469,3.58
3470,3.66
3471,3.28
3472,3.46
3473,3.4
3474,3.34
3475,3.48
3476,3.38
3477,2.96
3478,3.64
3479,3.3
3480,3.26
3481,3.84
3482,3.22
3483,3.58
3484,3.64
3485,3.52
3486,3.28
3487,3.68
3488,3.24
3489,3.84
3490,3.64
3491,3.44
3492,3.4
3493,3.62
3494,4
3495,3.6
3496,3.82
3497,3.58
3498,3.32
3499,3.34
3500,3.56
3501,3.58
3502,3.3
3503,3.12
3504,3.38
3505,3.54
3506,3.58
3507,3.48
3508,3.56
3509,3.48
3510,3.84
3511,3.68
3512,3.36
3513,3.44
3514,3.34
3515,3.68
3516,3.48
3517,3.04
3518,3.72
3519,2.72
3520,3.1
3521,3.44
3522,3.4
3523,3
3524,4.1
3525,3.72
3526,3.18
3527,3.38
3528,3.12
3529,3
3530,3.52
3531,3.82
3532,3.54
3533,3.14
3534,3.56
3535,3.78
3536,3.64
3537,3.46
3538,3.6
3539,3.7
3540,3.2
3541,3.7
3542,3.62
3543,3.24
3544,2.98
3545,3.4
3546,3.5
3547,3.72
3548,3.4
3549,3.64
3550,3.18
3551,3.78
3552,3.16
3553,3.28
3554,3.38
3555,3.36
3556,3.26
3557,3.5
3558,3.42
3559,3.34
3560,3.38
3561,3.5
3562,3.18
3563,3.58
3564,3.54
3565,3
3566,3.34
3567,3.54
3568,3.16
3569,3.8
3570,3.82
3571,3.56
3572,3.64
3573,3.62
3574,3.22
3575,3.36
3576,3.22
3577,3.62
3578,3.04
3579,3.52
3580,3.48
3581,3.4
3582,3.48
3583,3.4
3584,3.72
3585,3.28
3586,3.58
3587,3.56
3588,4.2
3589,3.2
3590,3.78
3591,3.3
3592,3.38
3593,3.7
3594,3.68
3595,3.54
3596,3.4
3597,3.4
3598,3.62
3599,3.98
3600,3.7
3601,3.58
3602,3.98
3603,3.44
3604,3.36
3605,3.38
3606,3.7
3607,3.62
3608,3.6
3609,3.3
3610,3.36
3611,3.68
3612,3.62
3613,3.36
3614,3.32
3615,3.18
3616,3.58
3617,3.72
3618,3.52
3619,3.48
3620,3.54
3621,3.28
3622,3.26
3623,3.44
3624,3.22
3625,3.82
3626,3.28
3627,2.92
3628,3.4
3629,3.74
3630,3.54
3631,3.64
3632,3.66
3633,3.58
3634,3.46
3635,3.48
3636,3.94
3637,3.26
3638,3.38
3639,3.18
3640,3.28
3641,3.5
3642,3.28
3643,3.46
3644,3.32
3645,3.5
3646,3.64
3647,3.32
3648,3.38
3649,3.6
3650,3.34
3651,3.38
3652,3.86
3653,4
3654,3.36
3655,3.82
3656,3.44
3657,3.62
3658,3.14
3659,3.36
3660,3.48
3661,3.4
3662,3.7
3663,3.66
3664,3.32
3665,3.14
3666,3.28
3667,3.52
3668,3.08
3669,3.3
3670,3.58
3671,3.32
3672,3.54
3673,3.66
3674,3.6
3675,3.68
3676,3.44
3677,3.18
3678,3.6
3679,3.92
3680,3.8
3681,3.62
3682,3.58
3683,3.74
3684,2.96
3685,3.56
3686,3.5
3687,3.3
3688,3.44
3689,2.88
3690,3.52
3691,3.72
3692,3.42
3693,3.56
3694,3.12
3695,3.56
3696,3.92
3697,3.52
3698,3.24
3699,3.68
3700,3.06
3701,3.2
3702,3.56
3703,3.62
3704,3.66
3705,3.2
3706,3.58
3707,3.9
3708,3.86
3709,2.92
3710,3.24
3711,3.52
3712,3.46
3713,3.68
3714,3.6
3715,3.6
3716,3.76
3717,3.3
3718,3.86
3719,3.64
3720,3.48
3721,3.16
3722,3.58
3723,3.34
3724,3.62
3725,3.38
3726,3.08
3727,3.44
3728,2.94
3729,2.98
3730,3.36
3731,4.1
3732,4
3733,3.3
3734,3.54
3735,3.38
3736,3.58
3737,3.58
3738,3.42
3739,3.32
3740,3.44
3741,3.74
3742,3.46
3743,3.56
3744,3.5
3745,3.78
3746,3.58
3747,3.7
3748,3.12
3749,3.18
3750,3.64
3751,3.64
3752,3.7
3753,3.8
3754,3.48
3755,3.54
3756,3.28
3757,3.72
3758,3.82
3759,3.28
3760,3.4
3761,3.56
3762,3.72
3763,3.3
3764,3.22
3765,3.32
3766,3.56
3767,3.5
3768,3.16
3769,3.82
3770,3.14
3771,3.56
3772,3.1
3773,3.58
3774,3.48
3775,3.54
3776,3.84
3777,3.42
3778,3.46
3779,3.84
3780,3.94
3781,3.26
3782,3.24
3783,3.5
3784,3.18
3785,3.62
3786,3.84
3787,3.66
3788,3.28
3789,3.86
3790,3.76
3791,3.64
3792,3.72
3793,3.46
3794,3.66
3795,3.68
3796,3.8
3797,3.26
3798,3.56
3799,3.76
3800,3.56
3801,3.96
3802,3.52
3803,3.48
3804,3.84
3805,3.78
3806,3.5
3807,3.6
3808,3.12
3809,3.78
3810,3.2
3811,3.76
3812,3.62
3813,3.46
3814,3.7
3815,3.42
3816,3.2
3817,3.26
3818,3.92
3819,3.72
3820,2.98
3821,3.58
3822,3.92
3823,3.38
3824,3.72
3825,3.8
3826,3.46
3827,3.72
3828,3.66
3829,3.58
3830,3.32
3831,3.34
3832,3.2
3833,3.2
3834,3.48
3835,3.66
3836,3.56
3837,3.1
3838,3.6
3839,3.72
3840,3.14
3841,3.46
3842,3.32
3843,2.98
3844,3.74
3845,3.58
3846,3.64
3847,3.3
3848,3.84
3849,3.7
3850,3.76
3851,3.64
3852,3.54
3853,3.64
3854,3.38
3855,3.54
3856,3.74
3857,3.52
3858,3.74
3859,4.16
3860,3.72
3861,3.36
3862,3.68
3863,3.42
3864,3.56
3865,3.86
3866,3.2
3867,3.66
3868,3.36
3869,3.52
3870,3.02
3871,3.66
3872,3.22
3873,3.48
3874,3.7
3875,3.7
3876,3.08
3877,3.46
3878,3.52
3879,3.54
3880,3.4
3881,3.06
3882,3.44
3883,3.54
3884,3.56
3885,3.34
3886,3.78
3887,3.4
3888,3.32
3889,3.64
3890,3.72
3891,3.26
3892,3.14
3893,3.72
3894,3.34
3895,3.64
3896,3.62
3897,3.56
3898,3.46
3899,3.74
3900,3.32
3901,3.42
3902,3.58
3903,3.44
3904,3.84
3905,2.74
3906,3.22
3907,3.58
3908,3.34
3909,3.46
3910,3.56
3911,3.76
3912,3.72
3913,3.8
3914,3.64
3915,3.38
3916,3.42
3917,3.26
3918,3.68
3919,3.44
3920,3.76
3921,3.8
3922,3.58
3923,3.4
3924,3.52
3925,3.44
3926,3.42
3927,3.28
3928,3.54
3929,3.52
3930,3.94
3931,3.24
3932,3.78
3933,3.78
3934,3.52
3935,3.7
3936,3.54
3937,4
3938,3.3
3939,3.12
3940,3.42
3941,3.46
3942,3.24
3943,3.94
3944,3.5
3945,3.6
3946,3.86
3947,3.62
3948,3.44
3949,3.28
3950,3.6
3951,3.04
3952,3.54
3953,3.64
3954,3.3
3955,3.74
3956,3.06
3957,3.58
3958,3.34
3959,3.7
3960,3.6
3961,3.46
3962,3.32
3963,3.5
3964,3.22
3965,3.5
3966,3.64
3967,3.84
3968,3.28
3969,3.76
3970,3.04
3971,3.32
3972,3.72
3973,3.42
3974,3.74
3975,3.5
3976,3.2
3977,3.64
3978,3.82
3979,3.2
3980,3.74
3981,3.1
3982,3.38
3983,3.44
3984,3.52
3985,3.74
3986,3.36
3987,4.14
3988,3.22
3989,3.54
3990,3.52
3991,3.4
3992,3.2
3993,3.58
3994,3.48
3995,3.34
3996,3.32
3997,3.52
3998,3.58
3999,3.68
4000,3.16
4001,3.66
4002,3.38
4003,3.54
4004,3.22
4005,3.14
4006,3.48
4007,3.42
4008,3.48
4009,3.46
4010,3.82
4011,3.36
4012,3.68
4013,3.54
4014,3.24
4015,3.66
4016,3.62
4017,3.56
4018,3.28
4019,4.1
4020,3.18
4021,3.28
4022,3.64
4023,3.82
4024,3.74
4025,3.46
4026,3.32
4027,3.92
4028,3.7
4029,3.88
4030,3.78
4031,4.12
4032,3.6
4033,3.94
4034,3.98
4035,3.76
4036,3.12
4037,3.48
4038,3.18
4039,3.18
4040,3.72
4041,3.46
4042,3.2
4043,3.58
4044,3.58
4045,3.54
4046,3.7
4047,3.16
4048,3.28
4049,3.56
4050,3.32
4051,3.64
4052,3.4
4053,3.88
4054,3.2
4055,3.82
4056,3.54
4057,3.16
4058,3.4
4059,3.54
4060,3.24
4061,3.4
4062,3.56
4063,3.76
4064,3.58
4065,3.76
4066,3.32
4067,3.6
4068,3.26
4069,3.74
4070,3.68
4071,3.48
4072,3.78
4073,3.7
4074,3.32
4075,3.5
4076,3.7
4077,3.22
4078,3.68
4079,3.4
4080,3.36
4081,3.22
4082,3.46
4083,3.84
4084,3.5
4085,3.5
4086,3.32
4087,3.8
4088,3.58
4089,3.76
4090,3.48
4091,3.34
4092,3.8
4093,4.2
4094,3.36
4095,3.44
4096,3.36
4097,3.16
4098,3.36
4099,3.3
4100,3.44
4101,3.72
4102,3.8
4103,3.7
4104,3.62
4105,3.72
4106,3.42
4107,3.36
4108,3.52
4109,3.38
4110,3.06
4111,3.64
4112,3.28
4113,3.24
4114,3.44
4115,3.26
4116,3.84
4117,3.28
4118,3.3
4119,3.46
4120,3.5
4121,3.7
4122,3.46
4123,3.38
4124,3.8
4125,2.96
4126,3.8
4127,3.68
4128,3.38
4129,3.3
4130,3.56
4131,3.5
4132,3.36
4133,3.78
4134,3.58
4135,3.06
4136,3.58
4137,3.92
4138,3.7
4139,3.62
4140,3.5
4141,3.66
4142,3.42
4143,3.54
4144,3.42
4145,3.08
4146,3.6
4147,3.2
4148,3.18
4149,3.38
4150,3.14
4151,3.34
4152,3.58
4153,3.82
4154,3.26
4155,3.32
4156,3.66
4157,3.28
4158,3.56
4159,3.22
4160,3.08
4161,3.52
4162,3.52
4163,3.78
4164,3.46
4165,3.14
4166,3.36
4167,3.7
4168,3.36
4169,3.3
4170,3.32
4171,3.58
4172,3.76
4173,3.64
4174,3.5
4175,3.46
4176,3.8
4177,3.38
4178,3.62
4179,3.56
4180,3.28
4181,3.6
4182,3.2
4183,3.38
4184,3.06
4185,3.34
4186,3.82
4187,3.58
4188,3.4
4189,2.96
4190,3.8
4191,3.82
4192,3.32
4193,3.56
4194,3.88
4195,3.94
4196,3.56
4197,3.14
4198,3.18
4199,3.14
4200,3.72
4201,3.78
4202,3.86
4203,3.9
4204,3.04
4205,3.68
4206,3.7
4207,3.78
4208,3.48
4209,3.84
4210,3.48
4211,3.56
4212,3.44
4213,3.36
4214,3.68
4215,3.44
4216,3.68
4217,3.88
4218,3.74
4219,3.3
4220,3.34
4221,3.44
4222,3.8
4223,3.48
4224,4.08
4225,3.4
4226,3.82
4227,4.18
4228,3.38
4229,3.52
4230,3.28
4231,3.68
4232,3.32
4233,3.34
4234,3.74
4235,3.14
4236,3.4
4237,3.46
4238,3.22
4239,3.96
4240,3.42
4241,3.56
4242,3.58
4243,3.44
4244,3.58
4245,3.66
4246,3.34
4247,3.18
4248,3.6
4249,3.22
4250,3.76
4251,3.36
4252,3.84
4253,3.44
4254,3.88
4255,3.44
4256,3.46
4257,3.28
4258,3.62
4259,3.3
4260,3.42
4261,3.64
4262,3.46
4263,3.76
4264,3.78
4265,3.72
4266,3.36
4267,3.6
4268,4.12
4269,3.76
4270,3.7
4271,3.68
4272,3.38
4273,3.8
4274,3.36
4275,3.88
4276,3.5
4277,3.7
4278,3.38
4279,3.92
4280,3.18
4281,3.66
4282,3.86
4283,3.82
4284,3.54
4285,2.98
4286,3.8
4287,3.76
4288,3.64
4289,3.86
4290,3.24
4291,3.64
4292,3.54
4293,3.58
4294,3.26
4295,3.66
4296,3.36
4297,2.82
4298,3.82
4299,3.8
4300,3.18
4301,3.74
4302,3.44
4303,3.54
4304,3.82
4305,3.68
4306,3.78
4307,3.1
4308,3.4
4309,3.3
4310,3.14
4311,3.08
4312,3.72
4313,3.1
4314,3.78
4315,3.78
4316,3.74
4317,3.48
4318,3.62
4319,3.76
4320,3.6
4321,3.5
4322,3.4
4323,3.74
4324,3.48
4325,3.42
4326,3.36
4327,3.64
4328,3.58
4329,3.24
4330,3.66
4331,3.3
4332,3.08
4333,3.36
4334,3.7
4335,4.24
4336,3.5
4337,3.34
4338,3.4
4339,3.58
4340,3.54
4341,3.76
4342,3.74
4343,3.74
4344,3.64
4345,3.68
4346,3.58
4347,3.68
4348,3.9
4349,3.48
4350,3.88
4351,4.06
4352,3.38
4353,3.62
4354,3.84
4355,3.64
4356,3.56
4357,3.52
4358,3.34
4359,3.2
4360,3.48
4361,3.52
4362,3.58
4363,3.76
4364,3.3
4365,3.36
4366,3.42
4367,3.92
4368,3.48
4369,3.24
4370,3.82
4371,3.76
4372,3.74
4373,3.48
4374,3.92
4375,3.24
4376,3.52
4377,3.48
4378,3.72
4379,3.56
4380,3.66
4381,3.64
4382,3.92
4383,3.38
4384,2.84
4385,3.3
4386,3.7
4387,3.66
4388,3.44
4389,4.08
4390,3.2
4391,3.78
4392,3.56
4393,4.12
4394,3.88
4395,3.9
4396,4.02
4397,3.12
4398,3.56
4399,3.46
4400,3.28
4401,3.64
4402,4
4403,3.52
4404,3.56
4405,3.3
4406,3.4
4407,3.66
4408,3.38
4409,3.64
4410,3.52
4411,3.6
4412,3.64
4413,3.42
4414,3.46
4415,3.76
4416,3.62
4417,3.6
4418,3.76
4419,3.6
4420,3.08
4421,3.54
4422,3.42
4423,3.44
4424,3.18
4425,3.88
4426,3.74
4427,3.5
4428,3.64
4429,3.44
4430,3.2
4431,3.78
4432,3.86
4433,3.72
4434,3
4435,3.34
4436,3.44
4437,3.44
4438,3.4
4439,3.62
4440,3.82
4441,3.64
4442,3.58
4443,3.64
4444,3.12
4445,3.1
4446,3.48
4447,3.34
4448,3.38
4449,3.38
4450,3.32
4451,3.88
4452,3.78
4453,3.5
4454,4.04
4455,3.34
4456,3.92
4457,3.24
4458,4
4459,3.34
4460,3.68
4461,3.06
4462,3.6
4463,3.46
4464,3.52
4465,3.9
4466,4.18
4467,3.58
4468,3.92
4469,3.6
4470,3.32
4471,3.48
4472,2.82
4473,3.48
4474,3.52
4475,3.22
4476,3.34
4477,3.66
4478,3.54
4479,3.34
4480,3.34
4481,3.82
4482,3.04
4483,3.58
4484,3.56
4485,3.48
4486,3.38
4487,3.36
4488,3.8
4489,4.12
4490,3.14
4491,3.34
4492,3.84
4493,3.52
4494,3.38
4495,3.6
4496,3.7
4497,3.26
4498,3.86
4499,3.56
4500,3.7
4501,3.74
4502,3.4
4503,2.82
4504,3.32
4505,3.7
4506,3.38
4507,3.56
4508,3.66
4509,3.54
4510,3.36
4511,3.82
4512,3.28
4513,3.6
4514,3.42
4515,3.6
4516,3.66
4517,3.58
4518,3.64
4519,3.7
4520,3.72
4521,3.3
4522,3.7
4523,3.06
4524,3.36
4525,3.3
4526,3.52
4527,3.36
4528,3.82
4529,3.44
4530,3.26
4531,3.58
4532,3.54
4533,3.22
4534,3.6
4535,3.42
4536,3.62
4537,3.3
4538,3.42
4539,3.5
4540,3.04
4541,3.2
4542,3.38
4543,3.42
4544,3.14
4545,3.36
4546,3.62
4547,3.02
4548,3.58
4549,3.4
4550,3.58
4551,3.38
4552,3.96
4553,3.48
4554,3.4
4555,3.32
4556,3.66
4557,3.48
4558,3.02
4559,3.48
4560,3.76
4561,3.5
4562,3.36
4563,3.4
4564,3.58
4565,3.82
4566,3.72
4567,3.22
4568,3.56
4569,3.58
4570,3.08
4571,3.66
4572,3.54
4573,3.56
4574,3.2
4575,3.88
4576,3.52
4577,3.24
4578,3.52
4579,3.34
4580,3.46
4581,3.1
4582,3.36
4583,3.72
4584,3.6
4585,3.4
4586,3.58
4587,3.48
4588,3.16
4589,3.38
4590,3.76
4591,3.52
4592,3.54
4593,3.04
4594,3.68
4595,3.68
4596,3.42
4597,3.7
4598,3.84
4599,3.42
4600,3.88
4601,3.46
4602,3.16
4603,3.62
4604,3.86
4605,3.02
4606,3.68
4607,3.34
4608,3.4
4609,3.14
4610,3.82
4611,3.28
4612,3.24
4613,3.28
4614,3.46
4615,3.84
4616,3.58
4617,3.58
4618,3.18
4619,3.26
4620,3.1
4621,3.48
4622,3.92
4623,3.66
4624,3.5
4625,3.56
4626,3.36
4627,3.86
4628,3.3
4629,3.18
4630,3.64
4631,3.72
4632,3.56
4633,3.42
4634,3.26
4635,3.66
4636,3.5
4637,3.62
4638,3.22
4639,3.66
4640,3.24
4641,3.66
4642,3.18
4643,3.88
4644,3.7
4645,3.44
4646,3.2
4647,3.76
4648,3.34
4649,3.28
4650,3.76
4651,3.2
4652,3.88
4653,3.72
4654,3.42
4655,3.42
4656,3.52
4657,3.16
4658,2.98
4659,3.76
4660,3.68
4661,3.38
4662,3.18
4663,3.18
4664,3.44
4665,3.38
4666,3.36
4667,3.66
4668,3.06
4669,3.68
4670,3.3
4671,3.98
4672,2.94
4673,3.68
4674,3.56
4675,3.08
4676,3.52
4677,3.54
4678,2.94
4679,3.48
4680,3.88
4681,3.62
4682,3.66
4683,3.48
4684,3.3
4685,3.5
4686,3.5
4687,3.48
4688,3.22
4689,3.6
4690,3.46
4691,3.58
4692,3.94
4693,3.34
4694,3.78
4695,3.12
4696,3.58
4697,3.6
4698,3.18
4699,3.14
4700,3.86
4701,3.86
4702,3.76
4703,3.54
4704,3.76
4705,3.88
4706,3.76
4707,3.34
4708,3.28
4709,3.82
4710,3.18
4711,3.8
4712,3.26
4713,3.26
4714,3.3
4715,2.98
4716,3.58
4717,3.14
4718,3.24
4719,3.2
4720,3.16
4721,3.14
4722,2.98
4723,3.9
4724,3.24
4725,3.26
4726,3.74
4727,3.46
4728,3.8
4729,3.22
4730,3.26
4731,3.46
4732,3.72
4733,3.98
4734,3.7
4735,3.68
4736,3.36
4737,3.4
4738,3.66
4739,3.48
4740,2.84
4741,3.42
4742,3.56
4743,3.84
4744,3.58
4745,3.4
4746,3.88
4747,3.38
4748,3.6
4749,3.4
4750,3.54
4751,3.64
4752,3.4
4753,3.6
4754,3.04
4755,3.68
4756,3.66
4757,3.64
4758,3.7
4759,3.1
4760,3.68
4761,3.68
4762,3.68
4763,3.44
4764,3.38
4765,3.72
4766,3.3
4767,3.4
4768,3.24
4769,3.82
4770,3.56
4771,3.4
4772,3.68
4773,3.74
4774,3.52
4775,3.62
4776,3.46
4777,3.58
4778,3.52
4779,3.14
4780,3.32
4781,3.86
4782,3.3
4783,3.7
4784,3.78
4785,3.4
4786,3.5
4787,3.22
4788,3.76
4789,3.68
4790,3.42
4791,3.34
4792,3
4793,3.58
4794,3.76
4795,3.5
4796,3.32
4797,3.38
4798,3.46
4799,3.66
4800,3.26
4801,3.48
4802,3.6
4803,3.44
4804,3.38
4805,3.48
4806,3.24
4807,3.7
4808,3.52
4809,3.28
4810,3.4
4811,3.38
4812,3.14
4813,3.58
4814,3.56
4815,3.48
4816,3.66
4817,3.26
4818,3.36
4819,3.54
4820,3.48
4821,3.58
4822,3.86
4823,3.42
4824,3.3
4825,3.52
4826,4.06
4827,3.48
4828,3.56
4829,3.76
4830,3.68
4831,3.32
4832,3.42
4833,4
4834,3.04
4835,3.44
4836,3.3
4837,3.38
4838,3.44
4839,3.12
4840,3.24
4841,3.62
4842,3
4843,3.08
4844,3.34
4845,3.7
4846,3.3
4847,3.48
4848,3.4
4849,3.1
4850,3.3
4851,3.88
4852,3.44
4853,3.14
4854,3.68
4855,3.48
4856,3.78
4857,3.26
4858,3.54
4859,3.52
4860,3.54
4861,3.18
4862,3.4
4863,3.12
4864,3.38
4865,3.2
4866,3.46
4867,3.64
4868,3.02
4869,4
4870,3.36
4871,3.12
4872,3.12
4873,3.7
4874,3.44
4875,3.6
4876,3.02
4877,3.42
4878,3.52
4879,3.48
4880,3.72
4881,3.58
4882,3.28
4883,3.14
4884,3.18
4885,3.38
4886,3.68
4887,3.68
4888,3.4
4889,3.68
4890,3.84
4891,3.66
4892,3.48
4893,3.58
4894,3.88
4895,3.72
4896,3.26
4897,3.4
4898,2.9
4899,3.72
4900,3.64
4901,3.74
4902,3.54
4903,3.06
4904,3.46
4905,3.1
4906,3.64
4907,3.22
4908,3.32
4909,3
4910,3.54
4911,3.38
4912,3.7
4913,3.74
4914,3.68
4915,3.44
4916,3.88
4917,3.58
4918,3.46
4919,3.42
4920,3.5
4921,3.24
4922,3.88
4923,3.64
4924,3.96
4925,3.36
4926,3.78
4927,3.44
4928,3.42
4929,3.66
4930,3.7
4931,3.54
4932,3.66
4933,3.36
4934,3.52
4935,3.76
4936,3.3
4937,3.7
4938,3.72
4939,3.62
4940,3.26
4941,3.56
4942,3.7
4943,4.08
4944,3.08
4945,3.4
4946,3.96
4947,3.62
4948,3.74
4949,3.3
4950,3.48
4951,3.26
4952,3.88
4953,3.68
4954,3.18
4955,3.88
4956,3.44
4957,3.3
4958,3.86
4959,3.54
4960,3.72
4961,3.64
4962,3.16
4963,3.4
4964,3.48
4965,3.68
4966,4
4967,3.4
4968,3.94
4969,3.14
4970,3.56
4971,3.48
4972,3.7
4973,3.34
4974,3.64
4975,3.72
4976,3.54
4977,3.38
4978,3.64
4979,3.78
4980,3.34
4981,3.5
4982,3.9
4983,3.98
4984,3.92
4985,3.86
4986,3.56
4987,3.76
4988,3.28
4989,3.4
4990,3.26
4991,3.36
4992,3.04
4993,3.26
4994,3.36
4995,3.6
4996,2.98
4997,3.46
4998,3.66
4999,3.56
5000,3.8
5001,3.42
5002,3.2
5003,3.16
5004,3
5005,3.28
5006,3.68
5007,2.9
5008,3.02
5009,3.9
5010,3.72
5011,3.5
5012,3.08
5013,3.42
5014,3.74
5015,3.74
5016,3.74
5017,3.76
5018,3.36
5019,3.32
5020,3.62
5021,3.78
5022,3.4
5023,3.32
5024,3.54
5025,3.46
5026,3.54
5027,3.82
5028,3.74
5029,3.62
5030,3.54
5031,3.2
5032,3.86
5033,3.44
5034,3.26
5035,4.06
5036,3.94
5037,3.36
5038,3.68
5039,3.74
5040,3.7
5041,3.56
5042,3.7
5043,3.14
5044,3.66
5045,3.44
5046,3.66
5047,3.5
5048,3.64
5049,3.58
5050,3.66
5051,3.52
5052,3.9
5053,3.4
5054,3.88
5055,3.9
5056,3.3
5057,3.2
5058,3.76
5059,3.34
5060,3.08
5061,3.44
5062,3.44
5063,3.48
5064,3.68
5065,3.84
5066,3.9
5067,3.54
5068,3.7
5069,3.32
5070,3.38
5071,3.46
5072,3.76
5073,3.32
5074,3.86
5075,3.8
5076,3.34
5077,3.68
5078,3.48
5079,3.44
5080,3.28
5081,3.56
5082,3.46
5083,3.52
5084,3.2
5085,3.5
5086,3.76
5087,3.26
5088,3.86
5089,3.86
5090,3.5
5091,3.46
5092,3.56
5093,3.1
5094,3.48
5095,3.3
5096,3.14
5097,3.66
5098,3.76
5099,3.4
5100,3.6
5101,3.72
5102,3.28
5103,3.48
5104,3.54
5105,3.6
5106,3.5
5107,3.18
5108,3.9
5109,3.98
5110,3.36
5111,3.1
5112,3.28
5113,3.82
5114,3.54
5115,3.86
5116,3.84
5117,2.98
5118,3.5
5119,3.48
5120,3.6
5121,3.44
5122,3.26
5123,3.06
5124,3.48
5125,4.08
5126,3.64
5127,3.48
5128,3.58
5129,3.5
5130,3.56
5131,3.68
5132,3.22
5133,3.3
5134,3.64
5135,3.2
5136,3.74
5137,3.54
5138,3.04
5139,3.18
5140,3.72
5141,3.32
5142,3.78
5143,3.54
5144,3.42
5145,3.26
5146,3.6
5147,3.64
5148,3.48
5149,3.94
5150,3.46
5151,3.52
5152,3.48
5153,3.7
5154,3.72
5155,3.26
5156,3.32
5157,3.52
5158,3.4
5159,3.12
5160,3.38
5161,3.58
5162,3.56
5163,3.38
5164,3.64
5165,3.34
5166,3.84
5167,3.54
5168,3.38
5169,3.42
5170,3.04
5171,3.54
5172,3.46
5173,3.52
5174,3.36
5175,3.3
5176,3.24
5177,3.52
5178,3.44
5179,3.32
5180,3.34
5181,3.82
5182,3.6
5183,3.6
5184,3.02
5185,3.68
5186,3.46
5187,3.7
5188,3.64
5189,3.52
5190,3.74
5191,3.36
5192,3.52
5193,2.96
5194,3.54
5195,3.22
5196,3.58
5197,3.6
5198,3.36
5199,3.54
5200,3.56
5201,4.06
5202,2.94
5203,3.1
5204,3.36
5205,3.32
5206,3.74
5207,3.5
5208,3.6
5209,3.32
5210,3.36
5211,3.16
5212,3.3
5213,3.3
5214,3.68
5215,3.5
5216,3.64
5217,3.42
5218,3.54
5219,3.48
5220,3.2
5221,3.4
5222,3.54
5223,3.46
5224,3.1
5225,3.32
5226,3.12
5227,3.28
5228,2.98
5229,3.44
5230,3.72
5231,3.84
5232,3.4
5233,3.4
5234,3.44
5235,3.56
5236,3.5
5237,3.46
5238,3.62
5239,3.76
5240,3.72
5241,3.58
5242,3.52
5243,3.28
5244,3.74
5245,3.74
5246,3.52
5247,3.22
5248,4.12
5249,3.52
5250,3.84
5251,3.4
5252,3.72
5253,3.18
5254,3.14
5255,3.4
5256,3.4
5257,3.24
5258,3.54
5259,3.82
5260,3.3
5261,3.66
5262,3.1
5263,3.36
5264,3.36
5265,3.24
5266,3.1
5267,3.24
5268,3.8
5269,3.38
5270,3.76
5271,3.7
5272,3.48
5273,3.26
5274,3.72
5275,3.56
5276,3.58
5277,3.9
5278,3.46
5279,3.64
5280,3.18
5281,3.4
5282,3.6
5283,3.1
5284,3.42
5285,3.52
5286,3.68
5287,3.56
5288,3.5
5289,3.68
5290,3.52
5291,3.18
5292,3.44
5293,3.88
5294,3.28
5295,3.24
5296,3.6
5297,3.82
5298,3.86
5299,3.38
5300,3.28
5301,3.52
5302,3.62
5303,2.94
5304,3.62
5305,3.82
5306,3.54
5307,3.94
5308,3.54
5309,3.84
5310,3.44
5311,3.56
5312,3.64
5313,3.48
5314,3.84
5315,3.46
5316,3.6
5317,3.72
5318,3.34
5319,3.68
5320,3.16
5321,3.58
5322,3.64
5323,3.44
5324,3.66
5325,3.78
5326,3.42
5327,3.42
5328,4.26
5329,3.62
5330,3.76
5331,3.46
5332,3.48
5333,3.62
5334,3.54
5335,3.5
5336,3.46
5337,3.54
5338,3.6
5339,3.66
5340,3.32
5341,3.72
5342,3.34
5343,3.82
5344,3.58
5345,3.64
5346,3.38
5347,4.3
5348,3.82
5349,3.38
5350,3.34
5351,3.46
5352,3.7
5353,3.52
5354,3.86
5355,3.34
5356,3.38
5357,3.42
5358,3.18
5359,3.5
5360,3.66
5361,3.46
5362,3.54
5363,3.76
5364,3.6
5365,3.34
5366,3.44
5367,3.64
5368,3.66
5369,3.78
5370,3.22
5371,3.3
5372,3.84
5373,3.58
5374,3.38
5375,3.38
5376,3.66
5377,3.26
5378,3.58
5379,3.4
5380,3.52
5381,3.46
5382,3.62
5383,3.6
5384,3.48
5385,3.38
5386,3.4
5387,3.5
5388,3.58
5389,3.38
5390,3.46
5391,3.32
5392,3.16
5393,3.32
5394,3.26
5395,3.58
5396,3.36
5397,3.72
5398,3.28
5399,3.2
5400,3.56
5401,3.32
5402,2.88
5403,4.24
5404,3.66
5405,3.6
5406,3.64
5407,3.44
5408,3.74
5409,3.62
5410,4.08
5411,3.4
5412,3.62
5413,3.34
5414,3.52
5415,3.1
5416,3.52
5417,3.36
5418,3.7
5419,3.6
5420,3.24
5421,3.18
5422,3.56
5423,3.56
5424,3.32
5425,3.16
5426,3.32
5427,3.02
5428,3.76
5429,3.56
5430,3.7
5431,3.2
5432,3.14
5433,3.42
5434,3.32
5435,3.3
5436,3.4
5437,3.5
5438,3.54
5439,3.22
5440,3.44
5441,3.16
5442,3.66
5443,3.62
5444,3.32
5445,3.18
5446,3.4
5447,3.44
5448,3.32
5449,3.7
5450,3.04
5451,3.78
5452,3.08
5453,3.18
5454,3.28
5455,3.96
5456,3.56
5457,3.5
5458,3.78
5459,3.4
5460,3.84
5461,3.64
5462,3.12
5463,3.64
5464,3.52
5465,3.3
5466,3.56
5467,3.48
5468,3.72
5469,3.68
5470,3.62
5471,3.44
5472,3.56
5473,3.46
5474,3.2
5475,3.4
5476,3.5
5477,3.12
5478,3.72
5479,3.68
5480,3.42
5481,3.02
5482,3.16
5483,3.48
5484,3.28
5485,3.78
5486,3.28
5487,3.68
5488,3.62
5489,3.42
5490,3.7
5491,3.38
5492,3.56
5493,3.74
5494,3.2
5495,3.86
5496,3.34
5497,3.62
5498,3.3
5499,3.56
5500,3.76
5501,3.18
5502,3.42
5503,3
5504,3.54
5505,3.68
5506,3.48
5507,3.14
5508,3.32
5509,3.56
5510,3
5511,3.32
5512,3.52
5513,3.8
5514,3.56
5515,3.64
5516,3.14
5517,3.86
5518,3.44
5519,3.78
5520,3.3
5521,3.74
5522,3.54
5523,3.5
5524,3.72
5525,3.48
5526,3.4
5527,3.1
5528,3.62
5529,3.36
5530,3.68
5531,3.58
5532,3.6
5533,3.54
5534,3.72
5535,3.2
5536,3.58
5537,3.5
5538,3.36
5539,3.42
5540,3.44
5541,3.36
5542,3.84
5543,3.66
5544,3.12
5545,3.62
5546,3.38
5547,3.7
5548,3.2
5549,3.66
5550,3.2
5551,3.38
5552,3.36
5553,3.64
5554,3.68
5555,3.38
5556,3.58
5557,3.38
5558,3.34
5559,3.14
5560,3.42
5561,3.1
5562,3.42
5563,4.04
5564,3.52
5565,3
5566,3.36
5567,3.46
5568,3.92
5569,3.24
5570,3.46
5571,3.82
5572,2.8
5573,3
5574,3.18
5575,3.54
5576,3.52
5577,3.44
5578,3.48
5579,3.36
5580,3.32
5581,3.76
5582,3.44
5583,3.36
5584,3.46
5585,3.12
5586,3.54
5587,3.46
5588,3.72
5589,3.36
5590,3.46
5591,3.24
5592,3.6
5593,3.56
5594,3.6
5595,3.1
5596,3.98
5597,3.76
5598,3.5
5599,3.6
5600,3.46
5601,3.18
5602,4
5603,3.26
5604,3.58
5605,3.56
5606,3.66
5607,3.22
5608,3.74
5609,3.54
5610,3.58
5611,3.54
5612,3.44
5613,3.46
5614,3.54
5615,3.18
5616,3.42
5617,3.58
5618,3.66
5619,3.3
5620,3.72
5621,3.22
5622,3.54
5623,3.38
5624,3.5
5625,3.4
5626,3.64
5627,3.54
5628,3.36
5629,3.48
5630,3.82
5631,3.5
5632,3.4
5633,3.6
5634,3.64
5635,3.78
5636,3.46
5637,3.44
5638,3.7
5639,3.88
5640,3.72
5641,3.06
5642,3.4
5643,3.28
5644,3.44
5645,3.78
5646,3.68
5647,3.5
5648,3.32
5649,3.46
5650,3.3
5651,3.58
5652,3.38
5653,3.22
5654,3.64
5655,3.48
5656,3.32
5657,3.34
5658,3.84
5659,3.72
5660,3.86
5661,3.46
5662,3.56
5663,3.36
5664,3.5
5665,3.64
5666,2.98
5667,3.72
5668,3.14
5669,3.36
5670,3.5
5671,3.52
5672,3.62
5673,3.3
5674,3.7
5675,3.26
5676,3.58
5677,3.4
5678,3.78
5679,3.52
5680,3.64
5681,3.14
5682,3.78
5683,3.54
5684,3.9
5685,3.86
5686,3.44
5687,3.54
5688,3.42
5689,4.18
5690,3.42
5691,3.2
5692,3.58
5693,3.56
5694,3.9
5695,3.42
5696,3
5697,3.38
5698,3.9
5699,3.32
5700,3.88
5701,3.68
5702,3.96
5703,3.82
5704,3.16
5705,3.84
5706,3.42
5707,3.72
5708,3.68
5709,3.96
5710,3.52
5711,3.78
5712,3.82
5713,3.48
5714,3.34
5715,3.56
5716,4.12
5717,3.84
5718,3.92
5719,3.78
5720,3.5
5721,3.28
5722,3.5
5723,3.42
5724,2.9
5725,3.42
5726,3.58
5727,3.44
5728,3.42
5729,3.82
5730,3.52
5731,3.38
5732,3.34
5733,3.62
5734,3.62
5735,3.28
5736,3.42
5737,3.24
5738,3.14
5739,3.84
5740,3.24
5741,3.84
5742,3.26
5743,3.74
5744,3.38
5745,3.6
5746,3.24
5747,3.6
5748,3.56
5749,3.52
5750,3.72
5751,3.7
5752,3.24
5753,3.26
5754,3.92
5755,3.48
5756,3.58
5757,3.44
5758,3.68
5759,3.2
5760,3.44
5761,3.36
5762,3.56
5763,3.38
5764,3.98
5765,3.84
5766,3.5
5767,3.54
5768,3.78
5769,3.74
5770,4.06
5771,3.42
5772,3.22
5773,3.62
5774,3.36
5775,3.48
5776,3.72
5777,3.44
5778,3.74
5779,3.6
5780,3.78
5781,3.36
5782,3.64
5783,3.34
5784,3.48
5785,3.16
5786,3.78
5787,3.92
5788,3.3
5789,3.4
5790,3.34
5791,3.46
5792,3.48
5793,3.52
5794,3.6
5795,3.32
5796,4
5797,3.82
5798,3.4
5799,3.8
5800,3.5
5801,3.46
5802,3.94
5803,3.4
5804,3.42
5805,3.14
5806,3.14
5807,3.18
5808,3.42
5809,3.12
5810,3.2
5811,3.68
5812,4.08
5813,3.38
5814,3.34
5815,3.44
5816,3.72
5817,3.46
5818,3.5
5819,4
5820,3.8
5821,3.98
5822,3.68
5823,3.42
5824,3.52
5825,3.28
5826,3.74
5827,3.72
5828,4
5829,3.08
5830,3.48
5831,3.42
5832,3.9
5833,3.3
5834,3.54
5835,3.4
5836,3.38
5837,3.62
5838,3.58
5839,3.26
5840,3.5
5841,3.54
5842,3.16
5843,3.24
5844,3.62
5845,3.68
5846,3.98
5847,3.5
5848,3.44
5849,3.68
5850,3.1
5851,3.5
5852,3.66
5853,3.54
5854,3.26
5855,3.28
5856,3.4
5857,3.64
5858,3.32
5859,3.52
5860,3.74
5861,3.5
5862,3.46
5863,3.26
5864,3.3
5865,3.76
5866,3.52
5867,3.58
5868,3.74
5869,3.28
5870,3.72
5871,3.08
5872,3.3
5873,3.32
5874,3.86
5875,3.6
5876,3.42
5877,3.56
5878,3.8
5879,3.3
5880,3.46
5881,3.36
5882,3.08
5883,3.74
5884,3.44
5885,3.86
5886,3.72
5887,3.94
5888,3.4
5889,3.82
5890,3.68
5891,3.14
5892,3.66
5893,3.66
5894,3.74
5895,3.2
5896,3.74
5897,3.56
5898,3.64
5899,3.14
5900,3.24
5901,3.52
5902,3.96
5903,3.04
5904,3.42
5905,3.56
5906,3.36
5907,3.58
5908,3.26
5909,3.78
5910,3.6
5911,3.5
5912,3.66
5913,3.9
5914,3.38
5915,3.34
5916,3.68
5917,3.58
5918,3.98
5919,3.38
5920,3.52
5921,3.48
5922,3.48
5923,3.34
5924,3.26
5925,3.66
5926,3.86
5927,3.34
5928,3.58
5929,2.7
5930,3.98
5931,3.66
5932,3.24
5933,3.5
5934,3.5
5935,3.58
5936,3.36
5937,3.48
5938,3.7
5939,3.4
5940,3.66
5941,3.36
5942,3.76
5943,3.2
5944,3.8
5945,3.48
5946,3.44
5947,3.54
5948,3.9
5949,3.64
5950,3.32
5951,3.18
5952,3.32
5953,3.82
5954,3.74
5955,3.74
5956,3.68
5957,3.42
5958,3.62
5959,3.78
5960,3.38
5961,3.88
5962,3.7
5963,3.18
5964,3.5
5965,3.62
5966,3.62
5967,3.5
5968,3.56
5969,3.66
5970,3.22
5971,3.68
5972,3.32
5973,3.34
5974,3.64
5975,3.36
5976,2.98
5977,3.3
5978,3.36
5979,3.66
5980,3.14
5981,3.46
5982,3.32
5983,3.36
5984,3.34
5985,3.36
5986,3.58
5987,3.66
5988,3.72
5989,3.76
5990,3.64
5991,3.78
5992,3.94
5993,3.34
5994,3.56
5995,3.48
5996,3.32
5997,3.6
5998,3.36
5999,3.82
6000,3.68
6001,3.3
6002,3.52
6003,3.36
6004,3.66
6005,3.16
6006,3.82
6007,3.5
6008,3.58
6009,3.3
6010,3.98
6011,3.18
6012,3.88
6013,3.52
6014,3.8
6015,2.7
6016,3.5
6017,3.5
6018,3.5
6019,4.02
6020,3.36
6021,3.56
6022,3.18
6023,3.58
6024,3.4
6025,3.62
6026,3.78
6027,3.46
6028,3.96
6029,3.52
6030,3.46
6031,3.62
6032,3.66
6033,3.32
6034,3.46
6035,4.06
6036,3.4
6037,3.7
6038,3.28
6039,3.56
6040,3.54
6041,3.44
6042,3.42
6043,3.78
6044,3.48
6045,3.64
6046,3.68
6047,3.12
6048,3.82
6049,3.66
6050,3.28
6051,3.34
6052,2.88
6053,3.4
6054,3.52
6055,3.42
6056,3.4
6057,3
6058,3.68
6059,3.44
6060,3.26
6061,3.78
6062,3.3
6063,3.48
6064,3.38
6065,3.54
6066,3.46
6067,3.56
6068,3.32
6069,3.54
6070,3.98
6071,3.46
6072,3.82
6073,3.44
6074,3.76
6075,3.98
6076,3.6
6077,3.6
6078,3.36
6079,3.42
6080,3.74
6081,3.76
6082,3.1
6083,3.64
6084,3.54
6085,2.88
6086,3.24
6087,3.2
6088,3.12
6089,3.6
6090,3.88
6091,4.04
6092,3.68
6093,3.96
6094,3.44
6095,3.62
6096,3.54
6097,3.42
6098,3.56
6099,3.32
6100,3.26
6101,3.22
6102,3.44
6103,3.52
6104,3.88
6105,3.38
6106,4.2
6107,2.78
6108,3.44
6109,3.82
6110,3.82
6111,3.48
6112,3.34
6113,3.84
6114,3.44
6115,3.44
6116,3.16
6117,3.64
6118,3.66
6119,3.7
6120,3.24
6121,3.46
6122,3.52
6123,3.38
6124,3.66
6125,3.66
6126,3.7
6127,3.48
6128,3.44
6129,3.14
6130,3.86
6131,3.8
6132,3.48
6133,3.48
6134,3.2
6135,3.84
6136,3.48
6137,3.68
6138,3.54
6139,3.74
6140,3.3
6141,3.28
6142,3.32
6143,3.66
6144,3.8
6145,3.64
6146,3.76
6147,3.06
6148,3.3
6149,3.22
6150,3.52
6151,3.62
6152,3.38
6153,3.42
6154,3.4
6155,3.58
6156,3.64
6157,3.38
6158,4
6159,3.9
6160,3.16
6161,2.98
6162,3.52
6163,3.32
6164,3.38
6165,3.42
6166,3.52
6167,3.6
6168,3.34
6169,3.26
6170,3.6
6171,3.62
6172,3.22
6173,3.76
6174,4.04
6175,3.46
6176,3.22
6177,3.6
6178,3.36
6179,3.7
6180,3.3
6181,3.38
6182,3.38
6183,3.52
6184,3.54
6185,3.92
6186,3.48
6187,3.36
6188,3.44
6189,3.3
6190,3.52
6191,3.74
6192,3.38
6193,3.3
6194,3.96
6195,3.74
6196,3.42
6197,3.56
6198,3.38
6199,3
6200,3.14
6201,4.12
6202,3.54
6203,3.1
6204,3.24
6205,3.5
6206,3.36
6207,3.68
6208,3.18
6209,3.52
6210,3.98
6211,3.4
6212,3.38
6213,3.42
6214,3.56
6215,3.26
6216,3.24
6217,2.88
6218,3.76
6219,3.82
6220,3.64
6221,3.54
6222,3.18
6223,3.34
6224,4.12
6225,3.6
6226,3.62
6227,2.94
6228,3.72
6229,3.78
6230,3.3
6231,3.76
6232,3.76
6233,3.56
6234,3.4
6235,3.24
6236,3.4
6237,3.4
6238,3.32
6239,3.32
6240,3.52
6241,3.16
6242,3.78
6243,3.38
6244,3.36
6245,3.58
6246,3.22
6247,3.38
6248,3.52
6249,3.3
6250,3.4
6251,3.6
6252,3.34
6253,3.4
6254,3.62
6255,3.68
6256,3.8
6257,3.22
6258,3.38
6259,3.24
6260,3.26
6261,3.62
6262,3.22
6263,3.3
6264,3.46
6265,3.1
6266,2.9
6267,3.18
6268,3.84
6269,3.32
6270,3.58
6271,3.54
6272,3.52
6273,3.72
6274,3.66
6275,3.7
6276,3.14
6277,3.16
6278,3.54
6279,2.9
6280,3.42
6281,3.24
6282,3.34
6283,3.72
6284,3.12
6285,3.28
6286,3.1
6287,3.7
6288,3.54
6289,3.36
6290,3.46
6291,3.76
6292,3.4
6293,3.4
6294,3.38
6295,3.82
6296,3.64
6297,3.88
6298,3.52
6299,3.38
6300,3.64
6301,3.7
6302,3.52
6303,3.66
6304,3.46
6305,3.32
6306,4.02
6307,3.52
6308,3.82
6309,3.26
6310,3.84
6311,3.2
6312,3.48
6313,3.24
6314,3.32
6315,3.64
6316,3.24
6317,3.54
6318,3.54
6319,3.76
6320,3.56
6321,3.34
6322,3.34
6323,3.02
6324,3.18
6325,3.14
6326,3.66
6327,3.44
6328,3.82
6329,3.48
6330,3.42
6331,3.3
6332,3.44
6333,3.66
6334,3.42
6335,3.42
6336,3.28
6337,3.18
6338,3.26
6339,3.48
6340,3.76
6341,3.6
6342,3.56
6343,3.8
6344,3.34
6345,3.78
6346,3.5
6347,3.44
6348,3.96
6349,3.34
6350,3.48
6351,3.46
6352,3.4
6353,3.54
6354,3.24
6355,3.98
6356,3.12
6357,3.5
6358,3.7
6359,3.82
6360,3.44
6361,3.62
6362,3.76
6363,3.28
6364,2.86
6365,3.28
6366,3.62
6367,3.46
6368,3.54
6369,3.66
6370,3.52
6371,3.4
6372,3.54
6373,3.52
6374,3.5
6375,3.44
6376,3.22
6377,3.72
6378,3.84
6379,3.68
6380,3.2
6381,3.92
6382,3.7
6383,2.82
6384,3.52
6385,3.72
6386,3.88
6387,3.76
6388,3.6
6389,3.3
6390,3.68
6391,3.4
6392,3.94
6393,3.36
6394,3.7
6395,3.4
6396,3.34
6397,3.62
6398,3.98
6399,3.18
6400,3.16
6401,3.7
6402,3.5
6403,3.72
6404,3.28
6405,3.36
6406,3.22
6407,4.32
6408,3.4
6409,3.54
6410,3.42
6411,3.42
6412,3.08
6413,3.34
6414,3.36
6415,3.78
6416,3.54
6417,3.56
6418,3.6
6419,3.1
6420,3.34
6421,3.42
6422,3.18
6423,3.82
6424,3.18
6425,3.7
6426,4.14
6427,3.56
6428,3.44
6429,3.52
6430,3.46
6431,3.28
6432,3.7
6433,3.44
6434,3.32
6435,3.64
6436,3.58
6437,3.74
6438,3.86
6439,3.3
6440,3.48
6441,3.18
6442,3.6
6443,4.28
6444,3.4
6445,3.76
6446,3.68
6447,3.36
6448,3.6
6449,3.78
6450,3.04
6451,3.4
6452,3.28
6453,3.36
6454,3.7
6455,3.56
6456,3.38
6457,3.52
6458,3.68
6459,3.62
6460,4.16
6461,3.58
6462,3.84
6463,3.52
6464,3.7
6465,3.48
6466,3.78
6467,3.54
6468,3.54
6469,3.18
6470,3.22
6471,3.66
6472,3.06
6473,3.66
6474,3.14
6475,3.68
6476,3.1
6477,3.1
6478,2.94
6479,3.4
6480,3.3
6481,3.46
6482,3.8
6483,3.48
6484,3.86
6485,3.1
6486,3.22
6487,3.36
6488,3.62
6489,2.92
6490,4.04
6491,3.36
6492,3.26
6493,3.7
6494,3.88
6495,3.54
6496,2.92
6497,3.22
6498,3.8
6499,3.66
6500,3.46
6501,3.34
6502,3.76
6503,3.66
6504,3.4
6505,3.58
6506,3.82
6507,3.68
6508,3.36
6509,3.2
6510,3.6
6511,3.46
6512,3.66
6513,3.36
6514,4.1
6515,4.08
6516,3.9
6517,3.36
6518,3.68
6519,3.86
6520,3.42
6521,3.14
6522,3.56
6523,3.16
6524,3.5
6525,3.54
6526,3.36
6527,3.6
6528,3.84
6529,3.9
6530,3.22
6531,3.68
6532,3.2
6533,3.88
6534,3.7
6535,3.52
6536,3.88
6537,3.52
6538,3.64
6539,3.56
6540,3.6
6541,3.94
6542,3.44
6543,3.44
6544,3.32
6545,3.42
6546,3.58
6547,3.4
6548,3.56
6549,3.44
6550,3.68
6551,3.3
6552,3.5
6553,3.08
6554,3.1
6555,3.78
6556,3.18
6557,4.08
6558,3.26
6559,3.86
6560,3.46
6561,3.84
6562,3.52
6563,3.7
6564,3.82
6565,3.62
6566,2.96
6567,3.42
6568,3.44
6569,3.82
6570,3.68
6571,3.78
6572,3.24
6573,3.16
6574,3.38
6575,3.54
6576,3.98
6577,3.56
6578,3.24
6579,3.62
6580,3.44
6581,3.72
6582,3.82
6583,3.72
6584,3.44
6585,3.76
6586,3.26
6587,3.54
6588,3.58
6589,3.16
6590,3.32
6591,3.5
6592,3.58
6593,3.26
6594,3.54
6595,3.52
6596,3.86
6597,3.6
6598,3.5
6599,4.02
6600,3.5
6601,3.62
6602,3.62
6603,3.22
6604,3.82
6605,3.48
6606,3.36
6607,3.46
6608,3.52
6609,3.78
6610,3.42
6611,3.8
6612,3.5
6613,3.14
6614,3.38
6615,3.28
6616,3.52
6617,3.08
6618,3.62
6619,3.9
6620,3.28
6621,3.5
6622,3.36
6623,4.08
6624,3.74
6625,3.2
6626,3.68
6627,3.2
6628,3.34
6629,3.04
6630,3.4
6631,3.54
6632,3.44
6633,3.54
6634,3.3
6635,3.68
6636,3.1
6637,3.38
6638,3.5
6639,3.26
6640,3.64
6641,3.42
6642,3.5
6643,4.18
6644,3.24
6645,3.1
6646,3.58
6647,3.64
6648,3.08
6649,3.62
6650,3.62
6651,3.32
6652,3.32
6653,3.34
6654,3.08
6655,3.78
6656,3.68
6657,3.7
6658,4.02
6659,3.74
6660,3.58
6661,2.84
6662,3.6
6663,3.2
6664,3.4
6665,3.5
6666,3.4
6667,3.22
6668,4.04
6669,3.14
6670,3.74
6671,3.42
6672,3.46
6673,3.28
6674,3.36
6675,3.3
6676,3.78
6677,3.52
6678,3.02
6679,3.88
6680,3.42
6681,3.28
6682,3.92
6683,3.16
6684,3.52
6685,3.38
6686,3.72
6687,3.36
6688,3.66
6689,3.54
6690,3.36
6691,3.64
6692,3.26
6693,3.38
6694,3.52
6695,3.8
6696,3.7
6697,3.58
6698,3.38
6699,3.6
6700,3.24
6701,3.44
6702,3.58
6703,3.22
6704,4.18
6705,3.16
6706,3.7
6707,3.66
6708,3.28
6709,3.08
6710,3.16
6711,3.3
6712,3.28
6713,3.48
6714,3.38
6715,3.78
6716,3.52
6717,3.42
6718,3.26
6719,2.96
6720,3.64
6721,3.54
6722,3.6
6723,3.28
6724,3.54
6725,3.4
6726,3.56
6727,3.78
6728,3.88
6729,3.44
6730,3.94
6731,3.22
6732,3.38
6733,3.86
6734,3.78
6735,3.44
6736,3.16
6737,3.18
6738,3.44
6739,3.68
6740,3.64
6741,3.66
6742,3.48
6743,3.46
6744,3.68
6745,3.74
6746,3.4
6747,3.16
6748,3.5
6749,3.32
6750,3.54
6751,3.74
6752,3.2
6753,3.56
6754,3.72
6755,3.42
6756,3.64
6757,3.5
6758,3.9
6759,3.82
6760,3.1
6761,3.1
6762,3.5
6763,3.52
6764,3.36
6765,4.08
6766,3.42
6767,3.5
6768,3.48
6769,3.22
6770,3.26
6771,3.38
6772,3.6
6773,3.54
6774,2.94
6775,3.44
6776,3.38
6777,3.22
6778,3.42
6779,3.3
6780,3.34
6781,3.38
6782,3.74
6783,3.62
6784,3.42
6785,3.6
6786,3.28
6787,3.36
6788,3.54
6789,3.58
6790,3.14
6791,3.62
6792,3.5
6793,3.54
6794,3.74
6795,3.2
6796,3.1
6797,3.48
6798,3.62
6799,4.12
6800,3.52
6801,3.6
6802,3.74
6803,3.66
6804,3.64
6805,3.36
6806,3.28
6807,3.5
6808,3.42
6809,3.96
6810,3.64
6811,3.6
6812,3.76
6813,3.6
6814,3.92
6815,3.84
6816,3.28
6817,3.34
6818,3.2
6819,3.4
6820,3.52
6821,3.74
6822,3.18
6823,3.04
6824,2.92
6825,3.16
6826,3.36
6827,3.68
6828,3.42
6829,3.56
6830,3.44
6831,3.34
6832,2.98
6833,3.18
6834,3.28
6835,3.26
6836,3.46
6837,3.18
6838,3.48
6839,3.42
6840,3.32
6841,3.16
6842,3.64
6843,3.34
6844,3.56
6845,3.02
6846,3.8
6847,3.28
6848,3.26
6849,3.48
6850,3.64
6851,3.32
6852,3.82
6853,3.22
6854,3.52
6855,3.52
6856,3.46
6857,3.44
6858,3.4
6859,3.9
6860,3.78
6861,3.56
6862,3.84
6863,4.04
6864,3.76
6865,3.56
6866,3.74
6867,3.22
6868,3.32
6869,3.76
6870,3.32
6871,2.94
6872,3.1
6873,3.54
6874,3.7
6875,3.62
6876,3.42
6877,3.56
6878,3.2
6879,3.72
6880,3.62
6881,3.62
6882,3.62
6883,3.5
6884,3.6
6885,3.4
6886,3.14
6887,3.62
6888,3.44
6889,3.5
6890,4.2
6891,3.38
6892,3.06
6893,3.42
6894,3.64
6895,3.62
6896,3.56
6897,3.42
6898,3.6
6899,3.22
6900,3.88
6901,3.12
6902,3.36
6903,3.5
6904,3.58
6905,3.24
6906,3.86
6907,3.54
6908,3.44
6909,3.48
6910,3.02
6911,3.62
6912,3.6
6913,3.38
6914,3.5
6915,3.52
6916,3.22
6917,3.54
6918,3.54
6919,3.72
6920,3.68
6921,3.72
6922,3.32
6923,3.36
6924,3.54
6925,3.58
6926,3.64
6927,3.54
6928,3.48
6929,3.62
6930,3.36
6931,3.98
6932,3.6
6933,3.58
6934,3.34
6935,3.46
6936,3.88
6937,3.66
6938,3.72
6939,3.74
6940,3.24
6941,3.76
6942,3.32
6943,3.48
6944,3.42
6945,3.62
6946,3.36
6947,3.34
6948,3.28
6949,3.78
6950,3.62
6951,3.1
6952,3.7
6953,3.5
6954,3.12
6955,3.74
6956,3.48
6957,3.02
6958,3.52
6959,3.44
6960,4.02
6961,3.66
6962,3.04
6963,3.18
6964,3.3
6965,3.28
6966,3.44
6967,3.7
6968,3.32
6969,3.72
6970,3.92
6971,3.52
6972,3.6
6973,3.88
6974,3.64
6975,2.86
6976,3.4
6977,3.82
6978,3.42
6979,3.22
6980,3.34
6981,3.46
6982,3.5
6983,3.94
6984,3.18
6985,3.4
6986,3.32
6987,3.34
6988,3.32
6989,3.54
6990,3.42
6991,3.56
6992,3.62
6993,3.52
6994,3.46
6995,3.22
6996,3.3
6997,3.54
6998,3.42
6999,3.5
7000,3.82
7001,3.36
7002,4
7003,3.4
7004,3.56
7005,3.6
7006,3.44
7007,3.62
7008,4.12
7009,3.58
7010,3.42
7011,3.48
7012,4.1
7013,3.5
7014,4.02
7015,3.8
7016,3.44
7017,4.02
7018,3.32
7019,3.66
7020,3.3
7021,3.52
7022,3.6
7023,3.58
7024,4
7025,3.2
7026,3.62
7027,3.48
7028,3.54
7029,3.68
7030,3.46
7031,3.48
7032,3.56
7033,3.12
7034,3.2
7035,3.36
7036,3.94
7037,3.28
7038,3.58
7039,3.6
7040,3.44
7041,3.42
7042,3.38
7043,3.56
7044,4.02
7045,3.46
7046,3.42
7047,3.22
7048,3.1
7049,3.38
7050,3.62
7051,3.76
7052,3.36
7053,3.72
7054,3.42
7055,3.64
7056,3.92
7057,3.84
7058,3.28
7059,3.5
7060,3.52
7061,3.48
7062,3.64
7063,3.58
7064,3.22
7065,3.34
7066,3.46
7067,3.74
7068,4.22
7069,3.54
7070,3.2
7071,3.32
7072,3.72
7073,3.42
7074,3.2
7075,3.12
7076,3.32
7077,3.12
7078,3.5
7079,3.26
7080,3.46
7081,3.12
7082,3.5
7083,3.64
7084,3.2
7085,3.56
7086,3.42
7087,3.72
7088,3.44
7089,3.54
7090,3.5
7091,3.24
7092,3.3
7093,3.54
7094,3.46
7095,3.1
7096,2.86
7097,3.86
7098,3.96
7099,3.38
7100,3.38
7101,3.2
7102,4.06
7103,3.82
7104,3.54
7105,3.4
7106,3.56
7107,3.38
7108,3.46
7109,3.3
7110,3.62
7111,3.82
7112,3.42
7113,3.5
7114,3.52
7115,3.34
7116,3.48
7117,3.24
7118,3.3
7119,3.18
7120,3.16
7121,3.2
7122,3.9
7123,3.8
7124,3.74
7125,3.54
7126,3.82
7127,3.4
7128,3.24
7129,3.2
7130,3.2
7131,3.66
7132,3.82
7133,3.56
7134,3.34
7135,3.04
7136,3.56
7137,3.92
7138,3.82
7139,3.5
7140,3.66
7141,3.3
7142,3.12
7143,3.54
7144,3.82
7145,3.68
7146,3.54
7147,3.32
7148,3.08
7149,3.5
7150,3.5
7151,3.48
7152,3.48
7153,3.68
7154,3.18
7155,3.5
7156,3.64
7157,3.5
7158,3.24
7159,3.22
7160,3.46
7161,3.36
7162,3.52
7163,3.62
7164,3.64
7165,3.52
7166,3.56
7167,3.08
7168,3.6
7169,3.42
7170,3.76
7171,3.6
7172,3.88
7173,3.4
7174,3.86
7175,3.84
7176,3.9
7177,3.34
7178,4.16
7179,3.76
7180,3.36
7181,2.98
7182,3.12
7183,3.64
7184,3.54
7185,3.4
7186,3.56
7187,3.32
7188,3.66
7189,3.62
7190,3.32
7191,3.48
7192,3.72
7193,3.68
7194,3.06
7195,3.26
7196,3.26
7197,3.44
7198,3.6
7199,3.84
7200,3.84
7201,3.34
7202,3.28
7203,3.42
7204,3.72
7205,3.34
7206,3.12
7207,3.4
7208,3.46
7209,3.06
7210,3.74
7211,3.84
7212,3.56
7213,3.32
7214,3.44
7215,3.74
7216,3.54
7217,3.1
7218,3.66
7219,3.6
7220,3.54
7221,3.42
7222,3.9
7223,3.34
7224,3.52
7225,4
7226,3.86
7227,3.68
7228,3.44
7229,3.26
7230,3.46
7231,3.96
7232,3.86
7233,3.54
7234,3.66
7235,3.48
7236,3.28
7237,3.86
7238,3.78
7239,3.58
7240,3.9
7241,3.52
7242,3
7243,3.62
7244,3.54
7245,3.3
7246,3.78
7247,3.52
7248,3.92
7249,3.58
7250,3.26
7251,3.38
7252,3.36
7253,3.36
7254,3.52
7255,3.66
7256,3.6
7257,3.56
7258,3.16
7259,3.3
7260,3.04
7261,3.38
7262,3.64
7263,3.52
7264,4.1
7265,3.98
7266,3.72
7267,3.48
7268,3.62
7269,3.42
7270,3.48
7271,3.08
7272,3.72
7273,3.76
7274,3.7
7275,3.6
7276,3.46
7277,3.54
7278,3.38
7279,3.88
7280,3.54
7281,3.4
7282,3.78
7283,3.22
7284,3.26
7285,3.52
7286,3.68
7287,3.08
7288,3.46
7289,3.8
7290,3.9
7291,3.86
7292,3.74
7293,3.18
7294,3.3
7295,3.62
7296,2.8
7297,3.52
7298,3.44
7299,3.2
7300,3.56
7301,3.58
7302,3.58
7303,3.52
7304,3.4
7305,3.5
7306,3.68
7307,3.1
7308,3.58
7309,3.24
7310,3.78
7311,3.34
7312,3.64
7313,3.12
7314,3.78
7315,3.8
7316,3.68
7317,3.44
7318,3.82
7319,3.16
7320,3.6
7321,3.74
7322,3.02
7323,3.3
7324,3.62
7325,3.94
7326,4.1
7327,3.86
7328,3.38
7329,3.48
7330,3.48
7331,3.66
7332,3.1
7333,3.24
7334,3.68
7335,3.2
7336,3.36
7337,3.64
7338,3.54
7339,3.6
7340,3.08
7341,3.52
7342,3.72
7343,3.66
7344,3.6
7345,3.34
7346,3.24
7347,3.64
7348,3.88
7349,3.5
7350,3.52
7351,3.5
7352,3.12
7353,3.56
7354,4.04
7355,3.48
7356,3.7
7357,3.5
7358,3.88
7359,3.72
7360,3.8
7361,3.14
7362,3.5
7363,3.94
7364,3.56
7365,3.64
7366,3.46
7367,3.54
7368,3.66
7369,3.68
7370,3.62
7371,3.94
7372,3.54
7373,3.5
7374,3.42
7375,3.66
7376,3.54
7377,3.3
7378,3.54
7379,3.2
7380,3.8
7381,3.42
7382,3.24
7383,3.6
7384,3.42
7385,4.12
7386,3.52
7387,3.56
7388,3.44
7389,3.38
7390,3.8
7391,4.04
7392,3.22
7393,3.34
7394,3.46
7395,3.24
7396,3.68
7397,4
7398,3.74
7399,3.82
7400,3.2
7401,4.1
7402,3.18
7403,3.18
7404,3.5
7405,3.42
7406,3.98
7407,3.28
7408,3.36
7409,3.58
7410,3.44
7411,3.18
7412,3.08
7413,3.56
7414,3.22
7415,3.94
7416,3.34
7417,3.26
7418,3.56
7419,3.82
7420,3.22
7421,3.72
7422,3.56
7423,4.02
7424,3.44
7425,3.42
7426,3.48
7427,3.66
7428,3.7
7429,3.74
7430,3.46
7431,3.28
7432,3.48
7433,3.84
7434,3.84
7435,3.9
7436,3.62
7437,3.54
7438,3.5
7439,3.6
7440,3.68
7441,3.28
7442,3.72
7443,3.18
7444,3.1
7445,3.26
7446,3.56
7447,3.42
7448,3.44
7449,3.2
7450,3.7
7451,3.38
7452,3
7453,3.38
7454,3.82
7455,3.58
7456,3.28
7457,3.88
7458,3.44
7459,3.24
7460,3.18
7461,3.1
7462,3
7463,3.42
7464,3.26
7465,3.66
7466,3.32
7467,3.3
7468,3.26
7469,3.16
7470,3.7
7471,3.24
7472,3.6
7473,3.82
7474,4
7475,3.62
7476,3.14
7477,3.5
7478,3.28
7479,3.68
7480,3.8
7481,3.22
7482,3.14
7483,3.22
7484,3.76
7485,3.34
7486,3.66
7487,3.94
7488,3.18
7489,3.86
7490,3.22
7491,3.5
7492,3.44
7493,3.54
7494,3.76
7495,3.84
7496,3.62
7497,3
7498,3.6
7499,3.42
7500,3.52
7501,3.6
7502,3.56
7503,3.22
7504,3.9
7505,3.48
7506,3.58
7507,3.32
7508,3.64
7509,3.24
7510,3.38
7511,3.72
7512,3.34
7513,4.02
7514,3.72
7515,3.88
7516,3.48
7517,3.18
7518,3.14
7519,3.7
7520,3.54
7521,3.56
7522,3.38
7523,3.58
7524,3.4
7525,3.44
7526,4.02
7527,3.22
7528,3.28
7529,3.78
7530,3.82
7531,3.2
7532,3.66
7533,3.66
7534,3.68
7535,3.62
7536,3.7
7537,3
7538,3.3
7539,3.64
7540,3.42
7541,3.54
7542,3.44
7543,3.06
7544,3.12
7545,3.5
7546,3.76
7547,3.56
7548,3.82
7549,3.2
7550,3.58
7551,3.8
7552,3.34
7553,3.9
7554,3.66
7555,3.14
7556,4.18
7557,3.6
7558,3.16
7559,3.18
7560,3.54
7561,3.52
7562,3.48
7563,3.22
7564,3.48
7565,3.54
7566,3.72
7567,3.46
7568,3.84
7569,3.7
7570,3.12
7571,3.68
7572,3.08
7573,3.38
7574,3.78
7575,3.34
7576,3.62
7577,3.26
7578,3.1
7579,3.84
7580,3.96
7581,3.88
7582,3.6
7583,3.56
7584,3.62
7585,3.52
7586,3.5
7587,3.48
7588,3.02
7589,3.2
7590,3.82
7591,3.34
7592,3.76
7593,3.64
7594,3.56
7595,3.46
7596,3.44
7597,3.54
7598,3.56
7599,3.8
7600,3.38
7601,3.36
7602,3.7
7603,3.44
7604,3.86
7605,3.32
7606,3.6
7607,3.98
7608,3.8
7609,3.92
7610,3.68
7611,4.04
7612,3.54
7613,3.92
7614,3.72
7615,3.84
7616,3.52
7617,4.16
7618,3.06
7619,4.04
7620,3.52
7621,3.5
7622,3.7
7623,3.84
7624,3.4
7625,3
7626,3.3
7627,3.04
7628,3.42
7629,3.4
7630,3.34
7631,3.26
7632,3.56
7633,3.14
7634,3.48
7635,3.38
7636,3.3
7637,3.58
7638,3.22
7639,3.66
7640,3.56
7641,4.12
7642,3.84
7643,3.54
7644,3.6
7645,3.68
7646,3.64
7647,3.76
7648,3.1
7649,3.6
7650,3.96
7651,3.62
7652,4.2
7653,3.38
7654,3.36
7655,3.24
7656,3.12
7657,3.74
7658,3.36
7659,3.28
7660,3.92
7661,3.26
7662,3.84
7663,3.58
7664,3.44
7665,3.82
7666,3.72
7667,3.56
7668,3.8
7669,3.28
7670,3.44
7671,3.32
7672,3.76
7673,3.62
7674,3.7
7675,3.56
7676,3.22
7677,3.56
7678,3.56
7679,3.62
7680,3.16
7681,3.12
7682,3.72
7683,3.44
7684,3.2
7685,3.52
7686,3.54
7687,3.96
7688,3.48
7689,3.5
7690,3.52
7691,3.5
7692,3.42
7693,3.24
7694,3.42
7695,3.18
7696,3.64
7697,3.8
7698,3.6
7699,3.86
7700,3.8
7701,3.3
7702,3.7
7703,3.38
7704,3.06
7705,3.62
7706,3.7
7707,3.74
7708,3.56
7709,3.42
7710,3.82
7711,3.52
7712,3.56
7713,3.18
7714,3.46
7715,3.36
7716,3.56
7717,3.68
7718,3.7
7719,3.78
7720,3.76
7721,3.48
7722,3.34
7723,3.66
7724,3.48
7725,3.78
7726,3.68
7727,3.48
7728,3.48
7729,3.8
7730,3.58
7731,3.52
7732,3.08
7733,3.26
7734,3.56
7735,3.24
7736,3.28
7737,3.46
7738,3.44
7739,3.14
7740,3.44
7741,3.2
7742,3.3
7743,3.5
7744,3.42
7745,3.24
7746,3.38
7747,3.28
7748,3.38
7749,4.1
7750,3.82
7751,3.62
7752,3.48
7753,3.68
7754,3.16
7755,3.32
7756,2.96
7757,3.54
7758,3.46
7759,3.54
7760,3.6
7761,3.66
7762,3.6
7763,3.98
7764,3.12
7765,3.42
7766,3.48
7767,3.66
7768,3.52
7769,3.62
7770,3.48
7771,3.5
7772,3.4
7773,2.9
7774,3.42
7775,3.62
7776,3.68
7777,3.04
7778,3.22
7779,3.48
7780,3.28
7781,3.68
7782,3.56
7783,3.82
7784,3.52
7785,3.54
7786,3.66
7787,3.08
7788,3.84
7789,3.44
7790,3.48
7791,3.7
7792,3.36
7793,3.46
7794,3.44
7795,3.88
7796,3.8
7797,3.28
7798,3.62
7799,3.6
7800,3.52
7801,3.24
7802,3.82
7803,3.9
7804,3.5
7805,3.84
7806,3.64
7807,3.34
7808,3.7
7809,3.34
7810,3.16
7811,3.4
7812,3.58
7813,4.06
7814,3.82
7815,3.88
7816,3.54
7817,3.42
7818,3.26
7819,3.28
7820,3.52
7821,3.46
7822,3.14
7823,3.62
7824,3.92
7825,3.6
7826,3.6
7827,3.42
7828,3.74
7829,3.64
7830,3.42
7831,3.08
7832,3.62
7833,3.54
7834,3.64
7835,3.56
7836,3.38
7837,3.46
7838,3.28
7839,3.2
7840,3.34
7841,3.36
7842,3.74
7843,3.88
7844,3.3
7845,4.02
7846,3.34
7847,3.54
7848,3.64
7849,3.58
7850,3.56
7851,3.46
7852,3.44
7853,3.72
7854,3.86
7855,3.56
7856,3.18
7857,3.66
7858,3.62
7859,3.42
7860,2.98
7861,3.5
7862,3.4
7863,3.5
7864,3.4
7865,3.8
7866,3.3
7867,3.6
7868,3.54
7869,3.5
7870,3.4
7871,3.5
7872,3.56
7873,3.26
7874,3.68
7875,3.54
7876,3.28
7877,3.86
7878,3.34
7879,3.3
7880,3.06
7881,3.74
7882,3.54
7883,3.6
7884,3.18
7885,3.36
7886,3.9
7887,3.64
7888,3.68
7889,3.46
7890,3.04
7891,3.14
7892,3.08
7893,3.22
7894,3.38
7895,3.22
7896,3.46
7897,3.46
7898,3.16
7899,3.44
7900,3.42
7901,3.78
7902,3.26
7903,3.24
7904,3.62
7905,4.02
7906,3.1
7907,3.78
7908,3.6
7909,3.16
7910,3.34
7911,3.88
7912,3.56
7913,3.1
7914,3.42
7915,3.76
7916,3.44
7917,3.76
7918,3.62
7919,3.46
7920,3.86
7921,3.62
7922,3.42
7923,3.46
7924,3.28
7925,3.32
7926,3.64
7927,3.32
7928,3.88
7929,3.58
7930,3.44
7931,3.2
7932,3.48
7933,3.62
7934,3.54
7935,3.68
7936,3.32
7937,4.14
7938,3.9
7939,3.64
7940,3.3
7941,3.44
7942,3.22
7943,3.08
7944,2.68
7945,3.5
7946,3.68
7947,3.4
7948,3.4
7949,3.26
7950,3.72
7951,3.28
7952,3.26
7953,3.46
7954,3.5
7955,3.46
7956,3.52
7957,3.68
7958,3.64
7959,3.9
7960,3.86
7961,3.74
7962,3.86
7963,3.72
7964,3.3
7965,3.64
7966,3.74
7967,3.56
7968,2.88
7969,3.54
7970,3.14
7971,3.62
7972,3.5
7973,3.38
7974,3.84
7975,3.32
7976,3.62
7977,3.12
7978,3.66
7979,3.02
7980,3.48
7981,3.42
7982,3.42
7983,3.48
7984,3.54
7985,3.46
7986,3.72
7987,3.7
7988,3.68
7989,3.6
7990,3.64
7991,3.52
7992,3.4
7993,3.9
7994,3.5
7995,3.92
7996,3.34
7997,3.72
7998,3.48
7999,2.98
8000,3.56
8001,3.1
8002,3.92
8003,3.36
8004,3.34
8005,3.48
8006,3.44
8007,3.3
8008,3.24
8009,3.38
8010,3.86
8011,3.42
8012,3.78
8013,3.38
8014,3.72
8015,3.36
8016,3.5
8017,3.56
8018,2.96
8019,3.22
8020,3.8
8021,3.7
8022,3.14
8023,3.3
8024,3.74
8025,3.34
8026,3.58
8027,3.38
8028,3.44
8029,3.58
8030,3.38
8031,3.62
8032,2.9
8033,3.8
8034,3.76
8035,3.62
8036,4.16
8037,3.46
8038,3.22
8039,3.18
8040,3.4
8041,3.46
8042,3.22
8043,3.78
8044,3.18
8045,3
8046,3.8
8047,3.22
8048,3.74
8049,4.16
8050,3.7
8051,3.38
8052,3.44
8053,3.28
8054,4.2
8055,3.38
8056,3.5
8057,3.6
8058,3.74
8059,3.42
8060,3.38
8061,3.38
8062,3.28
8063,3.22
8064,3.52
8065,3.7
8066,3.12
8067,3.22
8068,3.92
8069,3.92
8070,3.56
8071,3.44
8072,3.66
8073,3.72
8074,3.46
8075,3.58
8076,3.52
8077,3.72
8078,3.4
8079,3.26
8080,3.84
8081,4.06
8082,3.48
8083,3.76
8084,3.58
8085,3.52
8086,3.86
8087,3.5
8088,3.4
8089,3.26
8090,3.26
8091,3.78
8092,3.78
8093,3.1
8094,3.6
8095,3.88
8096,3.74
8097,3.42
8098,3.42
8099,4
8100,3.66
8101,3.62
8102,3.44
8103,3.62
8104,3.64
8105,3.68
8106,3.82
8107,3.82
8108,3.72
8109,3.64
8110,3.72
8111,3.48
8112,3.52
8113,3.3
8114,3.42
8115,3.74
8116,3.32
8117,3.1
8118,2.96
8119,3.5
8120,3.86
8121,3.3
8122,3.62
8123,3.66
8124,3.5
8125,3.98
8126,3.56
8127,3.5
8128,3.74
8129,3.78
8130,3.54
8131,3.42
8132,3.8
8133,2.94
8134,3.4
8135,3.68
8136,3.32
8137,3.32
8138,3.02
8139,3.82
8140,3.6
8141,3.44
8142,3.08
8143,3.84
8144,3.4
8145,3.36
8146,3.86
8147,3.62
8148,3.4
8149,3.9
8150,3.6
8151,3.5
8152,3.26
8153,3.7
8154,3
8155,3.42
8156,3.7
8157,3.36
8158,3.22
8159,3.26
8160,3.28
8161,3.34
8162,3.64
8163,3.54
8164,3.48
8165,3.62
8166,3.66
8167,3.4
8168,3.52
8169,3.6
8170,3.66
8171,3.58
8172,3.66
8173,3.9
8174,3.48
8175,3.64
8176,3.42
8177,3.74
8178,3.72
8179,3.6
8180,3.5
8181,3.44
8182,3.44
8183,3.18
8184,3.82
8185,3.54
8186,3.24
8187,3.5
8188,3.44
8189,3.96
8190,3.84
8191,3.08
8192,3.48
8193,3.72
8194,3.4
8195,3.62
8196,3.3
8197,3.48
8198,3.48
8199,3.94
8200,3.26
8201,3.82
8202,3.68
8203,3.24
8204,3.64
8205,3.34
8206,3.62
8207,3.58
8208,3.8
8209,3.66
8210,3.84
8211,3.34
8212,3.86
8213,3.58
8214,3.78
8215,3.8
8216,3.46
8217,3.74
8218,3.04
8219,3.5
8220,3.7
8221,3.42
8222,3.52
8223,3.3
8224,3.84
8225,3.2
8226,3.18
8227,3.68
8228,3.86
8229,3.3
8230,3.72
8231,4.06
8232,3.22
8233,3.84
8234,3.54
8235,4.02
8236,3.12
8237,3.52
8238,3.26
8239,3.44
8240,4
8241,3.06
8242,3.56
8243,3.06
8244,3.26
8245,3.08
8246,3.72
8247,3.34
8248,3.56
8249,3.88
8250,3.26
8251,3.94
8252,3.3
8253,3.7
8254,2.92
8255,3.3
8256,3.06
8257,3.52
8258,3.32
8259,3.46
8260,3.54
8261,3.42
8262,3.58
8263,3.54
8264,3.98
8265,3.26
8266,3.6
8267,3.32
8268,3.52
8269,3.08
8270,3.44
8271,3.68
8272,3.9
8273,3.34
8274,3.7
8275,3.48
8276,3.22
8277,3.58
8278,3.56
8279,3.5
8280,3.28
8281,3.74
8282,3.56
8283,3.4
8284,3.5
8285,3.54
8286,3.62
8287,3.32
8288,3.68
8289,3.52
8290,4.18
8291,3.4
8292,3.8
8293,3.36
8294,3.84
8295,3.3
8296,3.56
8297,3.32
8298,3.92
8299,4.12
8300,3.84
8301,3.52
8302,3.42
8303,3.46
8304,3.66
8305,3.34
8306,3.38
8307,3.12
8308,3.18
8309,3.26
8310,3.68
8311,3.4
8312,3.76
8313,3.68
8314,3.32
8315,3.62
8316,3.76
8317,3.24
8318,2.88
8319,3.66
8320,3.68
8321,3.02
8322,3.8
8323,3.74
8324,3.56
8325,4.06
8326,3.76
8327,3.76
8328,3.72
8329,3.6
8330,3.42
8331,3.52
8332,3.56
8333,3.14
8334,3.5
8335,3.7
8336,3.76
8337,3.24
8338,3.66
8339,3.36
8340,3.44
8341,3.8
8342,3.98
8343,3.36
8344,3.38
8345,3.5
8346,3.46
8347,3.38
8348,3.16
8349,3.62
8350,3.54
8351,3.82
8352,3.28
8353,3.52
8354,3.46
8355,3.34
8356,3.48
8357,3.52
8358,3.56
8359,3.66
8360,3.52
8361,3.84
8362,3.7
8363,3.76
8364,3.7
8365,3.82
8366,3.42
8367,4.18
8368,3.38
8369,3.56
8370,4.16
8371,2.84
8372,3.92
8373,3.72
8374,3.24
8375,3.58
8376,3.3
8377,3.5
8378,3.6
8379,3.52
8380,3.46
8381,3.7
8382,3.28
8383,3.64
8384,3.52
8385,3.68
8386,3.32
8387,3.7
8388,2.96
8389,3.68
8390,3.22
8391,3.66
8392,3.76
8393,3.38
8394,3.04
8395,3.6
8396,3.56
8397,3.42
8398,2.86
8399,3.2
8400,3.16
8401,3.46
8402,3.72
8403,3.7
8404,3.96
8405,3.5
8406,3.48
8407,3.7
8408,3.2
8409,3.5
8410,3.2
8411,3.12
8412,3.78
8413,3.04
8414,3.6
8415,3.52
8416,3.84
8417,3.32
8418,3.4
8419,3.48
8420,3.6
8421,2.92
8422,3.64
8423,3.58
8424,3.5
8425,3.54
8426,3.72
8427,3.38
8428,3.4
8429,3.42
8430,3.46
8431,3.5
8432,3.38
8433,3.52
8434,3.72
8435,3.5
8436,3.3
8437,3.94
8438,3.18
8439,3.3
8440,3.36
8441,3.52
8442,3.42
8443,3.16
8444,2.92
8445,3.84
8446,3.34
8447,3.1
8448,3.84
8449,3.56
8450,3.66
8451,3.62
8452,3.82
8453,3.68
8454,3.78
8455,3.8
8456,3.28
8457,3.62
8458,3.22
8459,3.66
8460,3.28
8461,3.48
8462,3.76
8463,3.26
8464,3.68
8465,3.6
8466,3.52
8467,3.88
8468,3.66
8469,3.74
8470,3.5
8471,3.38
8472,3.56
8473,3.34
8474,3.36
8475,3.24
8476,3.62
8477,3.84
8478,3.78
8479,3.6
8480,3.68
8481,3.9
8482,3.58
8483,3.46
8484,3.24
8485,3.74
8486,3.78
8487,3.32
8488,3.66
8489,3.46
8490,2.9
8491,3
8492,2.98
8493,3.42
8494,3.5
8495,3.7
8496,3.54
8497,3.46
8498,3.28
8499,3.78
8500,3.58
8501,3.28
8502,3.68
8503,3.68
8504,3.74
8505,3.92
8506,3.76
8507,3.24
8508,3.08
8509,3.02
8510,3.42
8511,3.58
8512,3.94
8513,3.54
8514,3.42
8515,3.6
8516,3.52
8517,3.5
8518,3.92
8519,3.74
8520,3.26
8521,3.34
8522,3.56
8523,3.48
8524,3.36
8525,3.68
8526,4.14
8527,3.18
8528,3.18
8529,3.82
8530,3.86
8531,3.38
8532,3.66
8533,3.48
8534,4.16
8535,3.7
8536,2.5
8537,3.36
8538,3.24
8539,3.72
8540,3.26
8541,3.36
8542,3.38
8543,3.82
8544,3.44
8545,3.38
8546,3.54
8547,3.72
8548,3.64
8549,3.66
8550,3.62
8551,3.32
8552,3.72
8553,3.2
8554,3.78
8555,3.48
8556,2.82
8557,3.74
8558,3.56
8559,3.52
8560,3.6
8561,3.8
8562,3.72
8563,3.42
8564,3.3
8565,3.68
8566,3.32
8567,3.28
8568,3.12
8569,3.78
8570,3.7
8571,3.58
8572,3.74
8573,3.72
8574,3.6
8575,3.48
8576,3.3
8577,3.52
8578,3.7
8579,3.48
8580,3.7
8581,3.36
8582,3.9
8583,3.78
8584,3.76
8585,3.12
8586,3.42
8587,3.66
8588,3.46
8589,2.96
8590,3.66
8591,3.66
8592,3.28
8593,3.4
8594,3.68
8595,3.84
8596,3.3
8597,3.54
8598,3.52
8599,3.34
8600,3.48
8601,3.18
8602,3.24
8603,3.38
8604,3.58
8605,3.78
8606,3.32
8607,3.58
8608,3.62
8609,3.26
8610,3.48
8611,4
8612,3.6
8613,3.76
8614,3.48
8615,3.72
8616,3.56
8617,3.74
8618,3.24
8619,3.32
8620,3.2
8621,3.22
8622,3.46
8623,3.28
8624,3.42
8625,4.08
8626,3.58
8627,3.34
8628,3.26
8629,3.46
8630,3.82
8631,3.56
8632,3.46
8633,3.52
8634,3.74
8635,3.7
8636,3.18
8637,3.88
8638,3.64
8639,3.76
8640,3.26
8641,3.78
8642,4.12
8643,3.66
8644,3.26
8645,3.72
8646,3.34
8647,3.26
8648,3.12
8649,3.14
8650,3.28
8651,3.36
8652,3.46
8653,3.26
8654,3.4
8655,3.74
8656,3.26
8657,3.3
8658,3.42
8659,3.14
8660,3.38
8661,3.68
8662,3.52
8663,3.66
8664,3.24
8665,3.56
8666,3.56
8667,3.84
8668,3.62
8669,3.58
8670,3.68
8671,3.48
8672,3.6
8673,3.36
8674,3.1
8675,3.72
8676,3.32
8677,3.44
8678,3.4
8679,3.32
8680,3.74
8681,3.38
8682,3.36
8683,3.1
8684,3.72
8685,3.16
8686,3.5
8687,3.78
8688,3.42
8689,3.62
8690,3.08
8691,3.6
8692,3.36
8693,3.54
8694,3.5
8695,3.3
8696,3.5
8697,3.44
8698,3.64
8699,3.64
8700,3.5
8701,3.22
8702,3.58
8703,3.56
8704,3.6
8705,3.34
8706,3.38
8707,4.14
8708,3.68
8709,3.46
8710,3.6
8711,3.38
8712,3.3
8713,3.54
8714,3.54
8715,3.8
8716,3.36
8717,3.54
8718,3.22
8719,3.58
8720,3.4
8721,3.98
8722,3.24
8723,3.56
8724,3.84
8725,3.9
8726,3.56
8727,3.48
8728,3.4
8729,3.6
8730,3.74
8731,3.24
8732,3.4
8733,3.44
8734,4.14
8735,3.82
8736,3.5
8737,3.5
8738,3.56
8739,3.84
8740,3.46
8741,3.62
8742,3.4
8743,3.56
8744,3.78
8745,3.38
8746,3.18
8747,3.66
8748,3.98
8749,3.62
8750,3.36
8751,3.36
8752,3.48
8753,3.16
8754,3.8
8755,3.6
8756,3.36
8757,3.76
8758,3.58
8759,3.14
8760,3.96
8761,2.96
8762,3.14
8763,3.98
8764,3.26
8765,3.48
8766,3.58
8767,3.9
8768,3.82
8769,3.28
8770,3.4
8771,3.12
8772,3.72
8773,3.66
8774,3.28
8775,3.34
8776,3.44
8777,3.86
8778,2.98
8779,3.58
8780,3.64
8781,3.62
8782,3.18
8783,4.24
8784,3.44
8785,3.6
8786,3.9
8787,3.62
8788,3.52
8789,3.74
8790,3.44
8791,3.62
8792,3.7
8793,3.94
8794,3.34
8795,3.84
8796,3.28
8797,3.6
8798,3.52
8799,3.24
8800,3.38
8801,3.22
8802,3.32
8803,3.66
8804,4
8805,3.6
8806,3.32
8807,3.76
8808,3.42
8809,3.7
8810,3.92
8811,3.56
8812,3.5
8813,3.58
8814,3.58
8815,3.6
8816,3.58
8817,3.54
8818,3.48
8819,3.42
8820,3.6
8821,3.64
8822,3.2
8823,3.56
8824,3.82
8825,4
8826,3.18
8827,3.34
8828,3.68
8829,3.36
8830,3.3
8831,3.28
8832,3.14
8833,3.52
8834,3.8
8835,3.18
8836,3.7
8837,3.86
8838,4.06
8839,3.48
8840,3.42
8841,4.04
8842,3.6
8843,3.54
8844,3.38
8845,3.6
8846,3.26
8847,3.3
8848,3.64
8849,3.5
8850,3.52
8851,3.04
8852,3.5
8853,3.52
8854,3.68
8855,3.32
8856,3.5
8857,3.44
8858,3.72
8859,3.5
8860,3.3
8861,3.7
8862,3.28
8863,3.6
8864,3.86
8865,3.56
8866,3.66
8867,3.22
8868,3.4
8869,3.3
8870,3.26
8871,3.6
8872,3.56
8873,3.48
8874,3.58
8875,3.5
8876,3.4
8877,3.72
8878,3.84
8879,3.44
8880,3.42
8881,3.62
8882,3.28
8883,3.46
8884,3.76
8885,3.46
8886,3.26
8887,3.32
8888,3.7
8889,3.5
8890,3.68
8891,3.12
8892,3.32
8893,3.3
8894,3
8895,3.54
8896,3.48
8897,3.58
8898,3.26
8899,3.2
8900,3.24
8901,3.24
8902,3.48
8903,3.46
8904,3.8
8905,3.42
8906,3.86
8907,3.48
8908,3.6
8909,3.06
8910,3.5
8911,3.48
8912,3.26
8913,4
8914,3.86
8915,3.08
8916,3.76
8917,3.62
8918,3.48
8919,3.6
8920,3.72
8921,3.88
8922,3.6
8923,3.62
8924,3.36
8925,3.56
8926,3.7
8927,3.36
8928,3.68
8929,3.46
8930,3.6
8931,3.4
8932,3.42
8933,3.26
8934,3.82
8935,3.38
8936,3.62
8937,3.9
8938,3.48
8939,3.36
8940,3.54
8941,3.54
8942,3.44
8943,3.16
8944,3.34
8945,3.48
8946,3.48
8947,3.68
8948,3.06
8949,2.72
8950,3.46
8951,3.24
8952,3.74
8953,3.62
8954,3.54
8955,3.72
8956,3.7
8957,3.48
8958,3.84
8959,3.38
8960,3.82
8961,2.92
8962,3.16
8963,3.62
8964,3.46
8965,3.84
8966,3.24
8967,3.18
8968,3.62
8969,3.92
8970,3.42
8971,3.58
8972,3
8973,3.46
8974,3.28
8975,3.26
8976,3.78
8977,3.94
8978,3.44
8979,3.6
8980,3.4
8981,3.2
8982,3.38
8983,3.42
8984,3.52
8985,3.72
8986,4.12
8987,3.88
8988,3.68
8989,3.48
8990,3.12
8991,2.94
8992,3.72
8993,3.38
8994,3.2
8995,3.18
8996,3.52
8997,3.8
8998,2.86
8999,3.08
9000,3.78
9001,3.42
9002,3.88
9003,3.74
9004,3.78
9005,3.74
9006,3.42
9007,3.72
9008,3.56
9009,3.34
9010,3.6
9011,3.62
9012,2.72
9013,3.4
9014,3.44
9015,4.32
9016,3.9
9017,3.4
9018,3.3
9019,3.06
9020,3.38
9021,3.32
9022,3.8
9023,3.48
9024,3.48
9025,3.54
9026,3.48
9027,3.66
9028,3.24
9029,3.44
9030,3.32
9031,3.3
9032,3.54
9033,3.3
9034,3.96
9035,3.46
9036,3.26
9037,3.7
9038,3.88
9039,3.14
9040,3.62
9041,3.66
9042,3.84
9043,3.62
9044,3.12
9045,3.32
9046,3.76
9047,3.34
9048,3.74
9049,3.6
9050,4
9051,3.74
9052,3.44
9053,3.62
9054,3.58
9055,3.42
9056,3.3
9057,3.56
9058,3.52
9059,3.12
9060,3.94
9061,3.66
9062,3.66
9063,3.62
9064,3.82
9065,3.78
9066,3.3
9067,3.66
9068,3.38
9069,3.58
9070,3.94
9071,3.6
9072,3.68
9073,3.4
9074,3.82
9075,3.04
9076,3.42
9077,3.6
9078,3.36
9079,3.16
9080,3.42
9081,3.62
9082,2.98
9083,3.56
9084,3.1
9085,3.36
9086,3.64
9087,3.52
9088,3.5
9089,3.2
9090,3.5
9091,3.24
9092,3.3
9093,4
9094,3.52
9095,3.02
9096,3.4
9097,3.56
9098,3.26
9099,3.38
9100,3.42
9101,3.28
9102,3.66
9103,3.38
9104,3.78
9105,3.44
9106,3.66
9107,3.46
9108,3.72
9109,3.14
9110,3.14
9111,3.88
9112,3.46
9113,3.26
9114,3.58
9115,3.44
9116,3.54
9117,3.6
9118,3.74
9119,3.54
9120,3.54
9121,3.52
9122,3.16
9123,3.76
9124,3.64
9125,3.12
9126,3.16
9127,3.08
9128,3.54
9129,3.38
9130,2.86
9131,3.12
9132,3.36
9133,3.78
9134,3.86
9135,3.48
9136,3.68
9137,3.7
9138,3.4
9139,3.44
9140,3.48
9141,3.18
9142,3.14
9143,3.14
9144,3.36
9145,3.2
9146,3.54
9147,3.22
9148,3.44
9149,3.5
9150,3.8
9151,3.78
9152,3.84
9153,3.62
9154,3.74
9155,3.34
9156,3.74
9157,3.12
9158,3.44
9159,3.4
9160,3.34
9161,3.7
9162,3.28
9163,3.36
9164,3.54
9165,3.16
9166,3.74
9167,3.34
9168,3.46
9169,4.08
9170,3.34
9171,3.32
9172,3.38
9173,4
9174,3.82
9175,3.92
9176,3.62
9177,2.98
9178,3.12
9179,3.86
9180,3.4
9181,3.54
9182,2.96
9183,2.84
9184,3.28
9185,3.66
9186,3.46
9187,3.36
9188,3.48
9189,3.34
9190,3.54
9191,3.48
9192,3.2
9193,3.32
9194,3.86
9195,3.96
9196,3.76
9197,3.7
9198,3.78
9199,3.66
9200,3.28
9201,3.62
9202,3.44
9203,3.38
9204,3.62
9205,3.38
9206,3.56
9207,3.18
9208,3.56
9209,3.4
9210,3.22
9211,3.7
9212,3.28
9213,3.44
9214,3.88
9215,3.5
9216,3.42
9217,3.5
9218,3.02
9219,3.32
9220,3.52
9221,3.26
9222,3.32
9223,3.56
9224,3.56
9225,3.96
9226,3.12
9227,3.5
9228,3.68
9229,3.32
9230,3.48
9231,4.14
9232,3.38
9233,3.26
9234,3.54
9235,3.56
9236,2.92
9237,3.36
9238,3.86
9239,3.12
9240,3.5
9241,3.6
9242,3.64
9243,3.6
9244,3.68
9245,3.58
9246,3.62
9247,3.54
9248,3.7
9249,3.42
9250,3.34
9251,3.38
9252,3.66
9253,3.44
9254,3.24
9255,3.24
9256,3.5
9257,3.86
9258,3.42
9259,3.4
9260,2.82
9261,4.02
9262,3.66
9263,3.56
9264,3.4
9265,3.18
9266,4
9267,3.48
9268,3.74
9269,3.72
9270,3.42
9271,3.6
9272,3.6
9273,3.32
9274,3.38
9275,3.32
9276,3.32
9277,3.74
9278,3.38
9279,3.36
9280,3.96
9281,3.56
9282,3.7
9283,3.74
9284,3.46
9285,3.82
9286,3.64
9287,3.28
9288,3.68
9289,3.56
9290,3.54
9291,3.06
9292,3.3
9293,3.12
9294,3.14
9295,3.36
9296,3.38
9297,3.5
9298,3.62
9299,3.02
9300,3.34
9301,3.52
9302,3.66
9303,3.56
9304,3.7
9305,3.4
9306,3.12
9307,3.32
9308,3.22
9309,3.36
9310,3.34
9311,3.32
9312,3.84
9313,3.3
9314,3.68
9315,3.24
9316,3.22
9317,3.9
9318,3.52
9319,3.44
9320,3.66
9321,3.56
9322,3.58
9323,3.66
9324,3.3
9325,3.8
9326,3.38
9327,3.3
9328,2.9
9329,3.06
9330,3.12
9331,3.08
9332,3.38
9333,3.38
9334,3.28
9335,3.46
9336,3.34
9337,3.34
9338,3.34
9339,3.82
9340,3.58
9341,3.72
9342,3.38
9343,3.76
9344,3.24
9345,3.76
9346,3.4
9347,3.28
9348,3.3
9349,4.18
9350,3.18
9351,3.66
9352,3.26
9353,3.54
9354,3.34
9355,3.6
9356,3.72
9357,3.34
9358,3.8
9359,3.72
9360,3.48
9361,3.52
9362,3.34
9363,3.58
9364,3.38
9365,4.26
9366,3.12
9367,3.26
9368,3.34
9369,3.68
9370,3.2
9371,3.46
9372,3.62
9373,3.38
9374,3.78
9375,3.76
9376,3.3
9377,3.9
9378,3.4
9379,3.34
9380,3.52
9381,3.32
9382,3.52
9383,3.5
9384,3.48
9385,3.76
9386,3.76
9387,2.8
9388,3.4
9389,3.2
9390,3.56
9391,3.66
9392,3.6
9393,3.22
9394,3.16
9395,3.92
9396,3.3
9397,3.5
9398,3.66
9399,3.22
9400,3.4
9401,3.92
9402,3.22
9403,3.16
9404,3.66
9405,3.86
9406,3.48
9407,3.48
9408,3.48
9409,3.74
9410,3.12
9411,3.26
9412,3.36
9413,3.62
9414,3.44
9415,3.74
9416,3.26
9417,3.52
9418,3.54
9419,3.16
9420,3.02
9421,3.44
9422,3.72
9423,3.44
9424,3.44
9425,3.34
9426,3.08
9427,3.48
9428,3.12
9429,3.08
9430,3.74
9431,3.62
9432,3.06
9433,3.54
9434,3.62
9435,3.52
9436,3.28
9437,4.2
9438,4.04
9439,3.26
9440,3.54
9441,2.88
9442,3.48
9443,3.48
9444,3.94
9445,3.2
9446,3.64
9447,3.32
9448,3.6
9449,3.44
9450,2.98
9451,3.6
9452,3.68
9453,3.58
9454,3.48
9455,3.44
9456,3.3
9457,3.16
9458,3.14
9459,3.64
9460,3.94
9461,3.12
9462,3.26
9463,3.54
9464,3.56
9465,3.16
9466,3.58
9467,3.56
9468,3.7
9469,3.86
9470,3.24
9471,3.28
9472,3.36
9473,3.58
9474,3.84
9475,3.3
9476,3.56
9477,3.5
9478,3.94
9479,3.72
9480,3.4
9481,3.74
9482,3.34
9483,3.28
9484,3.06
9485,3.52
9486,3.24
9487,2.52
9488,3.88
9489,3.44
9490,3.58
9491,3.38
9492,3.46
9493,3.52
9494,3.46
9495,3.5
9496,3.5
9497,3.48
9498,3.48
9499,3.72
9500,3.36
9501,3.62
9502,3.58
9503,3.66
9504,4
9505,3.52
9506,3.5
9507,3.9
9508,3.92
9509,3.6
9510,3.46
9511,3.68
9512,3.46
9513,3.48
9514,3.3
9515,3.66
9516,3.84
9517,3.62
9518,3.48
9519,3.6
9520,3.48
9521,3.46
9522,4.14
9523,3.4
9524,3.46
9525,3.72
9526,3.48
9527,3.1
9528,3.22
9529,3.58
9530,3.84
9531,3.52
9532,3.5
9533,3.2
9534,3.76
9535,3.5
9536,2.92
9537,3.9
9538,3.7
9539,3.6
9540,4
9541,3.4
9542,2.96
9543,3.24
9544,3.58
9545,3.76
9546,3.18
9547,3.54
9548,3.3
9549,3.6
9550,3.36
9551,3.3
9552,3.7
9553,3.24
9554,3.8
9555,3.28
9556,3.66
9557,3.98
9558,3.76
9559,3.26
9560,3.64
9561,3.66
9562,3.86
9563,3.66
9564,3.46
9565,3.54
9566,3.58
9567,3.44
9568,3.6
9569,3.54
9570,4.26
9571,3.08
9572,3.66
9573,3.4
9574,3.32
9575,3.34
9576,3.44
9577,3.52
9578,3.28
9579,3.72
9580,3.6
9581,3.78
9582,3.54
9583,3.5
9584,3.22
9585,3.44
9586,3.36
9587,3.6
9588,3.3
9589,3.22
9590,3.78
9591,3.4
9592,3.44
9593,3.38
9594,3.8
9595,3.26
9596,3.54
9597,4.18
9598,3.66
9599,3.24
9600,3.62
9601,3.42
9602,3.44
9603,3.76
9604,3.52
9605,3.64
9606,4.04
9607,3.4
9608,3.42
9609,3.54
9610,3.68
9611,3.48
9612,3.08
9613,3.24
9614,3.3
9615,3.42
9616,3.12
9617,3.88
9618,3.44
9619,3.84
9620,3.52
9621,3.54
9622,3.88
9623,3.8
9624,3.3
9625,3.42
9626,3.18
9627,3.46
9628,3.58
9629,3.34
9630,2.92
9631,3.72
9632,4.12
9633,3.34
9634,3.28
9635,3.62
9636,3.88
9637,3.8
9638,3.76
9639,3.6
9640,3.4
9641,3.02
9642,3.24
9643,3.9
9644,3.24
9645,3.68
9646,3.52
9647,3.52
9648,3.62
9649,3.74
9650,3.64
9651,3.66
9652,3.44
9653,3.14
9654,3.6
9655,3.64
9656,3.26
9657,3.62
9658,4
9659,3.92
9660,3.2
9661,3.28
9662,3.3
9663,3.58
9664,3.76
9665,3.42
9666,3.6
9667,3.86
9668,3.32
9669,3.14
9670,3.42
9671,3.64
9672,3.64
9673,3.58
9674,2.88
9675,3.52
9676,3.36
9677,3.66
9678,3.66
9679,3.32
9680,3.32
9681,3.36
9682,3.74
9683,3.38
9684,3.42
9685,3.4
9686,3.18
9687,3.68
9688,3.34
9689,3.02
9690,3.4
9691,3.38
9692,3.84
9693,3.54
9694,3.46
9695,3.42
9696,3.28
9697,3.48
9698,3.66
9699,3.2
9700,3.38
9701,3.92
9702,3.22
9703,4.16
9704,3.52
9705,2.92
9706,3.6
9707,3.7
9708,3.18
9709,3.58
9710,3.3
9711,3.46
9712,3.88
9713,3.4
9714,3.4
9715,3.36
9716,3.64
9717,3.6
9718,2.9
9719,3.44
9720,3.82
9721,2.9
9722,3.64
9723,3.44
9724,3.5
9725,3.52
9726,3.58
9727,3.8
9728,3.78
9729,3.6
9730,3.18
9731,3.66
9732,3.72
9733,3.14
9734,3.42
9735,3.34
9736,3.44
9737,3.6
9738,3.62
9739,3.54
9740,3.22
9741,3.34
9742,3.28
9743,4
9744,3.4
9745,3.98
9746,3.42
9747,3.84
9748,3.3
9749,3.92
9750,3.32
9751,3.56
9752,3.52
9753,3.58
9754,3.92
9755,3.56
9756,3.52
9757,3.88
9758,3.88
9759,3.22
9760,3.66
9761,3.72
9762,3.6
9763,3.58
9764,3.32
9765,3.3
9766,3.24
9767,3.64
9768,3.66
9769,3.54
9770,3.38
9771,3.32
9772,3.44
9773,3.56
9774,3.44
9775,3.2
9776,3.72
9777,3.26
9778,3.04
9779,3.34
9780,3.48
9781,3.32
9782,3.68
9783,3.32
9784,3.54
9785,3.78
9786,3.76
9787,3.3
9788,3.44
9789,3.58
9790,3.48
9791,3.16
9792,3.56
9793,3.24
9794,3.42
9795,3.4
9796,3.46
9797,3.38
9798,3.32
9799,3.34
9800,3.28
9801,3.66
9802,3.36
9803,3.28
9804,3.48
9805,3.32
9806,3.48
9807,2.82
9808,3.3
9809,3.3
9810,3.34
9811,3.74
9812,3.44
9813,3.18
9814,3.42
9815,3.32
9816,3.72
9817,3.32
9818,3.68
9819,3.7
9820,3.5
9821,3.22
9822,3.22
9823,3.74
9824,3.48
9825,3.28
9826,3.3
9827,3.56
9828,3.36
9829,3.4
9830,3.02
9831,3.5
9832,3.56
9833,3.72
9834,3.48
9835,3.38
9836,3.86
9837,3.46
9838,3.44
9839,2.96
9840,2.9
9841,3.54
9842,3.64
9843,2.9
9844,3.46
9845,3.56
9846,3.74
9847,3.62
9848,3.42
9849,3.14
9850,3.46
9851,3.48
9852,3.66
9853,3.64
9854,3.6
9855,3.46
9856,3.78
9857,3.74
9858,3.48
9859,3.04
9860,3.5
9861,3.68
9862,3.38
9863,3.84
9864,3.72
9865,3.46
9866,3.98
9867,3.66
9868,3.94
9869,3.42
9870,3.64
9871,3.44
9872,3.78
9873,3.9
9874,3.2
9875,3.74
9876,3.74
9877,3.92
9878,3.6
9879,3.92
9880,3.44
9881,3.56
9882,3.36
9883,3.44
9884,3.76
9885,3.54
9886,3.48
9887,3.56
9888,3.78
9889,3.28
9890,3.66
9891,3.62
9892,3.14
9893,3.38
9894,3.9
9895,3.64
9896,3.06
9897,3.82
9898,3.42
9899,3.92
9900,3.76
9901,3.78
9902,3.54
9903,3.54
9904,3.2
9905,3.26
9906,3.8
9907,3.48
9908,3.38
9909,3.58
9910,3.32
9911,3.76
9912,3.58
9913,4.06
9914,3.32
9915,3.4
9916,3.52
9917,3.62
9918,3.34
9919,3.68
9920,3.46
9921,3.3
9922,3.8
9923,3.42
9924,3.4
9925,3.96
9926,3.56
9927,3.52
9928,3.68
9929,3.62
9930,3.28
9931,4.12
9932,3.48
9933,3.72
9934,3.5
9935,3.48
9936,3.78
9937,3.34
9938,3.66
9939,3.48
9940,3.44
9941,3.68
9942,3.86
9943,3.22
9944,3.4
9945,3.36
9946,2.98
9947,3.34
9948,3.52
9949,3.22
9950,3.62
9951,3.44
9952,3.44
9953,3.9
9954,3.36
9955,3.46
9956,3.46
9957,3.56
9958,3.56
9959,4.12
9960,3.56
9961,3.64
9962,3.5
9963,3.42
9964,3.66
9965,3.24
9966,3.52
9967,3.42
9968,3.4
9969,3.5
9970,3.76
9971,3.68
9972,3.66
9973,3.58
9974,3.74
9975,3.38
9976,3.54
9977,3.48
9978,3.86
9979,3.3
9980,3.28
9981,3.22
9982,3.94
9983,3.72
9984,3.56
9985,3.76
9986,3.28
9987,3.42
9988,3.36
9989,3.32
9990,3.64
9991,3.22
9992,3.54
9993,3.4
9994,3.76
9995,3.3
9996,3.66
9997,3.82
9998,3.88
9999,3.46
10000,3.38
