"city","month","actual","yhat_ols_linear","yhat_ols_poly","yhat_ridge","yhat_lasso","yhat_tree","sample"
"三亚",1,92.9,93.648209047171,92.2117953243879,92.834018458106,92.7587079908794,92.8888888888889,"训练集"
"三亚",2,93.1,94.1731716263778,92.5421643942604,93.1384481417007,93.0835637537058,92.8888888888889,"训练集"
"三亚",3,93.2,94.1888632694162,92.7414253199876,93.3267102371121,93.2604344974446,92.8888888888889,"训练集"
"三亚",4,93.2,93.9980887917305,92.986304223566,93.6140598476694,93.6117516208277,93.33125,"训练集"
"三亚",5,93.3,94.350447285586,93.3311125180946,93.9862163599211,94.0551601785529,93.33125,"训练集"
"三亚",6,93.2,94.4666159746732,93.5295357943045,94.1892344415991,94.2509799473784,93.33125,"训练集"
"三亚",7,93.4,94.8522819738667,93.8391255558263,94.5844492902285,94.7318098100197,93.33125,"训练集"
"三亚",8,93.3,95.7571339064121,94.2154064354249,94.9474707974163,95.122565611437,93.33125,"训练集"
"三亚",9,94.2,95.4790952764202,94.4031304341569,95.2600194270719,95.5162590724775,93.6555555555556,"训练集"
"三亚",10,94,95.6605092869569,94.6581585893837,95.4374063681784,95.6598064418895,93.6555555555556,"测试集"
"三亚",11,93.4,95.4796498064547,94.8131343805304,95.5763950491109,95.7730644849608,93.6555555555556,"测试集"
"三亚",12,93.3,95.0105680934774,94.8309520798533,95.6118314454061,95.75233150129,93.6555555555556,"测试集"
"上海",1,97.7,101.267906685193,97.5825668312289,97.4532722581991,97.5948913775446,98.1625,"训练集"
"上海",2,97.9,100.865998500997,97.7704478688547,97.5796456355855,97.6941554282703,98.1625,"训练集"
"上海",3,98.6,101.200737144482,97.9625314938655,97.8323692532158,97.9634839595193,98.1625,"训练集"
"上海",4,99.4,101.245333324301,98.2439368679205,98.0634511269508,98.2034906586683,98.1625,"训练集"
"上海",5,99.9,100.052263147352,98.2600779686031,98.0669113112337,98.1673334468802,98.1625,"训练集"
"上海",6,98.7,100.512534935143,98.572254458813,98.3425531125333,98.4511467194582,98.1625,"训练集"
"上海",7,97.8,100.47674868051,98.8001431619247,98.5419823310145,98.6483003356926,98.1625,"训练集"
"上海",8,97.4,100.099338076467,98.8578607457847,98.631697597468,98.6979456780964,98.1625,"训练集"
"上海",9,97.6,100.037126034348,98.9501806030075,98.7512168052195,98.7724485688426,98.1625,"训练集"
"上海",10,96.6,100.21798551485,99.1881309855647,98.9830227691926,99.0093108279166,98.1625,"测试集"
"上海",11,95.4,100.209730119699,99.2178945381029,99.0542846214681,99.0040160760892,98.1625,"测试集"
"上海",12,93.9,100.116134791503,99.2986760247869,99.1680742833023,99.0748977815032,98.1625,"测试集"
"丹东",1,89.4,92.9564403359741,90.6568452015178,91.021357991367,90.8128362466679,90.0142857142857,"训练集"
"丹东",2,89.6,92.8603662584824,90.7604905432647,91.1722378856074,90.9432327221598,90.0142857142857,"训练集"
"丹东",3,90.1,92.5972001242657,90.8170477216724,91.2622451208257,90.9798375627326,90.0142857142857,"训练集"
"丹东",4,91.4,92.9044079082671,91.3076586205718,91.6431361046617,91.4516144620433,90.96,"训练集"
"丹东",5,92.3,92.8435695434459,91.7271126550721,91.9336424569426,91.7917016762615,90.96,"训练集"
"丹东",6,92,92.2552898501219,92.0042694167866,92.1422066804877,92.0415080488037,91.8684210526316,"训练集"
"丹东",7,92.9,93.115545602848,92.330241171428,92.4595436363933,92.3673173021447,91.8684210526316,"训练集"
"丹东",8,93.5,93.3924791608419,92.634537364634,92.7258670285788,92.6488432367993,93.9,"训练集"
"丹东",9,94,93.7517193725503,92.961797305055,93.0411718664784,93.0070223739525,93.9,"训练集"
"丹东",10,95.4,94.0305771498055,93.230498237904,93.3248240491243,93.3223484281911,93.9,"测试集"
"丹东",11,96.4,94.2428199163844,93.4901543719692,93.5623595590148,93.5628318725973,93.9,"测试集"
"丹东",12,96.4,93.9898333965798,93.6948804495712,93.7838310548708,93.813591735654,93.9,"测试集"
"乌鲁木齐",1,94.1,94.5819655164974,93.9126971315265,93.6174177193617,93.4831927338551,94.2611111111111,"训练集"
"乌鲁木齐",2,94.2,94.0570029372905,93.9541567741029,93.6837826806726,93.5084572731738,94.2611111111111,"训练集"
"乌鲁木齐",3,94.5,94.168214127786,94.2070614529374,93.960981227163,93.8233065821552,94.2611111111111,"训练集"
"乌鲁木齐",4,94.4,93.7764855580027,94.4362425777558,94.2188188651871,94.1367256553649,94.6166666666667,"训练集"
"乌鲁木齐",5,94.8,94.6136134198027,94.7874365910884,94.6445617453527,94.6392686262736,95.3166666666667,"训练集"
"乌鲁木齐",6,95.4,95.2272138286136,95.1627098461453,95.0947795543784,95.1873323749147,95.3166666666667,"训练集"
"乌鲁木齐",7,95.4,95.7937393083093,95.4741261249593,95.5364030445282,95.7299643455573,95.50625,"训练集"
"乌鲁木齐",8,95.3,96.3677010358925,95.7753702200358,95.8667558374593,96.0940520059661,95.50625,"训练集"
"乌鲁木齐",9,95.6,96.2986072759205,95.9901992814509,96.0431267195628,96.2537843172843,95.50625,"训练集"
"乌鲁木齐",10,95.7,96.197575699837,96.1337814996589,96.2681870786156,96.5032103329321,95.50625,"测试集"
"乌鲁木齐",11,95.7,96.6446345938864,96.4027639230723,96.5038738745503,96.7256982427661,95.50625,"测试集"
"乌鲁木齐",12,95.5,96.1824385868332,96.5298977634675,96.5816979276959,96.7582051527494,95.50625,"测试集"
"九江",1,90.9,91.3091609418226,90.7462552707918,91.3099952039872,91.0396670806573,90.9583333333333,"训练集"
"九江",2,91.1,91.583061220486,91.2655463497613,91.6678278514455,91.4740226750519,90.9583333333333,"训练集"
"九江",3,91.2,92.1727145911077,91.7033301591273,92.0010454173353,91.8399209281268,91.24,"训练集"
"九江",4,92.5,92.6148159865654,92.0924653487865,92.3109126780825,92.1814383781166,91.875,"训练集"
"九江",5,92.9,92.3557668961708,92.9005719322983,92.8146420156864,92.8763268748792,92.8736842105263,"训练集"
"九江",6,92.7,93.147748036188,93.5127073449513,93.3483586986387,93.5457075015995,93.35,"训练集"
"九江",7,94,94.811824145376,94.0503418191116,93.8829828758793,94.1615782698603,94.12,"训练集"
"九江",8,94.5,94.6152730218354,94.1793132706689,94.0191067838531,94.2730257202654,94.8764705882353,"训练集"
"九江",9,94.9,93.9884637073531,94.2494685045052,93.9989679455704,94.1522262252516,94.8764705882353,"训练集"
"九江",10,94.7,93.9488250261255,94.2739148926512,94.0645002519285,94.143310288092,94.8764705882353,"测试集"
"九江",11,94.2,93.7630080470316,94.4915491817193,94.2776693976734,94.3755978713192,94.8764705882353,"测试集"
"九江",12,93.8,93.2845658669054,94.5800995316045,94.4070477007269,94.4996090782983,94.8764705882353,"测试集"
"兰州",1,90.7,90.6140730265603,91.0363093446925,91.3809737088658,91.113580799219,90.9583333333333,"训练集"
"兰州",2,91,91.76887819958,91.5375065084413,91.7994302979232,91.581466548392,90.9583333333333,"训练集"
"兰州",3,91.6,91.7895273412101,91.5585139468295,91.9135119285222,91.6393077519749,91.24,"训练集"
"兰州",4,92.2,91.670879902827,91.8190483218326,92.118378724156,91.8531230553726,91.875,"训练集"
"兰州",5,92.4,91.301724693935,92.1221086870578,92.3222294607867,92.0831233006765,92.8736842105263,"训练集"
"兰州",6,92.9,91.9775371448649,92.9508683547493,92.8383253845137,92.7317443096439,92.8736842105263,"训练集"
"兰州",7,93.5,93.4249675189168,93.5732861713832,93.3405728162625,93.3079064350651,92.8736842105263,"训练集"
"兰州",8,94.5,93.5218607436717,94.1624190368658,93.7858937343236,93.8865294748523,94.8764705882353,"训练集"
"兰州",9,94.3,93.3385225138736,94.3399396281504,93.9619726476623,94.0593022880016,94.8764705882353,"训练集"
"兰州",10,95.3,94.0594816865864,94.7487233956751,94.3700947686026,94.5410856411574,94.8764705882353,"测试集"
"兰州",11,94.9,93.7781451600354,94.8891495940823,94.4943274632684,94.635394659142,94.8764705882353,"测试集"
"兰州",12,94.5,94.0493020721744,95.0150340863878,94.6094251528705,94.6770509208187,94.8764705882353,"测试集"
"包头",1,88.8,91.7413473400967,89.45362781986,89.9922926290664,89.6724404820324,89.275,"训练集"
"包头",2,89.4,92.4986472974781,89.8592577118943,90.3319638311116,90.0388154803646,89.275,"训练集"
"包头",3,89.3,91.935974244376,89.9102339664795,90.3950318979906,90.0523733652612,89.275,"训练集"
"包头",4,89.9,92.4986472974781,90.2283185910076,90.7027584760172,90.3889357825098,89.775,"训练集"
"包头",5,90.3,92.1476624809204,90.4474110393043,90.8723837532004,90.5612318504019,89.775,"训练集"
"包头",6,90.9,92.3731181412419,90.8135884379546,91.1498742684557,90.8630406575522,91.8684210526316,"训练集"
"包头",7,91.5,92.6990508476123,91.1724892637372,91.4421207699776,91.1837984897892,91.8684210526316,"训练集"
"包头",8,92.1,92.8490815720723,91.3325624723276,91.6137781651668,91.3237246738689,91.8684210526316,"训练集"
"包头",9,92.5,92.8000824236957,91.4825106974373,91.7732523782832,91.4595529273592,91.8684210526316,"训练集"
"包头",10,92.8,92.2883327382315,91.567278331869,91.8795723449589,91.5461428294221,91.8684210526316,"测试集"
"包头",11,92.6,92.1432595123633,91.636316423971,92.0045291298629,91.6373074073317,91.8684210526316,"测试集"
"包头",12,92.4,92.4502026791362,91.5895153790141,92.1055949234364,91.6568702038466,91.8684210526316,"测试集"
"北京",1,96.2,94.927944509304,96.5887513119391,96.1681384266802,96.5511166120226,95.5529411764706,"训练集"
"北京",2,97.1,94.2818557424182,96.711223984993,96.2910630935782,96.6746510737445,95.5529411764706,"训练集"
"北京",3,97.9,95.1288986014017,96.9561368920178,96.5684450441189,96.9391349643413,95.5529411764706,"训练集"
"北京",4,99,93.9082975649691,97.221017206635,96.7000725946075,97.105426120615,97.9428571428571,"训练集"
"北京",5,99.3,94.7880973873272,97.8019744142231,97.1541712355949,97.639115520016,97.9428571428571,"训练集"
"北京",6,98.2,94.5532812598568,98.0034109611548,97.3414172720034,97.8321712056609,97.9428571428571,"训练集"
"北京",7,97.1,94.364985531467,98.2581692714429,97.5916766501545,98.1239735589661,97.9428571428571,"训练集"
"北京",8,96.9,94.8409489622973,98.5750720511559,97.8701832244128,98.4095974242102,97.9428571428571,"训练集"
"北京",9,97.3,94.9805101595391,98.8842439064407,98.2446205720934,98.8808975782637,97.9428571428571,"训练集"
"北京",10,95.3,95.531898526231,99.2684710673176,98.6289602664178,99.3284040665784,97.9428571428571,"测试集"
"北京",11,93.2,95.7623116851443,99.5175011343023,98.8322703168607,99.5111833335727,97.9428571428571,"测试集"
"北京",12,91.5,95.4363789787739,99.603502926103,98.9108184602444,99.540545803481,97.9428571428571,"测试集"
"北海",1,94.7,93.357797978206,94.1605667693249,93.7171325787122,94.0417075252951,94.7058823529412,"训练集"
"北海",2,94.6,92.2255661660778,93.9327603224701,93.615483733167,93.8405232503615,94.7058823529412,"训练集"
"北海",3,94.7,92.3020961739375,93.8624042388798,93.6986367987504,93.8523669309547,94.7058823529412,"训练集"
"北海",4,94.6,92.1501412302163,94.0872875327841,93.8804452580064,94.0287609294362,94.7058823529412,"训练集"
"北海",5,94.5,92.1168337248782,94.2478709031982,94.0427842440815,94.1663997755927,93.9733333333333,"训练集"
"北海",6,93.9,91.7369443715396,94.3612618604538,94.1695897429411,94.2755598880745,93.9733333333333,"训练集"
"北海",7,93.7,92.1036208311357,94.522144069823,94.3736238836222,94.4551947149938,93.9733333333333,"训练集"
"北海",8,94.4,92.6569334170888,95.0749464324936,94.775292368407,94.9365013228924,94.3166666666667,"训练集"
"北海",9,94.6,92.9985577664976,95.4507578705748,95.0704036428876,95.2590697477956,94.3166666666667,"训练集"
"北海",10,94.3,92.680880455278,95.6768265780916,95.2630872564485,95.4687871206038,94.3166666666667,"测试集"
"北海",11,94.2,93.197587639334,95.8284797526937,95.453381469866,95.6132879805303,94.3166666666667,"测试集"
"北海",12,93.8,92.3265977421613,95.7125863492727,95.4297939210948,95.5167588965126,94.3166666666667,"测试集"
"南京",1,94.4,92.3155736849086,92.8850723136471,92.8785759768633,92.5743597464452,94.7058823529412,"训练集"
"南京",2,94.9,93.1364593617067,93.5881764773725,93.4551124381391,93.3068763285757,94.7058823529412,"训练集"
"南京",3,95.1,94.3887122895158,94.2163655958638,94.0790735999382,94.0850100768014,95.1818181818182,"训练集"
"南京",4,95.7,94.958271048542,94.5881240426448,94.4291878348151,94.4748123877042,95.1818181818182,"训练集"
"南京",5,95.4,95.0444301288501,94.8553411292176,94.7974635151051,94.9325952946694,94.7333333333333,"训练集"
"南京",6,94.5,96.2286943686853,95.3024538388224,95.2043208596195,95.3703021095907,94.7333333333333,"训练集"
"南京",7,93.9,95.814942979974,95.390380566899,95.362487044968,95.5353558068183,94.7333333333333,"训练集"
"南京",8,93.8,95.4807548784529,95.4618486571634,95.3268997181744,95.3843633738266,94.3166666666667,"训练集"
"南京",9,94.1,94.9764414408762,95.5122373783718,95.3219489876315,95.2924089656556,94.3166666666667,"训练集"
"南京",10,93.6,94.9274422924997,95.6898090626456,95.4814232007479,95.4282372191458,94.3166666666667,"测试集"
"南京",11,92.7,93.6892214056963,95.6245260015874,95.4936178566151,95.4204483489433,94.3166666666667,"测试集"
"南京",12,91.6,93.3324599432838,95.7002652109934,95.5120174312148,95.3528747438574,94.3166666666667,"测试集"
"南充",1,93.1,94.7471333539611,94.0005825718277,93.8449642763266,93.9300483546483,92.9142857142857,"训练集"
"南充",2,93.2,94.3829356436609,94.1287040152539,93.9746345481449,94.0410190597963,93.5142857142857,"训练集"
"南充",3,93.4,94.5348905873821,94.2986980873581,94.1636207337945,94.21474536346,93.5142857142857,"训练集"
"南充",4,93.5,94.2535540608311,94.4419132385828,94.2878534284603,94.3090543814447,93.7285714285714,"训练集"
"南充",5,94.6,94.9147799407207,94.7388984487724,94.5930072022932,94.6307657041961,96.04,"训练集"
"南充",6,95.3,94.5750837986443,94.9789763771914,94.7852586943808,94.8305870152483,96.04,"训练集"
"南充",7,96.2,95.1534484947848,95.2550612270356,95.0958500453661,95.1689600251631,96.04,"训练集"
"南充",8,96.6,94.5544346570142,95.3750884396289,95.2273690311402,95.2979262648833,96.04,"训练集"
"南充",9,96.9,94.7196024944779,95.5820775943515,95.4563102221546,95.5329779312911,96.04,"训练集"
"南充",10,96.9,94.9004619749801,95.8032447110582,95.6881161861277,95.7698401903651,96.04,"测试集"
"南充",11,96.3,94.0790257562184,95.8165962560203,95.6360327238264,95.6192281142678,96.04,"测试集"
"南充",12,95.7,93.7448376546973,95.7828322115566,95.6004453970327,95.4682356812761,96.04,"测试集"
"南宁",1,90.8,91.3350321992731,90.2069251204627,90.7817372074932,90.2602959528988,90.9583333333333,"训练集"
"南宁",2,91.1,91.736389841505,90.8118985568531,91.1798168290813,90.7429364082063,90.9583333333333,"训练集"
"南宁",3,91.1,92.0705779430261,91.3908872316651,91.5861988007805,91.2440491433433,91.24,"训练集"
"南宁",4,92.1,92.8361332955582,91.9547686952606,92.040005473003,91.7907790445754,91.875,"训练集"
"南宁",5,92.6,93.7211552337366,92.6478503705132,92.6997488394405,92.6576530066164,92.8888888888889,"训练集"
"南宁",6,92.7,94.2725436004285,93.0355336255575,93.0840885337649,93.105159494931,93.33125,"训练集"
"南宁",7,93.1,94.6116892005414,93.340824067387,93.4162900406517,93.4872426899121,93.33125,"训练集"
"南宁",8,93.6,95.1600442879028,93.6647665173206,93.892138990249,94.0875788379666,93.33125,"训练集"
"南宁",9,94.1,96.3192564175507,94.1465458149824,94.3900734685629,94.6682192508717,93.6555555555556,"训练集"
"南宁",10,94.5,96.9422172935105,94.4483136986904,94.7463493708304,95.0715388088628,93.6555555555556,"测试集"
"南宁",11,94.2,96.2727360184701,94.5126972507779,94.6978547717258,94.9195928853566,93.6555555555556,"测试集"
"南宁",12,93.8,95.109120920265,94.4434542270456,94.5904763802633,94.7147874250908,93.6555555555556,"测试集"
"南昌",1,89.2,92.4196385403225,90.5110327033017,90.8959956969264,90.6602157328556,90.0666666666667,"训练集"
"南昌",2,89.5,92.3651273633197,90.8366940424508,91.1840693977218,91.0083884161637,90.0666666666667,"训练集"
"南昌",3,89.8,93.5821445784583,91.3764834051444,91.6684041014805,91.5768314256632,90.0666666666667,"训练集"
"南昌",4,90.5,93.3792662670993,91.5830163905883,91.8069606609397,91.6801934069784,91.875,"训练集"
"南昌",5,91.6,93.5474673838936,91.72069243357,91.9443925966813,91.7624154136463,92.8736842105263,"训练集"
"南昌",6,92.3,93.0538880907636,91.763038740488,92.0164871039095,91.7913011382974,92.8736842105263,"训练集"
"南昌",7,93.5,93.3710108719486,91.9597867176633,92.2490171581207,92.0250189572963,92.8736842105263,"训练集"
"南昌",8,93.5,92.5886588043799,92.1164765544413,92.3712177347806,92.1516978590932,92.8736842105263,"训练集"
"南昌",9,94.7,94.2012570158956,92.7327790123545,92.9170090350911,92.7878514998496,94.8764705882353,"训练集"
"南昌",10,93.8,92.9410172982354,92.7565690561688,92.9287715694851,92.770166567891,94.8764705882353,"测试集"
"南昌",11,93.5,93.0282814505417,92.8808395793559,93.0889698728396,92.9028503813062,94.8764705882353,"测试集"
"南昌",12,93.4,93.3792662670993,93.0592599070413,93.2901392405619,93.0806746155594,92.8736842105263,"测试集"
"厦门",1,89.3,91.1013211438008,90.0963212845085,90.8559396806224,90.3883474812519,90.0142857142857,"训练集"
"厦门",2,90,91.1384810757325,90.6810599220395,91.198292251576,90.8068984906347,90.0142857142857,"训练集"
"厦门",3,90.3,91.7903464884732,91.2557707161014,91.597387932167,91.273354004036,90.0142857142857,"训练集"
"厦门",4,91.3,92.2156511688943,92.0541199912802,92.112467796891,91.9381599549097,90.96,"训练集"
"厦门",5,92.8,93.1595872526327,92.6996299374048,92.6497733430401,92.6062067342211,93.35,"训练集"
"厦门",6,93.2,94.6887737384357,93.4741231985918,93.3546605745719,93.4908062660288,93.35,"训练集"
"厦门",7,94.2,95.1573009213784,93.8328243297736,93.7444378460489,93.9549744415068,94.12,"训练集"
"厦门",8,95.4,95.1165571681527,94.060006651932,94.0180475293425,94.2711575978971,94.8764705882353,"训练集"
"厦门",9,96,95.4067036198891,94.3461439683705,94.3243259268929,94.6140088952958,94.8764705882353,"训练集"
"厦门",10,94.9,94.8038373555248,94.3675937344902,94.3219480005438,94.5369055816221,94.8764705882353,"测试集"
"厦门",11,93.6,94.15445069208,94.3555685340948,94.2565567324522,94.361055600288,94.8764705882353,"测试集"
"厦门",12,92.4,93.9521229226845,94.3798334613137,94.2414549378424,94.2326333777153,94.8764705882353,"测试集"
"合肥",1,91.6,92.194182880001,90.8147268248717,91.1657237839042,90.7783700252803,91.7333333333333,"训练集"
"合肥",2,91.8,92.3029153212007,91.21206854059,91.4800125628008,91.1527341043396,91.7333333333333,"训练集"
"合肥",3,91.8,92.6778471759475,91.585141343974,91.7981821736592,91.512723834159,92.17,"训练集"
"合肥",4,92.6,93.0767260688836,92.1093200564777,92.2333520276534,92.0548790595444,92.5833333333333,"训练集"
"合肥",5,92.7,93.0026748103197,92.3984129867394,92.4839033745694,92.3336409110185,92.5833333333333,"训练集"
"合肥",6,92.4,93.484414887005,92.8384839185249,92.9136356514112,92.8591344492406,92.5833333333333,"训练集"
"合肥",7,92.6,94.6788587412522,93.3271338523483,93.4519572565632,93.5109962866458,92.5833333333333,"训练集"
"合肥",8,92.8,94.5169888003474,93.551834779444,93.782126645444,93.9254493654392,92.5833333333333,"训练集"
"合肥",9,93.5,95.6982197608522,93.9628776970323,94.2804932452312,94.5159858401004,93.6555555555556,"训练集"
"合肥",10,93.5,95.6574760076264,94.1677246315144,94.5541029285249,94.8321689964907,93.6555555555556,"测试集"
"合肥",11,93,95.7436350879346,94.4056847320748,94.9223786088149,95.2899519034558,93.6555555555556,"测试集"
"合肥",12,92.7,96.3847663562287,94.7221086724751,95.2444290516348,95.6355672840352,93.6555555555556,"测试集"
"吉林",1,94.1,92.4196385403225,93.9238418805596,93.6896738212457,93.8514352379173,94.2611111111111,"训练集"
"吉林",2,94.2,92.9514828373824,94.1447182694107,93.9372518304884,94.0910615801718,94.2611111111111,"训练集"
"吉林",3,94.4,92.2148320216312,93.9853847895271,93.897059581495,93.9575879364951,94.2611111111111,"训练集"
"吉林",4,94.8,92.7813575013268,94.5986712254787,94.3386830716447,94.5002199071378,94.6166666666667,"训练集"
"吉林",5,95.6,93.3429254824308,95.2433754375745,94.8544870266069,95.1618814179364,95.3166666666667,"训练集"
"吉林",6,95.4,93.3660533733568,95.2992494485243,94.9314784247997,95.1602078514413,95.3166666666667,"训练集"
"吉林",7,95.6,93.2906284374953,95.3138137713117,95.0110426271863,95.1733853794434,95.2625,"训练集"
"吉林",8,95.1,93.0924177119219,95.7960793208194,95.4096629349623,95.7032468130604,95.2625,"训练集"
"吉林",9,95.3,94.131608725889,96.1948658567965,95.7560797419278,96.0570580548187,95.2625,"训练集"
"吉林",10,95.3,93.5325948881183,96.3338132768232,95.8875987277018,96.1860242945389,95.50625,"测试集"
"吉林",11,95.2,93.8967925984185,96.5747527125103,96.128723100789,96.4251738915362,95.50625,"测试集"
"吉林",12,95.1,93.7418043753668,96.8142933595345,96.4020408153179,96.7543975497576,95.50625,"测试集"
"呼和浩特",1,88.6,92.5696692647825,89.5842649350205,90.0078183726859,89.6845268209818,88.7555555555556,"训练集"
"呼和浩特",2,88.8,92.7241029577996,89.6603993226354,90.1597143259293,89.7987383545676,88.7555555555556,"训练集"
"呼和浩特",3,89,92.6437205233463,89.778775150553,90.3134589931284,89.9309454227256,88.7555555555556,"训练集"
"呼和浩特",4,89.5,92.1451837316245,89.9518070888134,90.459733965169,90.0788606875326,89.775,"训练集"
"呼和浩特",5,90.1,92.2255661660778,90.2010968608112,90.6767839428755,90.2967739215198,89.775,"训练集"
"呼和浩特",6,90.9,92.5176368370755,90.5953657443713,91.0003911308863,90.6734253385025,91.8684210526316,"训练集"
"呼和浩特",7,91.3,92.4196385403225,90.7159048033266,91.1339422346663,90.7700216944104,91.8684210526316,"训练集"
"呼和浩特",8,91.9,92.7009750668736,90.9605933941465,91.380504184906,91.0258329785711,91.8684210526316,"训练集"
"呼和浩特",9,92.6,92.8460482927417,91.2517927003243,91.6263420449075,91.2847887028068,91.8684210526316,"训练集"
"呼和浩特",10,93.2,92.9189944793074,91.6626441443206,91.9546627198327,91.6812462470279,91.8684210526316,"测试集"
"呼和浩特",11,93.7,93.1934492880054,92.0147342300736,92.2580763444244,92.0222869517605,93.6555555555556,"测试集"
"呼和浩特",12,94.1,93.7184118672122,92.3569132152626,92.5625060280191,92.3471427145869,93.6555555555556,"测试集"
"哈尔滨",1,91.9,91.7030823361669,91.3406307071206,91.660751487443,91.5084047562643,91.7333333333333,"训练集"
"哈尔滨",2,91.9,91.9901955085728,91.8819400112538,92.0585391402662,92.0040857134029,91.7333333333333,"训练集"
"哈尔滨",3,92.3,92.8303566497034,92.2690688932184,92.392772765159,92.3537990245717,92.17,"训练集"
"哈尔滨",4,92.3,92.9107390841566,92.5131525721724,92.6098227428655,92.5717122585589,92.17,"训练集"
"哈尔滨",5,92.5,92.6734442073904,92.7841958791731,92.8341590116802,92.8242827142817,92.5,"训练集"
"哈尔滨",6,93.4,93.5394766059713,93.3161051129917,93.3027216701693,93.3899616406006,93.35,"训练集"
"哈尔滨",7,93.7,93.7134543686205,93.6506880528875,93.5913793084944,93.7120533202465,93.9,"训练集"
"哈尔滨",8,93.7,94.0776520789207,93.8916274885746,93.8325036815816,93.9512029172438,93.9,"训练集"
"哈尔滨",9,94.2,94.4319347920374,94.2525912826103,94.2219889842937,94.4284115945529,93.9,"训练集"
"哈尔滨",10,94.4,94.6059125546865,94.5541460470987,94.5106466226188,94.7505032741988,93.9,"测试集"
"哈尔滨",11,94.6,94.55691340631,94.7289573272803,94.6701208357352,94.8863315276891,93.9,"测试集"
"哈尔滨",12,94.5,94.6887737384357,94.9421110896608,94.8760036903719,95.0839618891807,93.9,"测试集"
"唐山",1,88.5,90.8777936908116,88.4961975916698,89.1815392072678,88.7383348729064,88.7555555555556,"训练集"
"唐山",2,88.6,91.324852584861,88.7210537619892,89.4172260032026,88.9608227827403,88.7555555555556,"训练集"
"唐山",3,88.7,91.1258227120246,88.9077746302602,89.5904401435826,89.1317850032235,88.7555555555556,"训练集"
"唐山",4,88.8,91.3355867293077,89.283098614612,89.8650658858793,89.4317832177076,89.775,"训练集"
"唐山",5,89.5,91.5453507465908,89.6544348281009,90.1396916281759,89.7317814321918,89.775,"训练集"
"唐山",6,89.8,91.62821193034,89.825449318274,90.3196513734762,89.890179896101,90.85,"训练集"
"唐山",7,90.6,91.8531130606269,90.2848291715232,90.6515609115982,90.2853035929132,90.85,"训练集"
"唐山",8,91,92.4270747882102,90.6987709763883,90.9819137045292,90.649391253322,90.85,"训练集"
"唐山",9,91.4,92.3216402435696,91.0283911071846,91.2267355055279,90.9245319194638,90.85,"训练集"
"唐山",10,91.7,92.5853609078209,91.270168192389,91.4531038923485,91.1447324913744,90.85,"测试集"
"唐山",11,92,92.7505287452847,91.5024466250703,91.6820450833629,91.3797841577822,90.85,"测试集"
"唐山",12,91.7,92.4559793249911,91.5398875246141,91.7663227726639,91.4127678130227,90.85,"测试集"
"大理",1,92.3,92.4314777567673,92.8810339973346,92.8182675223166,92.8557168957239,92.5538461538462,"训练集"
"大理",2,92.7,92.1834487355544,93.023048277414,92.9655585533602,92.9874472186247,92.5538461538462,"训练集"
"大理",3,92.5,91.759517732431,92.9383311223091,92.992260478071,92.9383458933683,92.5538461538462,"训练集"
"大理",4,93.1,92.2065766264804,93.1668224619649,93.2279472740058,93.1608338032022,93.7285714285714,"训练集"
"大理",5,94.2,92.3824786083908,93.5811234796761,93.5339337027913,93.516725602432,94.7333333333333,"训练集"
"大理",6,94.4,92.7549317138418,94.057285961956,93.8891935460558,93.9362301023293,94.7333333333333,"训练集"
"大理",7,94.8,92.7141879606161,94.4208831127447,94.1628032293495,94.2524132587196,94.7333333333333,"训练集"
"大理",8,95.1,93.6047219274208,95.1285179804035,94.693947108108,94.9069427909427,94.90625,"训练集"
"大理",9,95.4,93.8728455602294,95.3029536061995,94.9005540529828,95.1014287123593,94.90625,"训练集"
"大理",10,95.2,93.2248325740822,95.4264393772157,95.0061499294204,95.1911630544972,94.90625,"测试集"
"大理",11,95,93.5915090336783,95.6211420513515,95.2101840701014,95.3707978814165,94.90625,"测试集"
"大理",12,94.6,92.9478990160884,95.6772863629593,95.2960185045932,95.4348175730604,94.90625,"测试集"
"大连",1,90.9,92.0956300532134,91.002688879671,91.3835117306445,91.1352722022498,90.0142857142857,"训练集"
"大连",2,90.7,91.9004526069706,91.4567585024978,91.6906227831476,91.512303976127,90.96,"训练集"
"大连",3,91.1,93.174459748408,91.824625805834,92.0351908761575,91.848119683313,90.96,"训练集"
"大连",4,92.3,92.6836238218024,92.1785550133006,92.350020341242,92.2697047406818,92.8888888888889,"训练集"
"大连",5,92.7,93.5865515350866,92.6145231595173,92.6957130579694,92.6266604225151,93.075,"训练集"
"大连",6,93,93.9565258912417,93.0129737561026,93.0880631336401,93.1056796924904,93.075,"训练集"
"大连",7,93.8,94.132427873152,93.2921714287904,93.3940495624257,93.4615714917202,93.33125,"训练集"
"大连",8,93.9,94.2309806999397,93.5084931696588,93.5768740806846,93.6217805482956,93.33125,"训练集"
"大连",9,94.3,94.5054355086377,93.8092102846299,93.8802877052764,93.9628212530282,93.6555555555556,"训练集"
"大连",10,94.8,94.6656458475097,94.0494589859677,94.1834093611032,94.316902459592,93.6555555555556,"测试集"
"大连",11,95,95.399817913965,94.4040631491638,94.6314864874084,94.8600111754919,93.6555555555556,"测试集"
"大连",12,94.6,95.08269513278,94.5763760511018,94.7697510781028,94.9764136586382,93.6555555555556,"测试集"
"天津",1,94.3,94.7058350707008,95.1804634924188,94.8830951697277,95.1541305195993,95.5529411764706,"训练集"
"天津",2,94.5,94.4633180781142,95.2959081714763,94.9017867130923,95.0735164126823,95.5529411764706,"训练集"
"天津",3,95.2,94.5249755901986,95.5128876943819,95.207481173113,95.4424487137432,95.5529411764706,"训练集"
"天津",4,96.3,94.3548502541431,95.7076502103191,95.4235150918165,95.6765468896366,97.0444444444444,"训练集"
"天津",5,96.7,95.0122276955102,96.0725299672241,95.6940112847285,95.9306579732201,97.0444444444444,"训练集"
"天津",6,96.5,94.8621969710503,96.2279605193786,95.8931485344449,96.1408520912856,97.0444444444444,"训练集"
"天津",7,96.8,94.8131978226738,96.406033442143,96.0526227475613,96.2766803447759,97.0444444444444,"训练集"
"天津",8,97,95.3739466565145,96.6967842036167,96.3430205351275,96.5794426424406,97.0444444444444,"训练集"
"天津",9,96.8,95.661614358955,96.9997822990438,96.6863891650841,96.9818087099173,97.0444444444444,"训练集"
"天津",10,96.6,95.7155710059233,97.1699363700809,96.8235291320609,97.0770712184164,97.0444444444444,"测试集"
"天津",11,95.7,94.6348170914675,97.092244614029,96.7107131634459,96.8556040709872,97.0444444444444,"测试集"
"天津",12,94.7,94.1486740462251,97.103091132484,96.6715369734554,96.7059454854043,97.0444444444444,"测试集"
"太原",1,95.7,96.1304061591263,94.4852931677562,94.4236625433884,94.5004881158871,95.1818181818182,"训练集"
"太原",2,95.6,96.2911710280329,94.7304308249759,94.6723651763487,94.7612544327889,95.1818181818182,"训练集"
"太原",3,95.1,96.1460978021647,94.8690845330401,94.7973219612527,94.8524190106985,95.1818181818182,"训练集"
"太原",4,94.8,95.9627595723667,95.0266062584942,94.9734008745913,95.0251918238477,95.1818181818182,"训练集"
"太原",5,95,96.4612963640884,95.2938868066072,95.1979205474563,95.2273968611861,94.8214285714286,"训练集"
"太原",6,95,96.472030508535,95.4982374607273,95.4603631076802,95.5232971450807,94.8214285714286,"训练集"
"太原",7,95.4,97.4867199542782,95.8189494391351,95.7441986943763,95.7882577809348,95.50625,"训练集"
"太原",8,95.7,97.1539055300548,95.9765318549024,95.879598512112,95.902849671415,95.50625,"训练集"
"太原",9,95.4,96.2829156328821,96.0009796543641,95.8560109633409,95.8063205873973,95.50625,"训练集"
"太原",10,95.9,96.5226892589443,96.207600733265,95.9653791070256,95.8443556637418,95.50625,"测试集"
"太原",11,95.4,95.8845912699807,96.2962462476113,95.9226140538383,95.6960309255679,95.50625,"测试集"
"太原",12,95.2,95.5605827828716,96.3590840956217,96.0184909876824,95.7591935150601,95.50625,"测试集"
"宁波",1,91.6,91.2433610903385,91.1156121882746,91.6190467535906,91.2126106085261,91.7333333333333,"训练集"
"宁波",2,92,91.213906011594,91.6250277958135,91.9152826517887,91.5563190080765,91.7333333333333,"训练集"
"宁波",3,92.6,92.3097970390537,92.3606397981907,92.4561770611346,92.223031939979,92.17,"训练集"
"宁波",4,93,93.0591102065839,93.223523240975,93.0607773144673,92.999735452433,93.35,"训练集"
"宁波",5,93.6,93.5025852793393,93.7501076710377,93.5416317197438,93.6068372258948,93.35,"训练集"
"宁波",6,94.4,94.785112433156,94.2972625349911,94.2801604731934,94.5752219387766,93.35,"训练集"
"宁波",7,94.2,95.6233493550252,94.6977243700027,94.5970653076258,94.8911351303614,94.12,"训练集"
"宁波",8,94.9,95.3728415845164,94.8452626512983,94.7814465710756,95.0823802233402,94.8764705882353,"训练集"
"宁波",9,94.7,95.5875631003913,95.0848397494187,94.9818918485598,95.2633488976684,94.8764705882353,"训练集"
"宁波",10,94,95.7609863330058,95.3110875429279,95.3249685097516,95.6787554669762,94.8764705882353,"测试集"
"宁波",11,93.7,95.8036543054928,95.4294275007708,95.4394822618239,95.7464927323152,94.8764705882353,"测试集"
"宁波",12,93.6,95.1316942811565,95.4875214884892,95.4280778951255,95.654061578887,94.8764705882353,"测试集"
"安庆",1,91,91.5869136470796,90.6001666693278,91.0220979721928,90.7964348059937,90.9583333333333,"训练集"
"安庆",2,91.1,92.0290150425373,90.9814714883118,91.33196523294,91.1379522559835,90.9583333333333,"训练集"
"安庆",3,91.2,92.4711164379949,91.3564452768757,91.6418324936871,91.4794697059734,91.24,"训练集"
"安庆",4,91.4,92.7587841404354,91.8175778213359,91.9852011236437,91.8818357734501,91.875,"训练集"
"安庆",5,91.9,92.7744757834738,92.0168387470631,92.1734632190552,92.0587065171888,92.5,"训练集"
"安庆",6,92.3,92.8077832888119,92.2151848056107,92.3819188778857,92.2711879731777,92.5,"训练集"
"安庆",7,92.8,93.1802363942629,92.6282633393902,92.7371787211502,92.690692473075,92.5,"训练集"
"安庆",8,93,93.2845658669054,93.0197346389249,93.0712289419927,93.0907712026283,93.075,"训练集"
"安庆",9,93.3,94.0933437219591,93.3643172131623,93.3997330209681,93.4368633284649,93.6555555555556,"训练集"
"安庆",10,93.1,93.8811009553801,93.4729901874752,93.5329921559833,93.5465001862039,93.6555555555556,"测试集"
"安庆",11,93.3,93.7310702309202,93.6498190369769,93.7321294056997,93.7566943042694,93.6555555555556,"测试集"
"安庆",12,93.4,93.9565258912417,93.9548281647323,94.009619920955,94.0585031114197,93.6555555555556,"测试集"
"宜昌",1,92.7,92.8278779004075,92.4153451242024,92.43895743598,92.1079366701595,92.5538461538462,"训练集"
"宜昌",2,92.8,92.8361332955582,92.7766965553539,92.73849022861,92.4633517241322,92.9375,"训练集"
"宜昌",3,93,93.2061076517134,93.2050872536837,93.1308403042808,92.9423709941074,92.9375,"训练集"
"宜昌",4,93.3,94.2353836684968,93.7294661390832,93.6256180408711,93.5342413161775,93.7285714285714,"训练集"
"宜昌",5,94.1,94.4583605795224,94.0432260825764,93.9401987885327,93.8955648934057,94.2777777777778,"训练集"
"宜昌",6,94.4,94.0916841199264,94.1898856876139,94.1069592927572,94.0660503686317,94.2777777777778,"训练集"
"宜昌",7,94.6,94.4641372253773,94.4884589975992,94.4622191360218,94.485554868529,94.2777777777778,"训练集"
"宜昌",8,94.9,95.1575655386069,94.8593287137298,94.9985086231678,95.1697865897465,94.90625,"训练集"
"宜昌",9,95.2,96.3726585344843,95.29250544616,95.4655145364661,95.704429479662,94.90625,"训练集"
"宜昌",10,96.1,96.4662538626801,95.5235197288438,95.7225195195375,95.9836680763933,94.90625,"测试集"
"宜昌",11,95.9,96.0266312165184,95.6177745837242,95.7463566712897,95.9327561584708,94.90625,"测试集"
"宜昌",12,95.4,95.889813385801,95.7776338479659,95.985448926371,96.2042756392803,94.90625,"测试集"
"岳阳",1,93.9,92.2349266332267,93.1758096390714,93.1088819794444,93.187612320742,94.2611111111111,"训练集"
"岳阳",2,94.1,92.6148159865654,93.4314795609291,93.3528711254903,93.4285725104054,94.2611111111111,"训练集"
"岳阳",3,93.9,92.0001105057563,93.593325363578,93.4815253383056,93.5557281574595,94.2611111111111,"训练集"
"岳阳",4,94.2,92.527551834259,93.8923490944301,93.7488647894941,93.821069150208,94.6166666666667,"训练集"
"岳阳",5,94.1,92.096184583248,94.043271340501,93.8868374114236,93.9505121351854,94.2777777777778,"训练集"
"岳阳",6,94.3,92.5382859787057,94.4203925014363,94.1967046721708,94.2920295851753,94.2777777777778,"训练集"
"岳阳",7,94.3,92.778878752031,94.8418675925878,94.5314789832514,94.6889638746536,94.2777777777778,"训练集"
"岳阳",8,94.7,93.3145754756845,95.3223895746528,94.9129539046171,95.1346597703021,94.90625,"训练集"
"岳阳",9,94.9,93.8728455602294,95.6791153328158,95.2404419245896,95.4969368380448,94.90625,"训练集"
"岳阳",10,95,93.3591716555038,95.7849876651046,95.3294331008049,95.5497266205237,94.90625,"测试集"
"岳阳",11,94.7,93.1494076382207,95.8366630855724,95.4256020034138,95.5998487081848,94.90625,"测试集"
"岳阳",12,94.6,93.1959280373013,96.0959642490528,95.6740126676092,95.8736555269177,94.90625,"测试集"
"常德",1,90.6,90.8155816486926,90.0656055605209,90.7180470094939,90.4162424625576,90.9583333333333,"训练集"
"常德",2,91.1,91.1409598250284,90.5465185567696,91.0647125338824,90.8303151844565,90.9583333333333,"训练集"
"常德",3,91.5,91.5679241074822,90.846379937139,91.3172959988043,91.0767071521183,91.24,"训练集"
"常德",4,92.1,91.576179502633,91.299229583494,91.6168287914344,91.4321222060909,91.875,"训练集"
"常德",5,92.5,92.3656818933543,92.1737940132792,92.1876357067928,92.1610176028892,92.5,"训练集"
"常德",6,92.4,92.3323743880162,92.3421964335417,92.3499746928679,92.2986564490456,92.5,"训练集"
"常德",7,92.4,92.746390393956,92.943546836643,92.8424283426874,92.9359371567591,92.0933333333333,"训练集"
"常德",8,91.8,93.1865675701524,93.2997674272352,93.1349668129742,93.243654487165,92.0933333333333,"训练集"
"常德",9,92.8,93.9928666759102,93.6829616513798,93.5005611243558,93.6492613830795,92.0933333333333,"训练集"
"常德",10,92.4,94.0217712126912,93.9311506799812,93.7287782251321,93.8874574895623,92.0933333333333,"测试集"
"常德",11,92.2,94.5021376120787,94.1859829523216,93.9875233574446,94.1473667043125,92.0933333333333,"测试集"
"常德",12,92,93.7341035102506,94.1020686053983,93.9416015625339,94.0102718753035,92.0933333333333,"测试集"
"平顶山",1,94.2,95.2032667904244,94.3358467595126,94.1846638577944,94.2473654991722,95.1818181818182,"训练集"
"平顶山",2,95,95.2836492248777,94.5533082124275,94.4017138355009,94.4652787331595,95.1818181818182,"训练集"
"平顶山",3,95.2,95.1699592850863,94.715799483346,94.5324001663222,94.5600644964013,95.1818181818182,"训练集"
"平顶山",4,94.9,94.6739012426604,94.8152976039484,94.6415849059566,94.6484649911303,95.1818181818182,"训练集"
"平顶山",5,95.2,95.5473698891291,95.1641461767451,94.9988768672271,95.0355996072153,95.3166666666667,"训练集"
"平顶山",6,95.3,95.57627442591,95.3848905155511,95.2270939680034,95.2737957136981,95.3166666666667,"训练集"
"平顶山",7,95.4,95.6095819312481,95.5571768335521,95.435549626834,95.486277169687,95.50625,"训练集"
"平顶山",8,95.7,95.3100750123628,95.7022287502328,95.5940077809474,95.6382903650834,95.50625,"训练集"
"平顶山",9,95.3,95.3810969796672,95.971305664687,95.9049996654121,96.0009477897205,95.50625,"训练集"
"平顶山",10,94.7,95.1066421709692,96.0774280849112,95.972380685726,96.0100273871332,95.50625,"测试集"
"平顶山",11,94.4,95.3257666554012,96.2705505550732,96.1530645212644,96.1652814109674,95.50625,"测试集"
"平顶山",12,93.8,95.23272585724,96.435495384038,96.212435160232,96.1428482267195,95.50625,"测试集"
"广州",1,90,92.3053457453373,90.54495182359,91.4140813970016,91.0334903237188,90.0666666666667,"训练集"
"广州",2,90.6,92.8410424689907,91.1361342083277,91.7955563183674,91.4791862193674,90.0666666666667,"训练集"
"广州",3,91.3,93.2134955744417,91.659031192071,92.150816161632,91.8986907192646,90.0666666666667,"训练集"
"广州",4,92.6,94.159910407476,92.3964422565969,92.6510314753748,92.5072227284981,91.875,"训练集"
"广州",5,93.4,94.3451768446064,92.8951697067087,92.9623153286044,92.8568396513041,93.9125,"训练集"
"广州",6,94.1,94.5186000772209,93.3320731124754,93.3053919897961,93.2722462206119,93.9125,"训练集"
"广州",7,94,94.2298273027823,93.6262644924993,93.5408953816806,93.5450995488304,93.9125,"训练集"
"广州",8,93.8,94.4082080339886,93.9118507683613,93.8097915780599,93.8414765779823,93.9,"训练集"
"广州",9,94,95.1811996344083,94.2980824393722,94.1523275530638,94.2096621689806,93.9,"训练集"
"广州",10,93.6,95.2640608181575,94.4896944219676,94.3322872983641,94.3680606328898,93.9,"测试集"
"广州",11,92.8,94.4552829631038,94.5096335455429,94.3745778642943,94.3720888091985,93.9,"测试集"
"广州",12,92.2,94.4960267163295,94.5536941116385,94.4717628259062,94.4060259549535,93.9125,"测试集"
"徐州",1,92.7,92.2280449153737,91.6315861985199,91.8406102967314,91.7029435456733,92.4066666666667,"训练集"
"徐州",2,92.6,91.9957075371992,91.78833096477,91.9907661007336,91.8364844612402,92.4066666666667,"训练集"
"徐州",3,92.8,92.4196385403225,92.2185326794955,92.3348588209283,92.2357060886419,92.4066666666667,"训练集"
"徐州",4,92.7,91.905964635597,92.314373538467,92.4238499971437,92.2884958711208,92.4066666666667,"训练集"
"徐州",5,93.4,92.6627100629437,92.7567271702428,92.8179402220555,92.7481857591149,92.8736842105263,"训练集"
"徐州",6,92.8,92.7185949172443,93.1316816274637,93.071648310695,93.015717701424,92.8736842105263,"训练集"
"徐州",7,92.3,92.4003630759901,93.3675012764318,93.3187509471225,93.3187499638941,92.0933333333333,"训练集"
"徐州",8,92.6,93.3743087685076,93.7520576484081,93.6907988946596,93.7248336050659,92.0933333333333,"训练集"
"徐州",9,92.8,93.1004084898442,93.7392088962034,93.7037608921068,93.6405983128166,92.8736842105263,"训练集"
"徐州",10,92.1,93.160696312702,94.035130504734,93.9377075388005,93.8824156046317,92.8736842105263,"测试集"
"徐州",11,91,93.0024101930912,94.0535137900306,94.0227093183396,93.9122548197972,92.8736842105263,"测试集"
"徐州",12,90,92.2294185926715,94.0223298728672,94.0509679882413,93.8941895309442,92.8736842105263,"测试集"
"惠州",1,89.5,91.3721921312048,89.2393198109816,89.9016925591249,89.417135998599,89.275,"训练集"
"惠州",2,89.8,91.9511113573799,89.5001352990188,90.1578648872436,89.662194118852,89.275,"训练集"
"惠州",3,89.4,91.7941989150669,89.86796367263,90.413853811312,89.9576176574894,89.275,"训练集"
"惠州",4,89.6,91.880357995375,90.3775870277688,90.782129491602,90.4154005644546,90.96,"训练集"
"惠州",5,90.2,93.1827151435588,90.868885901454,91.223936385802,90.9076671167127,90.96,"训练集"
"惠州",6,90.9,93.1909705387095,91.2068845958962,91.5234691784321,91.2630821706853,92.0933333333333,"训练集"
"惠州",7,91.5,93.6330719341672,91.535911903332,91.8333364391792,91.6045996206752,92.0933333333333,"训练集"
"惠州",8,92.8,94.4663513574447,92.0047875118541,92.224421738424,92.0395423524159,92.0933333333333,"训练集"
"惠州",9,93,93.7682301628519,92.0985242770671,92.4129325512585,92.2766745762953,92.0933333333333,"训练集"
"惠州",10,93.2,95.2544800708683,92.5707806243156,92.8096388317059,92.6779135768149,92.0933333333333,"测试集"
"惠州",11,93.3,95.109406845,92.686053357938,92.9345956166099,92.7690781547245,92.0933333333333,"测试集"
"惠州",12,93.2,93.9771750328719,92.5630448891827,92.8329467710647,92.5678938797909,92.0933333333333,"测试集"
"成都",1,95.1,93.4535821428917,96.7674094254618,96.009370569099,96.3214439682128,95.5529411764706,"训练集"
"成都",2,96.2,94.239786637054,97.1836026466667,96.3918615494678,96.7509549219552,95.5529411764706,"训练集"
"成都",3,97,94.2480420322047,97.45297701293,96.6913943420979,97.1063699759278,95.5529411764706,"训练集"
"成都",4,97.8,94.9645982363604,97.8504493261312,97.119277904984,97.6138679795776,97.9428571428571,"训练集"
"成都",5,98.7,95.3326483732542,98.1835258780769,97.4942991901943,98.0590871299689,99.44,"训练集"
"成都",6,99.5,96.0805878634866,98.5717186575272,97.9279122989978,98.570206318951,99.44,"训练集"
"成都",7,99.7,96.2074906970205,98.7900469158846,98.2079756184469,98.8868662205985,99.44,"训练集"
"成都",8,99.6,96.4412017524928,99.0702076418126,98.5996016038795,99.3690299306488,99.44,"训练集"
"成都",9,99.7,97.2788841443275,99.4300624955115,98.9709254611785,99.7782580118955,99.44,"训练集"
"成都",10,98.5,97.1858433461663,99.6084076349971,99.030296100146,99.7558248276476,99.44,"测试集"
"成都",11,96.9,95.8978041637232,99.507203183313,98.791161479281,99.3499048467289,99.44,"测试集"
"成都",12,95.5,94.824486497155,99.4255073628956,98.5670748134473,98.9498933890658,97.9428571428571,"测试集"
"扬州",1,91.2,91.533511530146,90.7340215138257,90.969984147667,90.8507188063157,90.9583333333333,"训练集"
"扬州",2,90.9,91.2898854774902,90.7929744099912,91.0975137367648,90.9567344787225,90.9583333333333,"训练集"
"扬州",3,91.5,93.1441815343293,91.2828516199144,91.5846046487676,91.4896631643347,91.24,"训练集"
"扬州",4,91.7,91.9618455018265,91.4607636273407,91.6651100708215,91.5743460853686,91.875,"训练集"
"扬州",5,91.3,93.0946318439893,92.006134876237,92.0831345384056,92.0323357727856,92,"训练集"
"扬州",6,91.3,92.4711164379949,91.9988623320145,92.1520723039103,92.0724514066016,92,"训练集"
"扬州",7,91.5,93.0525144134658,92.1924750328137,92.3711543996228,92.2579947567766,92,"训练集"
"扬州",8,92.8,93.1015135618423,92.4123038324703,92.582474831412,92.4722868054316,92,"训练集"
"扬州",9,93,91.8619229858123,92.3196127553948,92.5229216739522,92.3373829259832,92,"训练集"
"扬州",10,92.4,92.5960950522675,92.9085837851846,92.9709988002574,92.8804916418831,92.5,"测试集"
"扬州",11,92,91.415683239026,93.0435253005171,93.0688330127717,92.998974682501,92.5,"测试集"
"扬州",12,91.7,92.128387016588,93.326143246164,93.3628196635347,93.3004031327568,92.5,"测试集"
"无锡",1,93,93.717302807143,93.6337407008807,93.5436629113992,93.7053868944469,92.9375,"训练集"
"无锡",2,92.7,94.3066915605362,93.7267827858224,93.5970552870264,93.619071044726,92.5538461538462,"训练集"
"无锡",3,92.9,93.0483760621372,93.7333476946494,93.6261466118808,93.6351862323514,92.9375,"训练集"
"无锡",4,94.1,93.6870285811354,94.135656278043,93.9852872871069,94.0403163830087,93.7285714285714,"训练集"
"无锡",5,94.9,94.6452826306145,94.5009040809506,94.3544704616854,94.4445894315143,94.8214285714286,"训练集"
"无锡",6,95.1,93.2738317224587,94.4275323359913,94.2744317720417,94.2871153416469,94.8214285714286,"训练集"
"无锡",7,95,93.206662181748,94.6189457639292,94.4681314446056,94.480647772549,95.2625,"训练集"
"无锡",8,95.3,93.6154560718675,94.9441903559115,94.754940368975,94.7847439176227,95.50625,"训练集"
"无锡",9,95.9,93.8296230577078,95.1789000038242,95.0098046693259,95.0590274816128,95.50625,"训练集"
"无锡",10,95,93.5149790258186,95.3140888845421,95.110979027614,95.1159151946812,95.50625,"测试集"
"无锡",11,94.8,94.4938822169279,95.6138397780532,95.4088465103386,95.402969295697,95.2625,"测试集"
"无锡",12,94.5,92.8317303270011,95.3810664635231,95.262345768464,95.1710189491655,95.2625,"测试集"
"昆明",1,93.1,90.5700313767756,90.9158792112753,91.2541503790284,91.012857570699,92.4066666666667,"训练集"
"昆明",2,92.3,90.5254351969562,90.9633239626872,91.393863150199,91.1229711736953,92.4066666666667,"训练集"
"昆明",3,92.5,91.4121167371674,91.5038385860845,91.7911101168344,91.5714311525244,92.4066666666667,"训练集"
"昆明",4,91.5,90.9606548745608,91.7387092107623,91.945979407751,91.7247781953297,92.4066666666667,"训练集"
"昆明",5,92,91.9070697075951,92.4993735770378,92.4461947214938,92.3333102045632,92,"训练集"
"昆明",6,92.2,92.0571004320551,92.6437316385728,92.617852116683,92.473236388643,92,"训练集"
"昆明",7,91.9,91.6791352979777,92.7545482559602,92.7619864060031,92.6161966207087,92,"训练集"
"昆明",8,92.6,92.6651888122396,93.7231828134576,93.3820667358405,93.4087047181744,92.5,"训练集"
"昆明",9,92.8,93.0200260553909,94.1574127441647,93.717133015686,93.7925985058217,92.5,"训练集"
"昆明",10,93.1,93.7283268643958,94.5120477241212,94.0308811083948,94.1197416065715,92.5,"测试集"
"昆明",11,92.9,93.1078447377319,94.4068355591108,94.0083096186267,94.0070275806476,92.5,"测试集"
"昆明",12,92.6,92.3373318866079,94.3017164778154,93.9994780561221,93.9294475217167,92,"测试集"
"杭州",1,95.5,94.5778271651687,96.288375388436,95.5522659397207,95.6555749499051,95.5529411764706,"训练集"
"杭州",2,95.9,95.4022966632608,96.6341424296726,95.8836347916547,96.0034776684078,95.5529411764706,"训练集"
"杭州",3,97.3,96.3286128966285,96.9030097274516,96.3015074431824,96.4974444212431,98.1625,"训练集"
"杭州",4,98.1,95.5324973933538,97.0801914875995,96.5374113685464,96.7945821641839,98.1625,"训练集"
"杭州",5,98.7,95.8592492469873,97.369095300428,97.0550640374642,97.4742392095547,98.1625,"训练集"
"杭州",6,97.6,96.5091904404667,97.7557114478518,97.4368309275948,97.9068946033721,98.1625,"训练集"
"杭州",7,97.3,97.2846607901824,98.097251338181,97.7422766701925,98.2155654242924,98.1625,"训练集"
"杭州",8,97.9,97.3821045569007,98.2592403906457,98.0339392341847,98.5624042601917,98.1625,"训练集"
"杭州",9,98.7,97.4638606686518,98.6129824897362,98.4219763564205,99.0459018176508,98.1625,"训练集"
"杭州",10,97.6,98.4510192549118,99.0158877705624,98.8339793093225,99.5133108215666,98.1625,"测试集"
"杭州",11,95.9,97.5026802026163,98.9567750322681,98.6872298500248,99.2210989948945,98.1625,"测试集"
"杭州",12,95.7,97.6978576488591,99.0797115656465,98.7509134424273,99.1941875231626,98.1625,"测试集"
"桂林",1,94.3,93.5683811427523,93.9852854141951,93.7864062761599,93.8765492807905,94.7058823529412,"训练集"
"桂林",2,94.2,93.8296230577078,94.2641865206195,94.0498648953867,94.156264622779,94.7058823529412,"训练集"
"桂林",3,94.8,93.9320243230179,94.4207292514906,94.2673469945665,94.3840739185223,94.7058823529412,"训练集"
"桂林",4,95.7,93.8403572021544,94.7135208416274,94.4977047780634,94.6272250577463,95.1818181818182,"训练集"
"桂林",5,95.3,93.9364312796461,94.9564529808378,94.7176195287285,94.8469488843996,95.3166666666667,"训练集"
"桂林",6,95.4,94.3339364952844,95.1961915453797,94.9818022381935,95.1235197863131,95.3166666666667,"训练集"
"桂林",7,95.1,94.1712474071165,95.323349290306,95.0865654596784,95.1790736519726,95.0888888888889,"训练集"
"桂林",8,94.8,94.0859074740715,95.5227362650158,95.3144905916899,95.4303102602866,95.0888888888889,"训练集"
"桂林",9,94.6,94.311363134393,95.8175478905306,95.5919811069452,95.7321190674368,95.0888888888889,"训练集"
"桂林",10,94.4,94.2227253047889,95.8604976222478,95.631590303967,95.6839712326949,95.0888888888889,"测试集"
"桂林",11,94.1,94.0625149659169,95.9405527884616,95.6992632930457,95.6800103282764,95.0888888888889,"测试集"
"桂林",12,93.6,93.5067236306679,95.9159131575048,95.7054796855726,95.608338792601,95.0888888888889,"测试集"
"武汉",1,90.1,90.6399442840108,90.7842291251835,91.3006746435735,91.0581696438298,90.6,"训练集"
"武汉",2,91,91.7080398347587,91.2948891072015,91.6899112288625,91.4751168409983,90.6,"训练集"
"武汉",3,91.7,92.3436590744264,91.9028415582484,92.1405611593615,92.0330766513954,91.24,"训练集"
"武汉",4,92.7,92.9082603348608,92.4991901456772,92.5648558590509,92.5419085024542,91.875,"训练集"
"武汉",5,93,93.3880761922847,93.061618844202,92.9772593454322,93.0336019210923,93.35,"训练集"
"武汉",6,93.9,93.3599908027669,93.4173547266525,93.3452430569574,93.5044253298886,93.35,"训练集"
"武汉",7,94.4,93.6600522516869,93.6230498284741,93.503160524883,93.6092175469755,93.9,"训练集"
"武汉",8,94.2,93.8227413398547,93.8712760585985,93.7691919483036,93.9037839834613,93.9,"训练集"
"武汉",9,93.7,94.2084073390482,94.2455506057647,94.164406796933,94.3846138461026,93.9,"训练集"
"武汉",10,93.1,94.9632285471337,94.6094683347533,94.5411682313844,94.8105036145127,93.9,"测试集"
"武汉",11,92.3,93.9006450250122,94.4978082075865,94.3941268033219,94.5313322896717,93.9,"测试集"
"武汉",12,91,92.7502428205496,94.3942668693643,94.3267034172243,94.3878521921499,93.9,"测试集"
"沈阳",1,92.8,93.7492406232545,93.4216504282589,93.23620410448,93.0432619303325,92.9142857142857,"训练集"
"沈阳",2,93.4,93.9201851065731,93.7726017190668,93.6163709980779,93.5181832697183,93.5142857142857,"训练集"
"沈阳",3,93.8,94.5613163748672,94.1088520423298,93.9384214408979,93.8637986502976,93.5142857142857,"训练集"
"沈阳",4,94.4,94.4790097211526,94.2856168618166,94.0748373176365,93.9622055988717,93.7285714285714,"训练集"
"沈阳",5,94.8,94.4220197948539,94.5050320563028,94.4000012508381,94.3698930522578,94.8214285714286,"训练集"
"沈阳",6,94.9,95.1003109950797,94.9155833574058,94.8790069421589,94.9589992911473,94.8214285714286,"训练集"
"沈阳",7,95.3,95.5473698891291,95.182024490839,95.1146937380937,95.1814872009812,96.0333333333333,"训练集"
"沈阳",8,95.7,95.4859769942732,95.3887945769787,95.4596191132411,95.6148893048613,96.0333333333333,"训练集"
"沈阳",9,96.2,96.0423228595568,95.719844467004,95.7697783427531,95.94336625302,96.0333333333333,"训练集"
"沈阳",10,96.1,95.8476959552775,95.8168296390544,95.9232310411873,96.0886138230092,96.0333333333333,"测试集"
"沈阳",11,96.1,96.2251065593202,96.0746127925012,96.2043104196395,96.3890887827505,96.0333333333333,"测试集"
"沈阳",12,96.3,96.3129252416612,96.2819996812524,96.3100897001273,96.4284577065039,96.0333333333333,"测试集"
"泉州",1,88.9,90.8042929742114,88.9111260818943,89.7661561060939,89.2581535228274,89.275,"训练集"
"泉州",2,89.1,90.8532921225878,89.1412239246392,89.977476537883,89.4724455714824,89.275,"训练集"
"泉州",3,89.2,90.5312118428111,89.4946146442408,90.1899215933898,89.7078775947846,89.275,"训练集"
"泉州",4,89.3,91.4462433897686,90.2171766146751,90.6844073612153,90.3127884186859,89.775,"训练集"
"泉州",5,89.8,92.2638311700077,90.7579689700917,91.0726278875014,90.7459205577605,89.775,"训练集"
"泉州",6,91.1,92.9421223702335,91.4537575299489,91.5516335788222,91.33502679665,91.8684210526316,"训练集"
"泉州",7,92.3,93.8753243095252,92.0006019136242,92.0118938872002,91.8822334431394,91.8684210526316,"训练集"
"泉州",8,93.4,94.5147959757866,92.6265620931947,92.5964407298222,92.6462628069305,93.9,"训练集"
"泉州",9,94.4,94.5902209116481,92.8969682276935,92.8876711723412,92.9832055810737,93.9,"训练集"
"泉州",10,95.2,94.6730820953973,93.100402830699,93.0676309176415,93.1416040449829,93.9,"测试集"
"泉州",11,95.5,95.0719609883333,93.4625947945895,93.5028007716358,93.6837592703684,93.9,"测试集"
"泉州",12,95.3,94.6862949891399,93.5038856384565,93.4783805679119,93.5530497098723,93.9,"测试集"
"泸州",1,92,91.6086678607079,91.7758768950403,92.0607244472001,91.9240134548387,92.4066666666667,"训练集"
"泸州",2,91.8,91.5679241074822,92.1992569558821,92.3343341304937,92.240196611229,92.4066666666667,"训练集"
"泸州",3,92.3,92.259978743414,92.6383206622866,92.6996364731105,92.6588440089746,92.4066666666667,"训练集"
"泸州",4,93.1,92.4207436123207,92.963347870708,92.9483391060707,92.9196103258764,92.4066666666667,"训练集"
"泸州",5,93.5,92.0496641841674,93.2552332037942,93.1348610522411,93.1158104515963,93.9125,"训练集"
"泸州",6,94.1,92.2770440637502,93.6173236530155,93.4296803579568,93.4514193783306,93.9125,"训练集"
"泸州",7,94.2,92.2927357067886,93.8165845787427,93.6179424533683,93.6282901220693,93.9125,"训练集"
"泸州",8,93.8,92.1407807630674,94.0380886774339,93.7997509126243,93.8046841205509,93.9125,"训练集"
"泸州",9,94.2,93.0871955961017,94.695967503099,94.2999662263671,94.4132161297843,93.9125,"训练集"
"泸州",10,94.2,92.8680711116697,94.9230363903229,94.4900770357342,94.6080824080953,93.9125,"测试集"
"泸州",11,93.9,92.9735056563103,94.9924306396116,94.6160498796412,94.6830620440988,93.9125,"测试集"
"泸州",12,93.3,92.5520534024828,94.8768108903026,94.6056615719458,94.5744459487644,93.9125,"测试集"
"洛阳",1,92.6,92.3285219614226,93.1278764797171,93.0824859804802,93.0884408361383,92.9142857142857,"训练集"
"洛阳",2,93.2,92.3750423605032,93.4191276721808,93.3308966446756,93.3622476548712,93.5142857142857,"训练集"
"洛阳",3,93.4,92.687762173131,93.6947599138567,93.5831881408326,93.6216801243641,93.5142857142857,"训练集"
"洛阳",4,93.7,92.6205926324203,93.898515750732,93.7768878133965,93.8152125552662,93.7285714285714,"训练集"
"洛阳",5,94.7,93.2999889046442,94.1627459485775,94.0478161277818,94.0792197006059,94.8214285714286,"训练集"
"洛阳",6,95,92.9572594832373,94.5673746649439,94.3315768751423,94.4318706713979,94.8214285714286,"训练集"
"洛阳",7,95.3,93.4929562068907,95.0338561955376,94.7130517965081,94.8775665670464,95.2625,"训练集"
"洛阳",8,95.2,93.5865515350866,95.3280456993221,94.9700567795795,95.1568051637777,95.2625,"训练集"
"洛阳",9,96,94.5147959757866,95.8676976751347,95.5044975527699,95.823041350423,95.50625,"训练集"
"洛阳",10,95.7,93.9496441733886,95.9974944175955,95.604655852055,95.8961140053975,95.50625,"测试集"
"洛阳",11,95.8,94.4192764283295,96.1804176278533,95.7863557465964,96.0351830873256,95.50625,"测试集"
"洛阳",12,95.6,94.2276828033807,96.234667283281,95.8482991897578,96.0276009975749,95.50625,"测试集"
"济南",1,90.1,92.4157861137289,91.3109769998099,91.6574710683916,91.4986581630738,90.6,"训练集"
"济南",2,90.6,92.0284605125027,91.6406833980743,91.8955472644699,91.7863625857895,90.6,"训练集"
"济南",3,91.4,92.6489426391666,92.1287639663237,92.2889133991436,92.2491969138586,91.24,"训练集"
"济南",4,91.7,92.9930457378712,92.4285481290309,92.546934441218,92.5122505686838,91.875,"训练集"
"济南",5,92.9,93.2341930412311,92.7824240745744,92.827289729432,92.8158699685002,92.8736842105263,"训练集"
"济南",6,93.5,93.177757644967,93.0887996491234,93.098034639767,93.1302425322244,93.35,"训练集"
"济南",7,94.1,93.6870285811354,93.4162481481418,93.399599550403,93.4532877023847,94.12,"训练集"
"济南",8,95.3,94.0443445735826,93.7608435912655,93.6975755978422,93.777666719954,94.8764705882353,"训练集"
"济南",9,95.2,94.5054355086377,94.2427120436584,94.1986235665378,94.4203792056658,94.8764705882353,"训练集"
"济南",10,95.4,95.017185194102,94.5270052883399,94.4630982447676,94.6839096057482,94.8764705882353,"测试集"
"济南",11,95.6,94.6083913039824,94.5900594854158,94.5470839653038,94.7299337628199,94.8764705882353,"测试集"
"济南",12,94.9,93.879995883382,94.6617719327116,94.6210271864877,94.7768150220431,94.8764705882353,"测试集"
"济宁",1,94.2,92.5980192715288,93.584004395617,93.463774324218,93.5275531343603,94.2611111111111,"训练集"
"济宁",2,94.4,93.272458045161,93.9709876499553,93.8088831034156,93.9105898198558,94.2611111111111,"训练集"
"济宁",3,94.5,93.3861479849524,94.2250045609686,94.0489914174999,94.1659243587592,94.2611111111111,"训练集"
"济宁",4,95,92.8209961825545,94.3548013034293,94.149149716785,94.2389970137338,94.6166666666667,"训练集"
"济宁",5,95.5,93.3924791608419,94.7787267720546,94.5165927421224,94.6625994442205,94.7333333333333,"训练集"
"济宁",6,95.1,92.8581561144861,94.959260634061,94.6768996101914,94.8326081741892,94.7333333333333,"训练集"
"济宁",7,94.8,93.4007345559926,95.2874502919795,95.0015228572052,95.1930746492658,94.7333333333333,"训练集"
"济宁",8,94.6,93.62866896561,95.5625686829504,95.2419231400543,95.4353686863381,94.3166666666667,"训练集"
"济宁",9,94.4,93.8943138491226,95.7771957089866,95.4856203173354,95.6893693778326,94.3166666666667,"训练集"
"济宁",10,94.1,94.256032810127,96.0508966992446,95.7638349228288,95.9880337449079,94.3166666666667,"测试集"
"济宁",11,93.5,93.814485944704,96.0875608549411,95.7703432841206,95.9033217074014,94.3166666666667,"测试集"
"济宁",12,93,93.6047219274208,96.1508364954953,95.8665121867295,95.9534437950625,94.3166666666667,"测试集"
"海口",1,92.9,92.7507933625132,94.1239154672674,93.8916423739007,94.1143633321854,92.9142857142857,"训练集"
"海口",2,93.6,94.1825320935267,94.6661626669488,94.3910250326908,94.6887148649405,93.5142857142857,"训练集"
"海口",3,94.1,93.9168872100141,94.8191247177454,94.5181225003154,94.7848344755912,93.5142857142857,"训练集"
"海口",4,94.5,93.8654093123417,95.0230060084433,94.7146869458379,94.9801774991594,93.7285714285714,"训练集"
"海口",5,95.2,94.3689036026552,95.1676366123132,94.8650261538905,95.0633529963418,96.04,"训练集"
"海口",6,95.6,94.0253550339852,95.2117934078142,94.923380733855,95.057104754,96.04,"训练集"
"海口",7,95.9,93.4023941580254,95.1714842124331,94.9378994764931,95.0039054981541,96.04,"训练集"
"海口",8,96.8,92.6194875604221,95.3610957066413,95.1145190760196,95.2238992896129,96.04,"训练集"
"海口",9,96.6,93.563159026932,95.6557812003957,95.3719994319061,95.4397319661286,96.04,"训练集"
"海口",10,96.5,93.1959280373013,95.8685140887091,95.5931789589973,95.7035323310164,96.04,"测试集"
"海口",11,95.5,92.9999314437953,95.9529048501819,95.6748838441045,95.7216648917597,96.04,"测试集"
"海口",12,94.2,92.6872116311675,96.0532007178102,95.793386992853,95.812352724412,96.04,"测试集"
"深圳",1,93.9,94.8087425408862,95.0149907409309,94.9007270565444,94.8858688481517,95.5529411764706,"训练集"
"深圳",2,94.7,94.9463795188668,95.458988507351,95.2578356137646,95.3233688826212,95.5529411764706,"训练集"
"深圳",3,95.9,95.6654144723183,95.9107733125862,95.6486289442445,95.7713521161931,95.5529411764706,"训练集"
"深圳",4,96.3,95.8143401247802,96.3489224367315,96.0283637163692,96.2363773938227,97.0444444444444,"训练集"
"深圳",5,96.8,96.2363469086422,96.6980214697985,96.3551276461035,96.6017989016404,97.0444444444444,"训练集"
"深圳",6,97.2,96.5647583643085,96.9648480201196,96.6102839152192,96.8630419637995,97.0444444444444,"训练集"
"深圳",7,97.5,96.2941559822041,97.1654182430439,96.8115618476562,97.0781911146061,97.0444444444444,"训练集"
"深圳",8,98.1,96.4700579641145,97.4151286171677,97.1175482764417,97.434082913836,97.0444444444444,"训练集"
"深圳",9,98.3,96.9641917872791,97.7229086522731,97.3618293912525,97.6620026016683,97.0444444444444,"训练集"
"深圳",10,96.7,96.1672531486702,97.6509722894401,97.2730878180182,97.4617718172491,97.0444444444444,"测试集"
"深圳",11,95.2,95.6032064182704,97.5598781535163,97.1651687403678,97.2097453786738,97.0444444444444,"测试集"
"深圳",12,94.6,95.0876043062125,97.4368672784526,97.1375917949205,97.0902657273426,97.0444444444444,"测试集"
"温州",1,88.9,89.7741978101647,88.9343594435545,89.9016252458653,89.4889951890238,90.0142857142857,"训练集"
"温州",2,89.6,90.0304822265285,89.434299676558,90.2392643299046,89.8877400711683,90.0142857142857,"训练集"
"温州",3,90,90.8656858690672,90.0184916923189,90.6476784196098,90.356482922493,90.0142857142857,"训练集"
"温州",4,91.1,90.7087734267542,90.4372406652283,90.9036673436782,90.6519064611304,90.0142857142857,"训练集"
"温州",5,91.2,90.4381710446499,90.748641020794,91.1049452761151,90.867055611937,90.0142857142857,"训练集"
"温州",6,91.4,91.599307393559,91.5376730792794,91.6202085448894,91.4814961444261,91.8684210526316,"训练集"
"温州",7,91.8,92.3235644628308,92.4772608659374,92.2166466008194,92.2626639406378,91.8684210526316,"训练集"
"温州",8,93,93.4439570585142,93.2960880644242,92.8201222304346,93.0182274784446,91.8684210526316,"训练集"
"温州",9,93.7,94.1918965487467,93.8159454919077,93.2537353392381,93.5293466674266,93.9,"训练集"
"温州",10,93.4,93.7630080470316,93.9108232475392,93.3546177287613,93.5992748823261,93.9,"测试集"
"温州",11,93.9,93.3566929062079,93.9114842803332,93.4015132168913,93.5857842693198,93.9,"测试集"
"温州",12,93.8,93.2738317224587,94.088933176851,93.5923481164965,93.7775061075558,93.9,"测试集"
"湛江",1,92.2,91.5604878595946,91.7059585799792,92.021357331604,91.6604069111826,92.5538461538462,"训练集"
"湛江",2,92.5,92.5922426256739,92.3372517051024,92.4790448357882,92.1927624631747,92.5538461538462,"训练集"
"湛江",3,92.7,92.5352526993752,92.7486476641159,92.8042087689898,92.6004499165608,92.5538461538462,"训练集"
"湛江",4,93.5,93.3478829810225,93.3567205862231,93.2666097600883,93.1526115957913,93.7285714285714,"训练集"
"湛江",5,93.7,93.2424484363819,93.6345690778098,93.5114315610869,93.4277522619332,93.9733333333333,"训练集"
"湛江",6,93.9,93.5942524002027,94.0541129039183,93.9380070962052,93.9644757093202,93.9733333333333,"训练集"
"湛江",7,94.4,94.435787218631,94.5803374461167,94.4432278656273,94.579773343961,93.9733333333333,"训练集"
"湛江",8,94.7,95.0661843424785,94.8611066450954,94.6882330706761,94.8045485917182,94.90625,"训练集"
"湛江",9,94.7,94.5783816952033,95.0212953916415,94.9115532804878,95.0733039893472,94.90625,"训练集"
"湛江",10,94.4,95.5038827693789,95.3929197427385,95.2032590958219,95.3468408432747,94.90625,"测试集"
"湛江",11,94.1,94.1040778664058,95.106509124196,94.9267422737858,94.8944465941092,94.90625,"测试集"
"湛江",12,94.1,94.3212781315765,95.3006223025372,95.0900973188638,95.0159004983595,94.90625,"测试集"
"烟台",1,91,92.4735951872908,91.0147372438263,91.3219931898071,91.1728521801855,90.6,"训练集"
"烟台",2,90.5,92.2594282014505,91.1140739577867,91.4379235343619,91.2486889183406,90.6,"训练集"
"烟台",3,90.6,92.5118601912206,91.2593978094935,91.641665706278,91.4413642470911,91.24,"训练集"
"烟台",4,91.8,92.3965106493965,91.8421513383548,92.0348484369015,91.9545639935447,91.875,"训练集"
"烟台",5,92,92.8160386839627,92.2994213306459,92.398702599042,92.3795002714403,92.8736842105263,"训练集"
"烟台",6,93.1,93.7258481150999,92.6202387909723,92.6875436414174,92.6512265327017,92.8736842105263,"训练集"
"烟台",7,93.3,92.9635906591268,92.7118360187536,92.7928475490902,92.7540013766707,92.8736842105263,"训练集"
"烟台",8,93.3,93.1601417826674,92.9628070279594,93.0275182860219,92.9926742284108,93.075,"训练集"
"烟台",9,93.5,93.5036903513374,93.2753364822098,93.3399583509629,93.3490427728979,93.6555555555556,"训练集"
"烟台",10,93,93.2380454678248,93.42679648513,93.4670558185874,93.4451623835486,93.6555555555556,"测试集"
"烟台",11,92.5,93.3723845492463,93.5967949931737,93.6358484408179,93.5832779749622,93.6555555555556,"测试集"
"烟台",12,92.4,93.2738317224587,93.7595134035209,93.8238185674645,93.7731892205321,93.6555555555556,"测试集"
"牡丹江",1,91.9,91.5811370012247,91.7694985566431,91.9910263692824,91.7746266533476,91.7333333333333,"训练集"
"牡丹江",2,92.1,91.485062923733,91.8672009074166,92.1419062635228,91.9050231288395,91.7333333333333,"训练集"
"牡丹江",3,92.3,91.6816140472736,92.1377217862391,92.3765770004546,92.1436959805796,92.17,"训练集"
"牡丹江",4,92,91.4600108135457,92.4762035527277,92.6037780422279,92.3980770289686,92.17,"训练集"
"牡丹江",5,92.8,92.4730406572562,93.2231065260364,93.1501100287262,93.0814516480345,92.8736842105263,"训练集"
"牡丹江",6,93.3,93.1273848192928,93.6773710318693,93.5121154769111,93.4883923913579,92.8736842105263,"训练集"
"牡丹江",7,94.1,93.6556452950586,94.2966307826493,94.0048610954955,94.1126325972402,94.12,"训练集"
"牡丹江",8,94.8,94.1624374819312,94.6581617463344,94.3435162385377,94.4951925374785,94.8764705882353,"训练集"
"牡丹江",9,95.8,94.5530609797164,94.9941051100866,94.6645506223547,94.856992859964,94.8764705882353,"训练集"
"牡丹江",10,95.8,94.592699660944,95.3006421665373,94.9698129609021,95.2160290992689,94.8764705882353,"测试集"
"牡丹江",11,96.4,95.0034177703248,95.5715920236442,95.273950675732,95.5539253639265,94.8764705882353,"测试集"
"牡丹江",12,96.6,94.752909999816,95.7310231860799,95.4583319391818,95.7451704569052,94.8764705882353,"测试集"
"石家庄",1,92.6,93.8629305630458,93.0860301879391,93.0572313233687,93.0486459461929,92.9375,"训练集"
"石家庄",2,93,93.91936595931,93.1754438596313,93.1572810579393,93.084393684614,92.9375,"训练集"
"石家庄",3,93.1,93.7718139841459,93.3166204901935,93.3193280752495,93.2350730326015,92.9375,"训练集"
"石家庄",4,93.4,93.8654093123417,93.6039692876695,93.5763330583209,93.5143116293328,93.7285714285714,"训练集"
"石家庄",5,94,94.1398641210397,93.9288906325549,93.8797466829126,93.8553523340654,94.2777777777778,"训练集"
"石家庄",6,94.5,93.9050479935693,94.1155856417565,94.0669927193211,94.0484080197103,94.2777777777778,"训练集"
"石家庄",7,94.2,94.0525999687334,94.3434698903076,94.2757403469165,94.247848973868,94.2777777777778,"训练集"
"石家庄",8,94.9,94.1712474071165,94.5119429235659,94.4416681961883,94.3841539726156,94.90625,"训练集"
"石家庄",9,95,93.9928666759102,94.6180470863842,94.5435666447145,94.4378972456089,94.90625,"训练集"
"石家庄",10,95.1,94.0286529305442,94.7692362201743,94.7149320711388,94.5908639315198,94.90625,"测试集"
"石家庄",11,94.8,93.6537210757974,94.8023868034705,94.7675571051861,94.5809945038457,94.90625,"测试集"
"石家庄",12,94.6,93.2713529731629,94.9574064847783,94.931452836452,94.7496693864055,94.90625,"测试集"
"福州",1,90.6,90.5179989490686,90.2545825674723,90.8696333364583,90.579130797095,90.6,"训练集"
"福州",2,90.9,91.1855560048477,90.8617958012177,91.271593790008,91.0473969031625,90.6,"训练集"
"福州",3,90.6,91.5158916797752,91.1578683049319,91.5440788495841,91.3424400849055,91.24,"训练集"
"福州",4,91.2,91.6045295093793,91.6639779770309,91.8752642974679,91.7407082217927,91.875,"训练集"
"福州",5,92,92.2877782081969,92.2331490847311,92.2800895239763,92.2107849205263,92,"训练集"
"福州",6,92.6,92.8617399357802,92.6278603511667,92.6104423169074,92.5748725809351,92.5,"训练集"
"福州",7,92.9,93.2008855358931,93.0434892165191,92.9426438237942,92.9569557759162,92.5,"训练集"
"福州",8,94.3,93.8221868098201,93.7189709574434,93.5614161258638,93.7786893171191,94.8764705882353,"训练集"
"福州",9,94.7,94.7641986742972,94.2383057394894,94.0813928815525,94.4129359768466,94.8764705882353,"训练集"
"福州",10,94.3,95.324947508138,94.5295577394537,94.3717906691187,94.7156982745113,94.8764705882353,"测试集"
"福州",11,94,94.8985377557188,94.6196614331927,94.4355828262357,94.7261117193329,94.8764705882353,"测试集"
"福州",12,93.8,94.6962099863233,94.6439263604116,94.420481031626,94.5976894967601,94.8764705882353,"测试集"
"秦皇岛",1,88.9,91.4360637753565,88.8122036101713,89.5361840810143,89.0899924971838,89.275,"训练集"
"秦皇岛",2,89.6,91.5497537151479,89.0972090929411,89.7762923950985,89.3453270360873,89.275,"训练集"
"秦皇岛",3,89.4,91.4806599551759,89.3120381543562,89.952663277202,89.5050593474054,89.275,"训练集"
"秦皇岛",4,89.6,91.4757024565841,89.6635751079808,90.2122410644672,89.799149038634,89.775,"训练集"
"秦皇岛",5,89.6,91.8820175974078,90.1063107092129,90.5361402212429,90.1627599537855,89.775,"训练集"
"秦皇岛",6,90.5,92.5696692647825,90.6008499117383,90.9212040058054,90.6071220020252,90.85,"训练集"
"秦皇岛",7,90.6,92.4510218263994,90.8392985546024,91.1260708014392,90.8209373054229,90.85,"训练集"
"秦皇岛",8,91.3,92.8617399357802,91.1759255258729,91.430208516269,91.1588335700805,90.85,"训练集"
"秦皇岛",9,91.6,92.8724740802268,91.4925893331264,91.6926510764929,91.4547338539752,90.85,"训练集"
"秦皇岛",10,92.3,93.1023327091055,91.7589376254649,91.9503801498024,91.7308280106314,90.85,"测试集"
"秦皇岛",11,92.6,93.2630975780121,92.0524588724512,92.1990827827627,91.9915943275332,90.85,"测试集"
"秦皇岛",12,92.3,93.0489305921718,92.1730276126072,92.3150131273174,92.0674310656883,90.85,"测试集"
"蚌埠",1,92.7,92.0540671527246,93.1995594220028,93.1737534327364,93.2285002868882,92.9142857142857,"训练集"
"蚌埠",2,93.4,92.5608593395971,93.6363020295125,93.5124085757787,93.6110602271265,93.5142857142857,"训练集"
"蚌埠",3,93.8,92.6927196717228,93.849455791893,93.7182914304154,93.8086905886181,93.5142857142857,"训练集"
"蚌埠",4,94.4,92.7863149999186,94.1848984428685,93.9752964134868,94.0879291853494,93.7285714285714,"训练集"
"蚌埠",5,94.7,92.6029767701206,94.37549836559,94.1513753268254,94.2607019984986,94.8214285714286,"训练集"
"蚌埠",6,95.1,92.5980192715288,94.6896722242194,94.4109531140906,94.5547916897272,94.8214285714286,"训练集"
"蚌埠",7,95.2,93.0401206669865,95.0488698052511,94.7208203748378,94.896309139717,95.2625,"训练集"
"蚌埠",8,95.4,93.0150685567991,95.3964056174116,94.9972948310901,95.2143028887734,95.2625,"训练集"
"蚌埠",9,95.5,93.5526894997139,95.8193383012534,95.3960985429163,95.6937989040059,95.50625,"训练集"
"蚌埠",10,95.2,93.8967925984185,96.1090895604229,95.6541195849907,95.9568525588311,95.50625,"测试集"
"蚌埠",11,95.4,94.043790043548,96.3447531372446,95.9172862354527,96.2496084026507,95.50625,"测试集"
"蚌埠",12,95.3,93.9590046405375,96.5448517124891,96.0907923445975,96.4075301213028,95.50625,"测试集"
"襄阳",1,89.9,91.3438421244585,89.6678361898414,90.2999528845241,89.902836909653,90.0142857142857,"训练集"
"襄阳",2,89.9,91.8971547104116,90.220638552512,90.7016213693089,90.3841435175516,90.0142857142857,"训练集"
"襄阳",3,90.3,92.4504672963647,90.7391485968019,91.1032898540938,90.8654501254502,90.96,"训练集"
"襄阳",4,91,92.84109079415,91.1269518863564,91.4243242379108,91.2272504479357,90.96,"训练集"
"襄阳",5,91.7,93.3145754756845,91.506270417298,91.7399210445753,91.5723890832578,90.96,"训练集"
"襄阳",6,91.6,93.0332389491334,91.6375902124511,91.8641537392411,91.6666981012424,91.8684210526316,"训练集"
"襄阳",7,91.6,93.2969596133848,91.8793672976555,92.0905221260618,91.886898673153,91.8684210526316,"训练集"
"襄阳",8,92.4,93.2267567933435,92.1483627073072,92.3757310538985,92.233260763795,92.5833333333333,"训练集"
"襄阳",9,93,94.1365662244807,92.4738341397787,92.6645720962739,92.5049870250563,93.6555555555556,"训练集"
"襄阳",10,93.1,93.7007960049126,92.676945985745,92.8223061601492,92.6601446605278,93.6555555555556,"测试集"
"襄阳",11,93.3,93.1678426477835,92.8350028362361,93.0543608415453,92.9572683997423,93.6555555555556,"测试集"
"襄阳",12,93.1,93.9100054921611,93.1749546448931,93.3367482477652,93.2285179157465,93.6555555555556,"测试集"
"西宁",1,92.6,92.716666709912,93.3019210146648,93.1847548387184,93.223544316022,92.5538461538462,"训练集"
"西宁",2,92.6,92.4014681479882,93.4616613607357,93.3403482198732,93.3737469187523,92.5538461538462,"训练集"
"西宁",3,92.8,93.3803713390975,93.7366969219116,93.6382157025978,93.6608010197681,92.5538461538462,"训练集"
"西宁",4,93.4,93.3622009467632,93.9713259054164,93.8578384844981,93.8935653482526,93.7285714285714,"训练集"
"西宁",5,94,92.9283549464563,94.176664085496,94.0329013388338,94.082523103308,94.8214285714286,"训练集"
"西宁",6,94.6,93.8125577373716,94.6941873179028,94.4672385378754,94.590497852215,94.8214285714286,"训练集"
"西宁",7,96,93.8929401718249,94.9320429414597,94.6842885155819,94.8084110862023,96.0333333333333,"训练集"
"西宁",8,96.3,93.521306213637,95.1896700985576,94.9252294846189,95.0979261015841,96.0333333333333,"训练集"
"西宁",9,96.7,94.2296070226419,95.5358303538576,95.2389775773277,95.4250692023339,96.0333333333333,"训练集"
"西宁",10,97,94.6898788104339,95.8387344181351,95.5146193786273,95.7088824749119,96.0333333333333,"测试集"
"西宁",11,97.5,94.3903718915485,95.9986277470754,95.6730775327407,95.8608956703084,96.0333333333333,"测试集"
"西宁",12,98.2,94.501583082044,96.2597628208079,95.9502760792312,96.1757449792897,96.0333333333333,"测试集"
"西安",1,93,95.8757813447953,92.9392696690654,93.1324595103051,93.4395473120525,92.8888888888889,"训练集"
"西安",2,93,95.4386374479294,93.0055526180915,93.1192064296511,93.329120624052,93.33125,"训练集"
"西安",3,93.1,94.7710803921503,92.9862758175849,93.0880406210069,93.2109748201298,92.8888888888889,"训练集"
"西安",4,93.2,94.5280088695291,93.0865084281696,93.1611511872381,93.2236756028747,93.33125,"训练集"
"西安",5,93.5,94.1172907601483,93.1771634669731,93.2278081173138,93.2358996403624,93.33125,"训练集"
"西安",6,93.4,93.6801468632824,93.1639303065707,93.2145550366598,93.1254729523619,93.075,"训练集"
"西安",7,93.1,92.9768035528693,93.1035619782636,93.1974211240441,93.0294206136014,93.075,"训练集"
"西安",8,93,92.8165932139973,93.1531920956918,93.2650941131228,93.025459709183,92.8736842105263,"训练集"
"西安",9,92.6,92.9019331470424,93.2845456195916,93.4079636260169,93.1243434030143,92.8736842105263,"训练集"
"西安",10,92.6,92.8730286102614,93.3809101808597,93.5505411701462,93.2362675986767,92.8736842105263,"测试集"
"西安",11,91.8,92.1000370098417,93.3466427476055,93.5787998400479,93.2182023098237,92.8736842105263,"测试集"
"西安",12,91,92.1025157591376,93.4663441570434,93.7271069300944,93.3337476908183,92.8736842105263,"测试集"
"贵阳",1,94.5,93.089119815363,94.1007854786085,93.8848266921531,94.041272622541,94.7058823529412,"训练集"
"贵阳",2,94.9,93.1356402144435,94.3647730687374,94.1332373563485,94.3150794412739,94.7058823529412,"训练集"
"贵阳",3,95.1,93.4640516701098,94.6459245317627,94.3883936254642,94.5763225034329,94.7058823529412,"训练集"
"贵阳",4,95.3,93.298883832646,94.7919182430157,94.5302470793553,94.6913911391704,94.7058823529412,"训练集"
"贵阳",5,95.3,93.4439570585142,95.0691482443935,94.7760849393569,94.9503468634061,95.3166666666667,"训练集"
"贵阳",6,95.2,93.2606188287162,95.2489797712983,94.9521638526956,95.1231196765553,95.3166666666667,"训练集"
"贵阳",7,95.3,93.847793450042,95.6683152918207,95.3224716509915,95.5485326997082,95.0888888888889,"训练集"
"贵阳",8,95.3,94.2766819517571,95.9424984153024,95.5923839063738,95.828724786954,95.0888888888889,"训练集"
"贵阳",9,95.1,94.0393870749909,96.1676569550629,95.8167201751885,96.0812952426768,95.0888888888889,"训练集"
"贵阳",10,95.1,94.4192764283295,96.4233268769206,96.0607093212344,96.3222554323403,95.0888888888889,"测试集"
"贵阳",11,95.2,93.7261127323284,96.4652299729683,96.1750396692564,96.4403581160637,95.0888888888889,"测试集"
"贵阳",12,95,94.0236954319524,96.7065177875622,96.3700473695882,96.6046651032286,95.0888888888889,"测试集"
"赣州",1,94.6,92.4190840102879,94.9849731673044,94.6429406704364,94.8658853802323,95.5529411764706,"训练集"
"赣州",2,95.1,92.9283549464563,95.3295174798279,94.9445055810725,95.1889305503927,95.5529411764706,"训练集"
"赣州",3,95.3,92.8925686918224,95.558162160234,95.1439347995537,95.3860841666271,95.5529411764706,"训练集"
"赣州",4,96.6,93.7993448436291,95.9659341533561,95.5242850972019,95.8106400876283,97.0444444444444,"训练集"
"赣州",5,97.4,93.2889688354625,96.3147378195829,95.801592208407,96.1628143131631,97.0444444444444,"训练集"
"赣州",6,97.7,93.8560488451928,96.7606199858908,96.1887966756901,96.6121313941438,97.0444444444444,"训练集"
"赣州",7,97.7,94.6862949891399,97.2247159421928,96.6713912302077,97.1999037856245,97.0444444444444,"训练集"
"赣州",8,97,94.9871755853229,97.5680541131269,97.0547148655291,97.6635952158452,97.0444444444444,"训练集"
"赣州",9,96.1,95.1038988044448,97.7932851784866,97.2033139243406,97.7661000950088,97.0444444444444,"训练集"
"赣州",10,95.9,94.8489840773077,97.8170944842624,97.3082172985339,97.8445905242555,97.0444444444444,"测试集"
"赣州",11,95.5,94.7352941375163,97.9714035789319,97.4389036293552,97.9393762874973,97.0444444444444,"测试集"
"赣州",12,94.5,94.4996588627828,97.9961887511793,97.4007434983678,97.7735327600084,97.0444444444444,"测试集"
"遵义",1,94.4,93.6639006902094,93.5202924316541,93.4233550361522,93.469185068274,94.2611111111111,"训练集"
"遵义",2,94.3,94.0908649726632,93.8201538120235,93.6759385010741,93.7155770359358,94.2611111111111,"训练集"
"遵义",3,94.3,93.7153785878818,93.8721970934072,93.7829825579879,93.7990224979236,94.2611111111111,"训练集"
"遵义",4,94.2,93.0541527079921,93.9407609780127,93.8486234290607,93.8274314773174,94.6166666666667,"训练集"
"遵义",5,94,93.9947908951715,94.3132351043388,94.19761304022,94.1960938135729,93.9733333333333,"训练集"
"遵义",6,94,94.0525999687334,94.6193992861003,94.4686499193199,94.497425875466,93.9733333333333,"训练集"
"遵义",7,94.3,94.2510753115352,94.8294827595828,94.7206494467121,94.76989884679,93.9733333333333,"训练集"
"遵义",8,94.7,94.8299945377103,95.1148077724998,94.9768217748307,95.0149569670429,94.90625,"训练集"
"遵义",9,95.1,94.3628410320654,95.2696707623832,95.1288262927887,95.1664934171821,94.90625,"训练集"
"遵义",10,95,94.742730385404,95.5253406842408,95.3728154388346,95.4074536068455,94.90625,"测试集"
"遵义",11,95.1,94.6573904523589,95.7149005356774,95.6007405708461,95.6586902151595,94.90625,"测试集"
"遵义",12,95,94.2285019506438,95.8179725139869,95.7016229603693,95.728618430059,94.90625,"测试集"
"郑州",1,92.2,91.641689441311,90.5990739262558,91.0131582400202,90.7498209863493,92.4066666666667,"训练集"
"郑州",2,92.4,92.680880455278,90.9978604622328,91.3595750469858,91.1036322281076,92.4066666666667,"训练集"
"郑州",3,92.1,92.5547967690072,91.3970542522167,91.6757125398381,91.4959918417392,92.4066666666667,"训练集"
"郑州",4,92,92.8242940791135,91.8324132900901,92.0533066292423,91.9560620866277,92.0933333333333,"训练集"
"郑州",5,92.1,93.7316247609548,92.2025765032433,92.3792379040239,92.287303117967,92.0933333333333,"训练集"
"郑州",6,91.8,93.6958385063208,92.4211882801118,92.5786671225051,92.4844567342014,92.0933333333333,"训练集"
"郑州",7,91.9,93.9928666759102,92.6660080492243,92.8280938457035,92.7420786110282,92.0933333333333,"训练集"
"郑州",8,91.7,93.5614994248993,92.7972780553407,92.966066467633,92.8715215960057,92.0933333333333,"训练集"
"郑州",9,91.8,93.8384329828931,93.0865471812866,93.2323898598185,93.1530475306603,92.0933333333333,"训练集"
"郑州",10,91.8,94.3991818167339,93.3857427782604,93.5227876473847,93.4558098283251,92.0933333333333,"测试集"
"郑州",11,91.6,94.0575574673251,93.435901692965,93.5984710178097,93.4833617055672,92.0933333333333,"测试集"
"郑州",12,91.2,93.4959894862212,93.2204527298724,93.4534617077531,93.1718204969139,92.8736842105263,"测试集"
"重庆",1,94.4,91.9877167592769,94.1035105474439,93.8983417700642,93.9830400571133,94.7058823529412,"训练集"
"重庆",2,94.5,92.998003236463,94.4110476890415,94.2019387987062,94.2737153434614,94.7058823529412,"训练集"
"重庆",3,94.7,92.2897024274581,94.4208426118341,94.258985350903,94.2966925448568,94.7058823529412,"训练集"
"重庆",4,95.4,93.1282039665559,95.1907563329447,94.8557153755979,95.0648198392374,94.7058823529412,"训练集"
"重庆",5,95.9,94.8167816439678,95.8754401577687,95.4529207731078,95.7695412134024,96.04,"训练集"
"重庆",6,96,94.4457022158145,96.0900292833264,95.6394427192782,95.9657413391223,96.04,"训练集"
"重庆",7,96,95.0637055931826,96.4720192527171,96.0698990863581,96.4880904372694,96.04,"训练集"
"重庆",8,96.4,94.7848478159274,96.6022125030295,96.1570415486178,96.522884685176,96.04,"训练集"
"重庆",9,96.6,94.4024797132929,96.7341416218964,96.3209372798837,96.6915595677358,96.04,"训练集"
"重庆",10,95.4,94.523605900972,96.8931509486566,96.4497748967493,96.7683497964054,96.04,"测试集"
"重庆",11,94.7,93.8711859581966,96.8539967313023,96.4758928839304,96.7453294748112,96.04,"测试集"
"重庆",12,94,93.7016151521757,97.0696634422347,96.6375077797673,96.8861127610426,96.04,"测试集"
"金华",1,88.2,89.5644337928817,88.5198372016599,89.6874075148613,89.151078025948,88.7555555555556,"训练集"
"金华",2,88.8,89.9167922867371,89.0936293499649,90.059564027113,89.5944865836731,88.7555555555556,"训练集"
"金华",3,89.6,90.8582496211796,90.0598257278773,90.6339598056683,90.3220481330625,88.7555555555556,"训练集"
"金华",4,90.1,91.0812265322052,90.5475682429725,90.9485405533298,90.6833717102907,89.775,"训练集"
"金华",5,90.8,91.265938439301,91.1724845639171,91.314243429426,91.1263035227586,89.775,"训练集"
"金华",6,91.6,91.7702518768777,91.7003798320903,91.6899888048744,91.5683782330749,91.8684210526316,"训练集"
"金华",7,92.5,92.6651888122396,92.4236756757451,92.2013712416871,92.197193114804,91.8684210526316,"训练集"
"金华",8,93.9,93.5526894997139,93.2012465424773,92.8240243757184,93.0045523067669,94.8764705882353,"训练集"
"金华",9,95,94.4765309718567,93.7813528632979,93.3782265908546,93.6965031439062,94.8764705882353,"训练集"
"金华",10,94.9,94.7094228800659,94.0023214999104,93.5444464088912,93.8197676408226,94.8764705882353,"测试集"
"金华",11,94.6,94.0790257562184,94.0978016338937,93.6702358487479,93.9451126952106,94.8764705882353,"测试集"
"金华",12,94.4,94.3834901736955,94.2579666731028,93.8083918747277,94.0241902618035,94.8764705882353,"测试集"
"银川",1,94.3,93.4125737724374,94.0362892808891,93.8371979190561,93.9448424483335,94.2611111111111,"训练集"
"银川",2,94.4,93.4753403445911,94.2797416651281,94.0340543333436,94.1271449700707,94.2611111111111,"训练集"
"银川",3,94.5,93.1595872526327,94.4522260164134,94.2440667373649,94.3706624624629,94.2611111111111,"训练集"
"银川",4,95.1,94.2502561642721,94.8293990778386,94.5793164212607,94.7041908317256,94.6166666666667,"训练集"
"银川",5,95.4,93.8296230577078,95.0563717148201,94.7943342809612,94.954473949525,95.3166666666667,"训练集"
"银川",6,95.5,93.5408502832691,95.2937073274535,95.0298376728457,95.2273272777435,95.3166666666667,"训练集"
"银川",7,95.6,94.5844442657932,95.6332545142595,95.3564930378654,95.5554238690078,95.50625,"训练集"
"银川",8,95.4,94.2152890569013,95.8158573603102,95.5603437744962,95.7854241143117,95.50625,"训练集"
"银川",9,95.2,94.4839672197444,96.00315304289,95.7125316965044,95.8865951460663,95.50625,"训练集"
"银川",10,94.7,93.7938368030738,96.0116334476347,95.7353527892536,95.8518681700499,95.50625,"测试集"
"银川",11,94.1,93.0472709901391,96.1013769633308,95.843521469885,95.9564536066851,95.50625,"测试集"
"银川",12,93.5,93.4139474497352,96.3095548444469,96.0475556105661,96.1360884336044,95.50625,"测试集"
"锦州",1,91.4,93.0979297405483,91.49026164385,91.6571076023725,91.5571523995909,91.7333333333333,"训练集"
"锦州",2,91.5,93.053333560729,91.5781314006032,91.7968203735431,91.6672660025872,91.7333333333333,"训练集"
"锦州",3,91.6,93.0219502746522,91.7332008678186,91.9764881500786,91.8387049683276,92.17,"训练集"
"锦州",4,92.1,93.3302671187229,92.0716386358264,92.2485410881814,92.1238520883145,92.17,"训练集"
"锦州",5,92.2,93.1645447512245,92.2474305330448,92.4448135649392,92.3322356137139,92.5,"训练集"
"锦州",6,92.5,93.671336938097,92.6211157936145,92.7834687079814,92.7147955539522,92.8888888888889,"训练集"
"锦州",7,93,93.7517193725503,92.8551224550127,93.0005186856879,92.9327087879394,93.075,"训练集"
"锦州",8,93.3,93.9947908951715,93.1564329228932,93.2982027643623,93.2701283073398,92.8888888888889,"训练集"
"锦州",9,93.6,94.070215831033,93.4466657473389,93.5894332068812,93.6070710814829,93.6555555555556,"训练集"
"锦州",10,94.4,94.7628249969995,93.772443383262,93.9003165266314,93.9324035895666,93.6555555555556,"测试集"
"锦州",11,95,94.0570029372905,93.7724186345968,93.9202728464219,93.8958660208841,93.6555555555556,"测试集"
"锦州",12,95.5,94.4344135413333,94.0566660621392,94.201352224874,94.1963409806255,93.6555555555556,"测试集"
"长春",1,93.3,93.3096179770927,93.0015057730528,92.9496047182184,92.9162226996357,92.9142857142857,"训练集"
"长春",2,93.4,93.4728615952952,93.2441205077745,93.1612171187724,93.1174742464596,93.5142857142857,"训练集"
"长春",3,93.6,93.7517193725503,93.519607124475,93.4448693014183,93.4328003006982,93.5142857142857,"训练集"
"长春",4,93.9,93.8007185209268,93.7233983627975,93.6561897332075,93.6470923493532,93.7285714285714,"训练集"
"长春",5,93.9,93.9042288463062,93.8457013078488,93.7648337866541,93.6882718657726,93.9733333333333,"训练集"
"长春",6,93.8,93.390000411546,93.9751607229622,93.908243985736,93.8343765379135,93.9733333333333,"训练集"
"长春",7,93.7,93.1081093549604,94.1293427547528,94.0868957032685,94.02200044556,93.9733333333333,"训练集"
"长春",8,94.5,94.4594656515206,94.6146106971951,94.5546257068049,94.5534988954005,94.90625,"训练集"
"长春",9,94.8,93.9358767496115,94.8465527491437,94.7919778126451,94.8443477581912,94.90625,"训练集"
"长春",10,94.8,94.1662899085248,95.0908551415138,94.995287863088,95.0271270251855,94.90625,"测试集"
"长春",11,94.6,94.2585115594229,95.1698773148996,95.0813057016301,95.0407812984449,94.90625,"测试集"
"长春",12,95.2,94.0363537956603,95.3993064182963,95.36292576627,95.3884772364958,94.90625,"测试集"
"长沙",1,91.5,91.7903464884732,91.0560353248654,91.443402743829,91.1886166043027,91.7333333333333,"训练集"
"长沙",2,91.6,91.9378984636373,91.2839195734165,91.6521503714243,91.3880575584604,91.7333333333333,"训练集"
"长沙",3,92.1,91.615263653826,91.671211132578,91.9190144497977,91.7168044714246,92.17,"训练集"
"长沙",4,92.6,92.3808190063581,92.2658844209723,92.3728211220202,92.2635343726568,92.17,"训练集"
"长沙",5,93.1,92.6767421039494,92.8387672902819,92.8303252221541,92.8462553430334,93.075,"训练集"
"长沙",6,93.5,92.4168738662917,93.1426878964765,93.1086483923621,93.1822446266621,93.33125,"训练集"
"长沙",7,93.3,94.311363134393,93.7347494167035,93.6611852975929,93.8058345108446,93.33125,"训练集"
"长沙",8,93.3,94.5808604444992,94.0657294491198,94.038779386997,94.2659047557331,93.33125,"训练集"
"长沙",9,93.4,94.9067931508696,94.3410154955885,94.331025888519,94.5866625879701,93.6555555555556,"训练集"
"长沙",10,93,95.1322488111911,94.613123505093,94.6085164037743,94.8884713951204,93.6555555555556,"测试集"
"长沙",11,92.9,95.7827405466341,94.8662481759571,94.836624939836,95.0893425850498,93.6555555555556,"测试集"
"长沙",12,92.3,94.6995078828824,94.8024701348093,94.7608992036272,94.9273902076986,93.6555555555556,"测试集"
"青岛",1,92.2,92.847972512003,92.6671017764124,92.7175594400604,92.4762871778321,92.5538461538462,"训练集"
"青岛",2,92.7,93.122427320701,93.037907888538,93.0209730646521,92.8173278825647,92.5538461538462,"训练集"
"青岛",3,93.1,93.1821606135242,93.3620705520384,93.3093387342124,93.1524600640417,92.9375,"训练集"
"青岛",4,93.9,93.5992098987945,93.8225163059884,93.7102831287591,93.6369111120154,93.7285714285714,"训练集"
"青岛",5,94.8,94.3647652513266,94.2786016630054,94.1640898009816,94.1836410132475,94.8214285714286,"训练集"
"青岛",6,94.9,94.6681245968055,94.6237687585726,94.5103232038969,94.5878176733903,94.8214285714286,"训练集"
"青岛",7,95.1,95.0097489462143,94.9167382421006,94.8054344783775,94.9103860982934,95.0888888888889,"训练集"
"青岛",8,95,94.6072862319843,95.0778114905766,94.9862268786305,95.1029650386811,95.0888888888889,"训练集"
"青岛",9,95.5,95.4650632354145,95.4134833227699,95.3406540669423,95.4882890621,95.0888888888889,"训练集"
"青岛",10,95.3,95.2302471079441,95.5783744210047,95.5279001033508,95.6813447477449,95.0888888888889,"测试集"
"青岛",11,95,95.1988638218673,95.7334438882202,95.7075678798862,95.8527837134853,95.0888888888889,"测试集"
"青岛",12,94.4,94.7931032110782,95.8263352527478,95.7000443451495,95.745978210817,95.0888888888889,"测试集"
"韶关",1,93,92.7549317138418,92.7373034372118,92.7603162608018,92.6943563256955,92.9142857142857,"训练集"
"韶关",2,93.5,93.0343440211316,92.9938110085868,92.9895494205811,92.9163674902722,93.5142857142857,"训练集"
"韶关",3,93.4,92.4887323002946,93.116928710638,93.1272300737457,93.0588509770807,93.5142857142857,"训练集"
"韶关",4,93.1,92.5490201231523,93.4252101249957,93.3611767204393,93.3006682688958,93.7285714285714,"训练集"
"韶关",5,93.6,93.086641066067,93.897066449973,93.7599804322655,93.7801642841283,93.9733333333333,"训练集"
"韶关",6,94,92.9729511262757,94.013671873401,93.8906667630868,93.8749500473701,93.9733333333333,"训练集"
"韶关",7,94.2,93.177757644967,94.431326273073,94.2394729701959,94.2939778020102,93.9733333333333,"训练集"
"韶关",8,94.8,94.0594816865864,94.9413495900996,94.7109004016437,94.8614673209952,94.90625,"训练集"
"韶关",9,95.1,93.9408342482033,95.1433325320234,94.9157671972774,95.0752826243929,94.90625,"训练集"
"韶关",10,94.9,93.6363698307262,95.3522283719275,95.1484058162033,95.3463253599453,94.90625,"测试集"
"韶关",11,95.3,94.8068666467842,95.7672561586127,95.5697271782193,95.8160217017844,94.90625,"测试集"
"韶关",12,95.6,94.5313067660881,95.9946638339053,95.8451855754687,96.150200392747,94.90625,"测试集"
