city,month,actual,yhat_ols_linear,yhat_ols_poly,yhat_ridge,yhat_lasso,yhat_tree,sample
三亚,1,92.9,93.64820904717081,92.21179532438617,92.83401845810599,92.75870799087936,93.96346153846154,训练集
三亚,2,93.1,94.17317162637767,92.54216439425875,93.13844814170069,93.08356375370583,93.96346153846154,训练集
三亚,3,93.2,94.18886326941609,92.74142531998596,93.32671023711214,93.26043449744459,93.96346153846154,训练集
三亚,4,93.2,93.99808879173034,92.98630422356436,93.61405984766944,93.61175162082772,93.96346153846154,训练集
三亚,5,93.3,94.35044728558582,93.33111251809295,93.9862163599211,94.05516017855288,94.79411764705881,训练集
三亚,6,93.2,94.46661597467308,93.52953579430286,94.18923444159914,94.25097994737835,94.79411764705881,训练集
三亚,7,93.4,94.85228197386655,93.83912555582461,94.58444929022853,94.73180981001973,94.79411764705881,训练集
三亚,8,93.3,95.75713390641201,94.21540643542336,94.94747079741634,95.122565611437,95.446511627907,训练集
三亚,9,94.2,95.47909527641997,94.40313043415524,95.26001942707192,95.51625907247748,96.96363636363637,训练集
三亚,10,94.0,95.66050928695682,94.65815858938217,95.43740636817843,95.65980644188951,95.446511627907,测试集
三亚,11,93.4,95.47964980645463,94.81313438052891,95.57639504911087,95.77306448496083,95.446511627907,测试集
三亚,12,93.3,95.01056809347729,94.83095207985163,95.61183144540614,95.75233150129002,94.79411764705881,测试集
上海,1,97.7,101.2679066851925,97.58256683122809,97.4532722581991,97.59489137754454,96.96363636363637,训练集
上海,2,97.9,100.86599850099705,97.77044786885396,97.5796456355855,97.69415542827028,96.96363636363637,训练集
上海,3,98.6,101.20073714448172,97.96253149386476,97.83236925321582,97.96348395951931,96.96363636363637,训练集
上海,4,99.4,101.24533332430106,98.24393686791979,98.06345112695081,98.20349065866826,96.96363636363637,训练集
上海,5,99.9,100.05226314735155,98.2600779686023,98.06691131123365,98.16733344688016,96.96363636363637,训练集
上海,6,98.7,100.51253493514349,98.57225445881231,98.34255311253328,98.45114671945818,96.96363636363637,训练集
上海,7,97.8,100.47674868050954,98.80014316192393,98.54198233101454,98.64830033569255,96.96363636363637,训练集
上海,8,97.4,100.09933807646681,98.857860745784,98.631697597468,98.69794567809643,96.96363636363637,训练集
上海,9,97.6,100.03712603434779,98.95018060300671,98.75121680521951,98.77244856884265,96.96363636363637,训练集
上海,10,96.6,100.21798551484996,99.18813098556394,98.98302276919262,99.0093108279166,96.96363636363637,测试集
上海,11,95.4,100.20973011969922,99.2178945381022,99.05428462146811,99.00401607608923,96.96363636363637,测试集
上海,12,93.9,100.11613479150336,99.29867602478622,99.16807428330227,99.0748977815032,96.96363636363637,测试集
丹东,1,89.4,92.95644033597405,90.65684520151699,91.02135799136697,90.81283624666789,93.80869565217392,训练集
丹东,2,89.6,92.86036625848234,90.76049054326388,91.17223788560736,90.9432327221598,91.24893617021276,训练集
丹东,3,90.1,92.59720012426561,90.81704772167161,91.26224512082567,90.97983756273257,91.24893617021276,训练集
丹东,4,91.4,92.90440790826702,91.30765862057089,91.64313610466174,91.45161446204331,92.95200000000001,训练集
丹东,5,92.3,92.84356954344577,91.72711265507122,91.93364245694255,91.79170167626145,92.75000000000001,训练集
丹东,6,92.0,92.25528985012177,92.00426941678558,92.14220668048767,92.0415080488037,92.93,训练集
丹东,7,92.9,93.11554560284787,92.33024117142705,92.45954363639326,92.36731730214466,92.93,训练集
丹东,8,93.5,93.39247916084179,92.63453736463313,92.72586702857878,92.64884323679931,94.5596153846154,训练集
丹东,9,94.0,93.75171937255021,92.96179730505406,93.04117186647842,93.00702237395251,94.5596153846154,训练集
丹东,10,95.4,94.03057714980534,93.23049823790309,93.32482404912435,93.32234842819113,93.96346153846154,测试集
丹东,11,96.4,94.24281991638435,93.49015437196834,93.56235955901478,93.56283187259733,94.5596153846154,测试集
丹东,12,96.4,93.98983339657963,93.69488044957025,93.7838310548708,93.81359173565404,93.96346153846154,测试集
乌鲁木齐,1,94.1,94.58196551649723,93.9126971315257,93.6174177193617,93.48319273385506,94.5596153846154,训练集
乌鲁木齐,2,94.2,94.0570029372904,93.95415677410206,93.68378268067256,93.50845727317385,93.96346153846154,训练集
乌鲁木齐,3,94.5,94.1682141277859,94.20706145293654,93.96098122716303,93.82330658215524,93.96346153846154,训练集
乌鲁木齐,4,94.4,93.77648555800248,94.43624257775485,94.21881886518715,94.13672565536493,94.79411764705881,训练集
乌鲁木齐,5,94.8,94.6136134198025,94.78743659108747,94.6445617453527,94.6392686262736,94.79411764705881,训练集
乌鲁木齐,6,95.4,95.2272138286134,95.16270984614445,95.09477955437843,95.18733237491466,94.79411764705881,训练集
乌鲁木齐,7,95.4,95.79373930830907,95.4741261249584,95.53640304452816,95.72996434555733,96.96363636363637,训练集
乌鲁木齐,8,95.3,96.36770103589238,95.77537022003499,95.86675583745925,96.09405200596615,96.96363636363637,训练集
乌鲁木齐,9,95.6,96.29860727592038,95.99019928145013,96.04312671956278,96.25378431728431,96.96363636363637,训练集
乌鲁木齐,10,95.7,96.19757569983685,96.13378149965801,96.26818707861558,96.50321033293214,96.96363636363637,测试集
乌鲁木齐,11,95.7,96.64463459388628,96.40276392307153,96.50387387455034,96.72569824276607,96.96363636363637,测试集
乌鲁木齐,12,95.5,96.18243858683309,96.52989776346672,96.58169792769587,96.75820515274935,96.96363636363637,测试集
九江,1,90.9,91.30916094182254,90.74625527079108,91.3099952039872,91.03966708065734,90.35833333333333,训练集
九江,2,91.1,91.58306122048589,91.26554634976038,91.66782785144552,91.47402267505186,91.24893617021276,训练集
九江,3,91.2,92.17271459110762,91.70333015912651,92.00104541733529,91.8399209281268,91.24893617021276,训练集
九江,4,92.5,92.61481598656528,92.09246534878577,92.31091267808246,92.18143837811664,91.88709677419354,训练集
九江,5,92.9,92.35576689617062,92.90057193229732,92.81464201568642,92.87632687487915,92.93,训练集
九江,6,92.7,93.14774803618782,93.51270734495039,93.34835869863869,93.54570750159948,93.96346153846154,训练集
九江,7,94.0,94.81182414537588,94.0503418191108,93.88298287587934,94.16157826986026,94.5596153846154,训练集
九江,8,94.5,94.61527302183529,94.1793132706681,94.01910678385312,94.27302572026544,93.96346153846154,训练集
九江,9,94.9,93.98846370735305,94.24946850450453,93.99896794557039,94.15222622525162,94.5596153846154,训练集
九江,10,94.7,93.94882502612546,94.27391489265052,94.06450025192854,94.14331028809202,94.5596153846154,测试集
九江,11,94.2,93.76300804703152,94.49154918171857,94.2776693976734,94.37559787131924,94.5596153846154,测试集
九江,12,93.8,93.28456586690527,94.58009953160364,94.40704770072689,94.49960907829832,93.96346153846154,测试集
兰州,1,90.7,90.61407302656019,91.03630934469165,91.3809737088658,91.11358079921895,90.35833333333333,训练集
兰州,2,91.0,91.76887819957986,91.5375065084404,91.7994302979232,91.58146654839202,90.35833333333333,训练集
兰州,3,91.6,91.78952734121003,91.55851394682867,91.91351192852223,91.63930775197485,90.35833333333333,训练集
兰州,4,92.2,91.6708799028269,91.81904832183184,92.11837872415596,91.85312305537259,90.35833333333333,训练集
兰州,5,92.4,91.30172469393489,92.12210868705694,92.32222946078672,92.08312330067646,91.88709677419354,训练集
兰州,6,92.9,91.97753714486478,92.95086835474847,92.83832538451371,92.73174430964393,92.75000000000001,训练集
兰州,7,93.5,93.42496751891676,93.57328617138236,93.34057281626251,93.30790643506514,93.80869565217392,训练集
兰州,8,94.5,93.5218607436716,94.16241903686493,93.78589373432362,93.88652947485234,94.5596153846154,训练集
兰州,9,94.3,93.33852251387353,94.33993962814944,93.96197264766228,94.0593022880016,94.5596153846154,训练集
兰州,10,95.3,94.05948168658628,94.74872339567418,94.37009476860258,94.54108564115744,93.96346153846154,测试集
兰州,11,94.9,93.77814516003528,94.88914959408145,94.49432746326845,94.63539465914204,94.5596153846154,测试集
兰州,12,94.5,94.04930207217431,95.01503408638702,94.60942515287046,94.67705092081874,94.5596153846154,测试集
包头,1,88.8,91.74134734009664,89.45362781985912,89.99229262906641,89.67244048203241,91.24893617021276,训练集
包头,2,89.4,92.49864729747802,89.8592577118935,90.33196383111162,90.03881548036459,91.24893617021276,训练集
包头,3,89.3,91.93597424437597,89.91023396647867,90.39503189799056,90.05237336526116,91.24893617021276,训练集
包头,4,89.9,92.49864729747802,90.22831859100675,90.7027584760172,90.38893578250985,91.88709677419354,训练集
包头,5,90.3,92.14766248092033,90.44741103930339,90.87238375320041,90.5612318504019,91.88709677419354,训练集
包头,6,90.9,92.37311814124183,90.81358843795387,91.14987426845572,90.86304065755216,92.75000000000001,训练集
包头,7,91.5,92.69905084761221,91.17248926373641,91.44212076997763,91.18379848978915,92.75000000000001,训练集
包头,8,92.1,92.84908157207221,91.33256247232688,91.6137781651668,91.32372467386894,92.75000000000001,训练集
包头,9,92.5,92.80008242369571,91.48251069743664,91.77325237828317,91.45955292735923,92.75000000000001,训练集
包头,10,92.8,92.28833273823142,91.56727833186831,91.87957234495893,91.5461428294221,92.75000000000001,测试集
包头,11,92.6,92.1432595123632,91.63631642397019,92.0045291298629,91.63730740733168,92.75000000000001,测试集
包头,12,92.4,92.45020267913618,91.58951537901339,92.10559492343644,91.65687020384665,91.88709677419354,测试集
北京,1,96.2,94.92794450930413,96.5887513119383,96.16813842668016,96.55111661202264,93.80869565217392,训练集
北京,2,97.1,94.28185574241827,96.71122398499203,96.29106309357819,96.67465107374449,92.95200000000001,训练集
北京,3,97.9,95.12889860140186,96.95613689201691,96.56844504411892,96.93913496434135,93.80869565217392,训练集
北京,4,99.0,93.90829756496917,97.22101720663409,96.70007259460753,97.10542612061498,92.75000000000001,训练集
北京,5,99.3,94.78809738732733,97.80197441422229,97.1541712355949,97.63911552001602,94.5596153846154,训练集
北京,6,98.2,94.5532812598569,98.00341096115396,97.34141727200337,97.83217120566091,94.5596153846154,训练集
北京,7,97.1,94.36498553146706,98.258169271442,97.59167665015445,98.1239735589661,93.96346153846154,训练集
北京,8,96.9,94.8409489622974,98.57507205115506,97.87018322441274,98.40959742421023,94.5596153846154,训练集
北京,9,97.3,94.9805101595392,98.88424390643969,98.24462057209337,98.88089757826374,93.96346153846154,训练集
北京,10,95.3,95.53189852623109,99.26847106731668,98.62896026641782,99.32840406657837,94.79411764705881,测试集
北京,11,93.2,95.7623116851444,99.51750113430145,98.83227031686071,99.51118333357275,95.446511627907,测试集
北京,12,91.5,95.436378978774,99.60350292610215,98.91081846024437,99.54054580348101,94.5596153846154,测试集
北海,1,94.7,93.35779797820597,94.16056676932413,93.71713257871218,94.04170752529508,93.80869565217392,训练集
北海,2,94.6,92.22556616607775,93.93276032246924,93.61548373316701,93.84052325036146,91.68275862068967,训练集
北海,3,94.7,92.30209617393743,93.86240423887897,93.69863679875043,93.8523669309547,91.24893617021276,训练集
北海,4,94.6,92.1501412302162,94.08728753278326,93.88044525800642,94.02876092943623,91.88709677419354,训练集
北海,5,94.5,92.11683372487813,94.24787090319745,94.04278424408146,94.16639977559265,91.88709677419354,训练集
北海,6,93.9,91.73694437153952,94.36126186045301,94.16958974294114,94.27555988807448,91.88709677419354,训练集
北海,7,93.7,92.10362083113561,94.5221440698222,94.37362388362216,94.45519471499382,91.88709677419354,训练集
北海,8,94.4,92.65693341708874,95.07494643249277,94.77529236840701,94.93650132289243,92.75000000000001,训练集
北海,9,94.6,92.99855776649753,95.450757870574,95.07040364288758,95.25906974779555,92.75000000000001,训练集
北海,10,94.3,92.68088045527793,95.6768265780908,95.26308725644854,95.4687871206038,92.75000000000001,测试集
北海,11,94.2,93.19758763933402,95.82847975269301,95.45338146986595,95.61328798053029,92.75000000000001,测试集
北海,12,93.8,92.32659774216125,95.71258634927187,95.42979392109481,95.51675889651258,91.88709677419354,测试集
南京,1,94.4,92.31557368490839,92.88507231364598,92.8785759768633,92.5743597464452,93.8086956521739,训练集
南京,2,94.9,93.13645936170651,93.58817647737143,93.4551124381391,93.30687632857573,93.96346153846154,训练集
南京,3,95.1,94.38871228951565,94.2163655958629,94.07907359993821,94.08501007680142,94.79411764705881,训练集
南京,4,95.7,94.95827104854183,94.58812404264398,94.42918783481511,94.47481238770423,95.446511627907,训练集
南京,5,95.4,95.04443012885,94.85534112921677,94.79746351510514,94.9325952946694,95.446511627907,训练集
南京,6,94.5,96.22869436868525,95.30245383882176,95.20432085961946,95.37030210959074,95.446511627907,训练集
南京,7,93.9,95.81494297997392,95.3903805668982,95.362487044968,95.53535580681827,95.446511627907,训练集
南京,8,93.8,95.48075487845277,95.46184865716258,95.32689971817436,95.38436337382656,95.446511627907,训练集
南京,9,94.1,94.97644144087612,95.51223737837093,95.32194898763149,95.29240896565555,95.446511627907,训练集
南京,10,93.6,94.92744229249965,95.68980906264484,95.48142320074787,95.42823721914584,95.446511627907,测试集
南京,11,92.7,93.68922140569614,95.62452600158646,95.49361785661513,95.42044834894334,94.79411764705881,测试集
南京,12,91.6,93.33245994328357,95.70026521099246,95.51201743121483,95.35287474385744,93.96346153846154,测试集
南充,1,93.1,94.74713335396098,94.00058257182683,93.84496427632656,93.93004835464835,94.5596153846154,训练集
南充,2,93.2,94.38293564366077,94.12870401525298,93.9746345481449,94.04101905979631,93.96346153846154,训练集
南充,3,93.4,94.534890587382,94.29869808735725,94.16362073379447,94.21474536346005,93.96346153846154,训练集
南充,4,93.5,94.253554060831,94.44191323858195,94.28785342846034,94.30905438144465,93.96346153846154,训练集
南充,5,94.6,94.91477994072062,94.73889844877158,94.59300720229315,94.63076570419611,94.5596153846154,训练集
南充,6,95.3,94.5750837986442,94.97897637719063,94.78525869438083,94.83058701524827,94.5596153846154,训练集
南充,7,96.2,95.15344849478467,95.2550612270348,95.09585004536613,95.16896002516309,94.5596153846154,训练集
南充,8,96.6,94.55443465701404,95.37508843962809,95.22736903114016,95.29792626488332,94.5596153846154,训练集
南充,9,96.9,94.71960249447778,95.58207759435061,95.4563102221546,95.53297793129113,95.446511627907,训练集
南充,10,96.9,94.90046197497995,95.80324471105736,95.68811618612771,95.76984019036507,95.446511627907,测试集
南充,11,96.3,94.07902575621833,95.81659625601941,95.63603272382637,95.61922811426778,94.5596153846154,测试集
南充,12,95.7,93.74483765469722,95.7828322115558,95.60044539703274,95.46823568127607,94.5596153846154,测试集
南宁,1,90.8,91.33503219927296,90.20692512046182,90.78173720749321,90.26029595289882,91.24893617021276,训练集
南宁,2,91.1,91.73638984150487,90.81189855685219,91.17981682908128,90.7429364082063,91.24893617021276,训练集
南宁,3,91.1,92.070577943026,91.39088723166422,91.58619880078048,91.24404914334329,91.68275862068967,训练集
南宁,4,92.1,92.8361332955581,91.95476869525973,92.04000547300299,91.79077904457544,93.8086956521739,训练集
南宁,5,92.6,93.72115523373645,92.64785037051226,92.69974883944049,92.65765300661636,93.96346153846154,训练集
南宁,6,92.7,94.27254360042839,93.03553362555661,93.08408853376494,93.10515949493099,94.79411764705881,训练集
南宁,7,93.1,94.61168920054126,93.34082406738622,93.41629004065172,93.48724268991207,94.79411764705881,训练集
南宁,8,93.6,95.16004428790261,93.66476651731976,93.892138990249,94.08757883796656,94.79411764705881,训练集
南宁,9,94.1,96.31925641755055,94.14654581498174,94.39007346856287,94.66821925087169,96.96363636363637,训练集
南宁,10,94.5,96.94221729351035,94.44831369868976,94.74634937083037,95.07153880886283,96.96363636363637,测试集
南宁,11,94.2,96.27273601846997,94.51269725077721,94.69785477172583,94.91959288535665,95.446511627907,测试集
南宁,12,93.8,95.1091209202649,94.4434542270448,94.59047638026331,94.71478742509079,95.446511627907,测试集
南昌,1,89.2,92.41963854032244,90.5110327033008,90.89599569692638,90.66021573285558,91.68275862068967,训练集
南昌,2,89.5,92.36512736331953,90.83669404244979,91.18406939772179,91.0083884161637,92.95200000000001,训练集
南昌,3,89.8,93.58214457845818,91.37648340514343,91.66840410148046,91.57683142566316,93.8086956521739,训练集
南昌,4,90.5,93.37926626709924,91.58301639058747,91.80696066093965,91.68019340697839,92.93,训练集
南昌,5,91.6,93.54746738389355,91.72069243356933,91.94439259668127,91.76241541364634,92.75000000000001,训练集
南昌,6,92.3,93.05388809076352,91.76303874048726,92.01648710390947,91.79130113829737,92.75000000000001,训练集
南昌,7,93.5,93.37101087194849,91.95978671766255,92.24901715812071,92.0250189572963,92.75000000000001,训练集
南昌,8,93.5,92.5886588043798,92.11647655444037,92.37121773478061,92.15169785909316,92.93,训练集
南昌,9,94.7,94.20125701589552,92.73277901235369,92.91700903509107,92.78785149984955,94.5596153846154,训练集
南昌,10,93.8,92.94101729823527,92.75656905616798,92.92877156948506,92.77016656789095,94.5596153846154,测试集
南昌,11,93.5,93.02828145054158,92.88083957935504,93.08896987283957,92.90285038130622,94.5596153846154,测试集
南昌,12,93.4,93.37926626709924,93.05925990704048,93.29013924056191,93.08067461555943,92.93,测试集
厦门,1,89.3,91.10132114380069,90.09632128450765,90.85593968062236,90.38834748125187,90.35833333333333,训练集
厦门,2,90.0,91.13848107573239,90.68105992203856,91.19829225157598,90.8068984906347,91.24893617021276,训练集
厦门,3,90.3,91.79034648847312,91.25577071610051,91.59738793216701,91.27335400403605,91.24893617021276,训练集
厦门,4,91.3,92.21565116889421,92.05411999127922,92.11246779689105,91.93815995490966,92.75000000000001,训练集
厦门,5,92.8,93.15958725263259,92.69962993740387,92.6497733430401,92.60620673422109,93.96346153846154,训练集
厦门,6,93.2,94.6887737384356,93.47412319859099,93.35466057457192,93.49080626602881,94.5596153846154,训练集
厦门,7,94.2,95.15730092137828,93.83282432977285,93.74443784604885,93.9549744415068,95.446511627907,训练集
厦门,8,95.4,95.11655716815258,94.06000665193116,94.01804752934252,94.27115759789709,95.446511627907,训练集
厦门,9,96.0,95.40670361988899,94.34614396836974,94.32432592689291,94.61400889529583,95.446511627907,训练集
厦门,10,94.9,94.80383735552473,94.36759373448942,94.32194800054384,94.53690558162207,95.446511627907,测试集
厦门,11,93.6,94.15445069207988,94.35556853409399,94.25655673245215,94.36105560028801,95.446511627907,测试集
厦门,12,92.4,93.95212292268442,94.37983346131287,94.24145493784243,94.23263337771527,94.5596153846154,测试集
合肥,1,91.6,92.19418288000091,90.814726824871,91.16572378390416,90.7783700252803,91.68275862068967,训练集
合肥,2,91.8,92.30291532120052,91.21206854058919,91.48001256280084,91.15273410433964,92.95200000000001,训练集
合肥,3,91.8,92.67784717594736,91.5851413439731,91.79818217365916,91.51272383415896,92.95200000000001,训练集
合肥,4,92.6,93.07672606888339,92.1093200564768,92.23335202765342,92.05487905954442,93.96346153846154,训练集
合肥,5,92.7,93.0026748103196,92.39841298673859,92.48390337456937,92.33364091101848,93.96346153846154,训练集
合肥,6,92.4,93.48441488700483,92.83848391852406,92.91363565141117,92.85913444924057,93.96346153846154,训练集
合肥,7,92.6,94.67885874125204,93.3271338523476,93.45195725656319,93.51099628664585,94.79411764705881,训练集
合肥,8,92.8,94.51698880034726,93.55183477944317,93.78212664544402,93.92544936543919,94.79411764705881,训练集
合肥,9,93.5,95.698219760852,93.96287769703154,94.28049324523118,94.51598584010041,94.79411764705881,训练集
合肥,10,93.5,95.65747600762627,94.16772463151368,94.55410292852486,94.8321689964907,96.96363636363637,测试集
合肥,11,93.0,95.74363508793444,94.40568473207395,94.92237860881488,95.28995190345584,96.96363636363637,测试集
合肥,12,92.7,96.38476635622854,94.72210867247436,95.24442905163484,95.63556728403518,96.96363636363637,测试集
吉林,1,94.1,92.41963854032244,93.92384188055878,93.68967382124573,93.85143523791727,91.68275862068967,训练集
吉林,2,94.2,92.95148283738229,94.14471826940994,93.9372518304884,94.0910615801718,93.80869565217392,训练集
吉林,3,94.4,92.21483202163111,93.98538478952632,93.89705958149501,93.9575879364951,91.24893617021276,训练集
吉林,4,94.8,92.78135750132677,94.59867122547784,94.33868307164474,94.50021990713778,92.75000000000001,训练集
吉林,5,95.6,93.34292548243064,95.24337543757356,94.85448702660689,95.16188141793637,93.96346153846154,训练集
吉林,6,95.4,93.36605337335672,95.29924944852348,94.9314784247997,95.16020785144126,93.8086956521739,训练集
吉林,7,95.6,93.2906284374952,95.31381377131086,95.01104262718633,95.1733853794434,93.80869565217392,训练集
吉林,8,95.1,93.0924177119218,95.79607932081845,95.40966293496226,95.70324681306039,93.96346153846154,训练集
吉林,9,95.3,94.13160872588884,96.19486585679563,95.75607974192778,96.05705805481868,94.5596153846154,训练集
吉林,10,95.3,93.53259488811821,96.33381327682235,95.88759872770181,96.1860242945389,94.5596153846154,测试集
吉林,11,95.2,93.89679259841841,96.57475271250946,96.12872310078905,96.4251738915362,94.5596153846154,测试集
吉林,12,95.1,93.74180437536667,96.81429335953356,96.40204081531786,96.7543975497576,93.96346153846154,测试集
呼和浩特,1,88.6,92.5696692647824,89.58426493501975,90.00781837268593,89.68452682098177,91.68275862068967,训练集
呼和浩特,2,88.8,92.72410295779953,89.66039932263467,90.1597143259293,89.79873835456756,91.68275862068967,训练集
呼和浩特,3,89.0,92.64372052334622,89.77877515055216,90.31345899312835,89.9309454227256,91.24893617021276,训练集
呼和浩特,4,89.5,92.14518373162443,89.95180708881257,90.45973396516897,90.07886068753255,92.75000000000001,训练集
呼和浩特,5,90.1,92.22556616607775,90.20109686081041,90.67678394287549,90.29677392151977,92.75000000000001,训练集
呼和浩特,6,90.9,92.5176368370754,90.59536574437047,91.00039113088627,90.67342533850247,92.75000000000001,训练集
呼和浩特,7,91.3,92.41963854032244,90.7159048033257,91.13394223466626,90.77002169441043,92.75000000000001,训练集
呼和浩特,8,91.9,92.70097506687347,90.96059339414563,91.38050418490596,91.02583297857109,93.80869565217392,训练集
呼和浩特,9,92.6,92.84604829274167,91.25179270032346,91.62634204490755,91.28478870280676,92.75000000000001,训练集
呼和浩特,10,93.2,92.91899447930732,91.66264414431973,91.9546627198327,91.68124624702786,92.93,测试集
呼和浩特,11,93.7,93.19344928800533,92.01473423007275,92.25807634442441,92.02228695176046,93.96346153846154,测试集
呼和浩特,12,94.1,93.71841186721215,92.3569132152618,92.56250602801911,92.34714271458694,94.5596153846154,测试集
哈尔滨,1,91.9,91.7030823361668,91.34063070711974,91.66075148744302,91.50840475626427,91.24893617021276,训练集
哈尔滨,2,91.9,91.99019550857268,91.88194001125285,92.05853914026623,92.00408571340287,91.68275862068967,训练集
哈尔滨,3,92.3,92.83035664970325,92.26906889321758,92.39277276515897,92.35379902457169,93.80869565217392,训练集
哈尔滨,4,92.3,92.91073908415655,92.51315257217155,92.60982274286549,92.57171225855889,92.75000000000001,训练集
哈尔滨,5,92.5,92.67344420739025,92.78419587917222,92.83415901168017,92.82428271428174,92.93,训练集
哈尔滨,6,93.4,93.53947660597123,93.31610511299081,93.30272167016928,93.38996164060062,93.96346153846154,训练集
哈尔滨,7,93.7,93.71345436862038,93.65068805288666,93.59137930849441,93.71205332024651,94.5596153846154,训练集
哈尔滨,8,93.7,94.07765207892058,93.89162748857377,93.83250368158163,93.95120291724382,94.5596153846154,训练集
哈尔滨,9,94.2,94.43193479203725,94.25259128260942,94.2219889842937,94.42841159455293,93.96346153846154,训练集
哈尔滨,10,94.4,94.6059125546864,94.55414604709784,94.51064662261882,94.7505032741988,94.5596153846154,测试集
哈尔滨,11,94.6,94.55691340630992,94.72895732727947,94.6701208357352,94.88633152768911,94.5596153846154,测试集
哈尔滨,12,94.5,94.6887737384356,94.94211108965999,94.87600369037192,95.08396188918071,94.5596153846154,测试集
唐山,1,88.5,90.87779369081156,88.49619759166895,89.18153920726785,88.73833487290638,90.35833333333333,训练集
唐山,2,88.6,91.32485258486096,88.72105376198839,89.4172260032026,88.96082278274031,90.35833333333333,训练集
唐山,3,88.7,91.1258227120245,88.90777463025938,89.59044014358261,89.13178500322346,90.35833333333333,训练集
唐山,4,88.8,91.33558672930761,89.28309861461122,89.86506588587926,89.4317832177076,90.35833333333333,训练集
唐山,5,89.5,91.54535074659071,89.65443482810008,90.13969162817591,89.73178143219175,91.88709677419354,训练集
唐山,6,89.8,91.62821193033992,89.82544931827327,90.31965137347622,89.89017989610102,91.88709677419354,训练集
唐山,7,90.6,91.85311306062678,90.28482917152233,90.65156091159815,90.2853035929132,91.88709677419354,训练集
唐山,8,91.0,92.4270747882101,90.69877097638745,90.98191370452925,90.64939125332201,91.88709677419354,训练集
唐山,9,91.4,92.32164024356948,91.02839110718371,91.22673550552786,90.92453191946383,92.75000000000001,训练集
唐山,10,91.7,92.58536090782084,91.27016819238814,91.4531038923485,91.14473249137441,92.75000000000001,测试集
唐山,11,92.0,92.75052874528457,91.50244662506948,91.68204508336294,91.37978415778223,92.75000000000001,测试集
唐山,12,91.7,92.45597932499106,91.53988752461332,91.76632277266393,91.41276781302274,92.75000000000001,测试集
大理,1,92.3,92.43147775676724,92.88103399733373,92.81826752231657,92.85571689572386,91.24893617021276,训练集
大理,2,92.7,92.1834487355543,93.02304827741317,92.96555855336017,92.98744721862467,91.24893617021276,训练集
大理,3,92.5,91.75951773243094,92.93833112230826,92.99226047807102,92.93834589336825,91.24893617021276,训练集
大理,4,93.1,92.20657662648033,93.16682246196412,93.22794727400577,93.16083380320218,91.88709677419354,训练集
大理,5,94.2,92.38247860839076,93.58112347967528,93.5339337027913,93.51672560243203,91.88709677419354,训练集
大理,6,94.4,92.7549317138417,94.05728596195519,93.88919354605582,93.93623010232932,93.80869565217392,训练集
大理,7,94.8,92.71418796061599,94.42088311274385,94.1628032293495,94.2524132587196,92.75000000000001,训练集
大理,8,95.1,93.60472192742075,95.12851798040266,94.69394710810795,94.90694279094268,94.5596153846154,训练集
大理,9,95.4,93.87284556022928,95.30295360619868,94.90055405298278,95.10142871235927,94.5596153846154,训练集
大理,10,95.2,93.22483257408214,95.42643937721486,95.00614992942042,95.19116305449715,94.5596153846154,测试集
大理,11,95.0,93.59150903367824,95.62114205135067,95.21018407010143,95.3707978814165,92.93,测试集
大理,12,94.6,92.94789901608826,95.67728636295843,95.29601850459325,95.43481757306039,92.93,测试集
大连,1,90.9,92.09563005321328,91.0026888796701,91.38351173064454,91.13527220224982,92.95200000000001,训练集
大连,2,90.7,91.90045260697046,91.45675850249683,91.69062278314765,91.51230397612694,91.68275862068967,训练集
大连,3,91.1,93.17445974840791,91.82462580583328,92.03519087615747,91.84811968331297,91.68275862068967,训练集
大连,4,92.3,92.68362382180224,92.17855501329967,92.35002034124201,92.26970474068183,93.96346153846154,训练集
大连,5,92.7,93.58655153508647,92.61452315951658,92.69571305796941,92.62666042251513,94.5596153846154,训练集
大连,6,93.0,93.95652589124154,93.01297375610177,93.08806313364015,93.10567969249037,93.96346153846154,训练集
大连,7,93.8,94.13242787315193,93.29217142878956,93.39404956242568,93.46157149172022,93.96346153846154,训练集
大连,8,93.9,94.23098069993955,93.50849316965798,93.57687408068465,93.62178054829562,94.5596153846154,训练集
大连,9,94.3,94.50543550863756,93.8092102846291,93.88028770527637,93.96282125302822,94.5596153846154,训练集
大连,10,94.8,94.66564584750952,94.04945898596685,94.18340936110323,94.31690245959194,94.79411764705881,测试集
大连,11,95.0,95.39981791396482,94.40406314916304,94.63148648740841,94.86001117549186,94.79411764705881,测试集
大连,12,94.6,95.08269513277986,94.576376051101,94.76975107810276,94.97641365863821,95.446511627907,测试集
天津,1,94.3,94.70583507070062,95.18046349241783,94.88309516972771,95.15413051959929,94.79411764705881,训练集
天津,2,94.5,94.46331807811407,95.29590817147545,94.90178671309226,95.07351641268228,94.5596153846154,训练集
天津,3,95.2,94.52497559019845,95.51288769438096,95.20748117311295,95.44244871374325,94.79411764705881,训练集
天津,4,96.3,94.35485025414289,95.70765021031814,95.42351509181648,95.6765468896366,94.79411764705881,训练集
天津,5,96.7,95.01222769551009,96.0725299672233,95.6940112847285,95.93065797322014,95.446511627907,训练集
天津,6,96.5,94.86219697105011,96.22796051937767,95.8931485344449,96.14085209128562,95.446511627907,训练集
天津,7,96.8,94.81319782267363,96.40603344214209,96.05262274756127,96.27668034477591,95.446511627907,训练集
天津,8,97.0,95.37394665651442,96.6967842036159,96.3430205351275,96.57944264244064,95.446511627907,训练集
天津,9,96.8,95.66161435895494,96.99978229904302,96.6863891650841,96.98180870991733,95.446511627907,训练集
天津,10,96.6,95.71557100592321,97.1699363700801,96.82352913206087,97.07707121841639,95.446511627907,测试集
天津,11,95.7,94.63481709146734,97.0922446140282,96.71071316344587,96.85560407098717,95.446511627907,测试集
天津,12,94.7,94.148674046225,97.10309113248317,96.67153697345545,96.70594548540434,94.5596153846154,测试集
太原,1,95.7,96.13040615912608,94.48529316775526,94.42366254338845,94.50048811588708,96.96363636363637,训练集
太原,2,95.6,96.29117102803271,94.73043082497495,94.6723651763487,94.76125443278889,96.96363636363637,训练集
太原,3,95.1,96.14609780216449,94.8690845330391,94.79732196125268,94.85241901069847,96.96363636363637,训练集
太原,4,94.8,95.96275957236644,95.02660625849322,94.97340087459135,95.02519182384775,96.96363636363637,训练集
太原,5,95.0,96.46129636408821,95.29388680660635,95.19792054745629,95.22739686118607,96.96363636363637,训练集
太原,6,95.0,96.47203050853487,95.49823746072632,95.46036310768017,95.52329714508073,96.96363636363637,训练集
太原,7,95.4,97.48671995427807,95.81894943913424,95.74419869437634,95.78825778093481,96.96363636363637,训练集
太原,8,95.7,97.15390553005469,95.9765318549016,95.87959851211201,95.90284967141503,96.96363636363637,训练集
太原,9,95.4,96.28291563288195,96.0009796543632,95.85601096334089,95.80632058739732,96.96363636363637,训练集
太原,10,95.9,96.52268925894415,96.20760073326412,95.96537910702557,95.84435566374178,95.446511627907,测试集
太原,11,95.4,95.88459126998058,96.2962462476105,95.92261405383834,95.69603092556785,95.446511627907,测试集
太原,12,95.2,95.56058278287142,96.3590840956208,96.01849098768241,95.75919351506008,95.446511627907,测试集
宁波,1,91.6,91.24336109033835,91.11561218827362,91.61904675359057,91.21261060852609,91.24893617021276,训练集
宁波,2,92.0,91.21390601159392,91.62502779581257,91.91528265178871,91.55631900807649,91.24893617021276,训练集
宁波,3,92.6,92.3097970390535,92.36063979818972,92.45617706113455,92.22303193997902,92.95200000000001,训练集
宁波,4,93.0,93.05911020658374,93.22352324097407,93.0607773144673,92.99973545243303,93.96346153846154,训练集
宁波,5,93.6,93.50258527933912,93.75010767103686,93.54163171974378,93.6068372258948,93.96346153846154,训练集
宁波,6,94.4,94.78511243315576,94.29726253499018,94.28016047319345,94.57522193877658,94.79411764705881,训练集
宁波,7,94.2,95.6233493550251,94.69772437000199,94.59706530762578,94.89113513036142,95.446511627907,训练集
宁波,8,94.9,95.37284158451627,94.84526265129753,94.78144657107559,95.0823802233402,95.446511627907,训练集
宁波,9,94.7,95.58756310039115,95.08483974941804,94.98189184855983,95.26334889766844,95.446511627907,训练集
宁波,10,94.0,95.76098633300566,95.31108754292705,95.32496850975157,95.67875546697624,95.446511627907,测试集
宁波,11,93.7,95.80365430549261,95.42942750076998,95.43948226182387,95.74649273231518,94.79411764705881,测试集
宁波,12,93.6,95.13169428115634,95.48752148848835,95.42807789512553,95.65406157888695,94.79411764705881,测试集
安庆,1,91.0,91.58691364707954,90.60016666932697,91.02209797219281,90.7964348059937,91.24893617021276,训练集
安庆,2,91.1,92.02901504253717,90.98147148831103,91.33196523293998,91.13795225598354,91.68275862068967,训练集
安庆,3,91.2,92.4711164379948,91.35644527687494,91.64183249368715,91.47946970597339,91.68275862068967,训练集
安庆,4,91.4,92.75878414043535,91.81757782133516,91.98520112364375,91.88183577345008,92.75000000000001,训练集
安庆,5,91.9,92.77447578347378,92.0168387470624,92.1734632190552,92.05870651718882,92.75000000000001,训练集
安庆,6,92.3,92.80778328881183,92.21518480560995,92.38191887788572,92.27118797317767,92.75000000000001,训练集
安庆,7,92.8,93.18023639426278,92.62826333938935,92.73717872115024,92.69069247307496,92.93,训练集
安庆,8,93.0,93.28456586690527,93.01973463892408,93.07122894199271,93.09077120262829,93.96346153846154,训练集
安庆,9,93.3,94.093343721959,93.36431721316151,93.39973302096813,93.43686332846485,94.5596153846154,训练集
安庆,10,93.1,93.88110095537999,93.4729901874744,93.53299215598325,93.54650018620391,94.5596153846154,测试集
安庆,11,93.3,93.73107023092004,93.64981903697601,93.73212940569965,93.7566943042694,93.96346153846154,测试集
安庆,12,93.4,93.95652589124154,93.95482816473148,94.00961992095498,94.05850311141968,93.96346153846154,测试集
宜昌,1,92.7,92.82787790040737,92.41534512420166,92.43895743597997,92.10793667015955,92.95200000000001,训练集
宜昌,2,92.8,92.8361332955581,92.77669655535308,92.73849022861005,92.46335172413217,93.8086956521739,训练集
宜昌,3,93.0,93.2061076517132,93.20508725368282,93.13084030428078,92.9423709941074,93.96346153846154,训练集
宜昌,4,93.3,94.23538366849667,93.72946613908239,93.62561804087115,93.53424131617751,93.96346153846154,训练集
宜昌,5,94.1,94.45836057952229,94.04322608257566,93.94019878853267,93.89556489340573,93.96346153846154,训练集
宜昌,6,94.4,94.09168411992623,94.18988568761311,94.10695929275722,94.06605036863165,94.79411764705881,训练集
宜昌,7,94.6,94.46413722537716,94.48845899759833,94.46221913602176,94.48555486852895,94.79411764705881,训练集
宜昌,8,94.9,95.15756553860672,94.85932871372893,94.99850862316782,95.1697865897465,94.79411764705881,训练集
宜昌,9,95.2,96.37265853448415,95.29250544615924,95.4655145364661,95.70442947966201,96.96363636363637,训练集
宜昌,10,96.1,96.46625386267999,95.52351972884314,95.72251951953749,95.9836680763933,96.96363636363637,测试集
宜昌,11,95.9,96.02663121651824,95.61777458372343,95.74635667128967,95.93275615847078,95.446511627907,测试集
宜昌,12,95.4,95.88981338580079,95.77763384796512,95.98544892637095,96.20427563928034,96.96363636363637,测试集
岳阳,1,93.9,92.23492663322665,93.17580963907062,93.10888197944436,93.18761232074195,91.24893617021276,训练集
岳阳,2,94.1,92.61481598656528,93.43147956092832,93.35287112549025,93.42857251040537,91.24893617021276,训练集
岳阳,3,93.9,92.00011050575623,93.59332536357718,93.48152533830562,93.55572815745946,91.24893617021276,训练集
岳阳,4,94.2,92.52755183425896,93.89234909442939,93.7488647894941,93.82106915020799,91.88709677419354,训练集
岳阳,5,94.1,92.09618458324798,94.04327134050017,93.88683741142358,93.95051213518545,92.75000000000001,训练集
岳阳,6,94.3,92.5382859787056,94.42039250143556,94.19670467217075,94.29202958517529,92.75000000000001,训练集
岳阳,7,94.3,92.77887875203086,94.84186759258692,94.53147898325136,94.6889638746536,92.75000000000001,训练集
岳阳,8,94.7,93.31457547568436,95.32238957465202,94.91295390461714,95.13465977030211,92.93,训练集
岳阳,9,94.9,93.87284556022928,95.67911533281503,95.24044192458958,95.4969368380448,94.5596153846154,训练集
岳阳,10,95.0,93.35917165550372,95.78498766510381,95.3294331008049,95.5497266205237,92.93,测试集
岳阳,11,94.7,93.1494076382206,95.83666308557166,95.42560200341383,95.59984870818481,92.93,测试集
岳阳,12,94.6,93.1959280373012,96.09596424905196,95.67401266760922,95.87365552691773,92.93,测试集
常德,1,90.6,90.81558164869253,90.06560556052015,90.71804700949386,90.4162424625576,90.35833333333333,训练集
常德,2,91.1,91.14095982502828,90.54651855676873,91.0647125338824,90.83031518445652,90.35833333333333,训练集
常德,3,91.5,91.56792410748216,90.84637993713825,91.31729599880428,91.07670715211832,90.35833333333333,训练集
常德,4,92.1,91.5761795026329,91.29922958349326,91.61682879143436,91.43212220609094,91.88709677419354,训练集
常德,5,92.5,92.36568189335418,92.17379401327841,92.18763570679283,92.16101760288922,92.75000000000001,训练集
常德,6,92.4,92.33237438801612,92.3421964335409,92.34997469286787,92.29865644904562,92.75000000000001,训练集
常德,7,92.4,92.7463903939559,92.94354683664213,92.84242834268744,92.93593715675912,93.96346153846154,训练集
常德,8,91.8,93.1865675701523,93.29976742723446,93.13496681297421,93.24365448716499,94.5596153846154,训练集
常德,9,92.8,93.99286667591015,93.68296165137903,93.50056112435583,93.6492613830795,94.5596153846154,训练集
常德,10,92.4,94.0217712126911,93.9311506799805,93.72877822513215,93.88745748956234,94.5596153846154,测试集
常德,11,92.2,94.50213761207858,94.1859829523209,93.98752335744464,94.14736670431249,94.5596153846154,测试集
常德,12,92.0,93.73410351025056,94.1020686053976,93.9416015625339,94.01027187530354,94.5596153846154,测试集
平顶山,1,94.2,95.20326679042425,94.33584675951171,94.1846638577944,94.24736549917225,94.79411764705881,训练集
平顶山,2,95.0,95.28364922487756,94.55330821242653,94.40171383550091,94.46527873315947,94.79411764705881,训练集
平顶山,3,95.2,95.16995928508618,94.71579948334517,94.53240016632223,94.5600644964013,94.79411764705881,训练集
平顶山,4,94.9,94.6739012426603,94.81529760394743,94.64158490595665,94.6484649911303,94.79411764705881,训练集
平顶山,5,95.2,95.54736988912893,95.16414617674421,94.99887686722712,95.0355996072153,95.446511627907,训练集
平顶山,6,95.3,95.57627442590984,95.38489051555028,95.22709396800344,95.27379571369814,95.446511627907,训练集
平顶山,7,95.4,95.60958193124793,95.55717683355118,95.43554962683396,95.48627716968699,94.79411764705881,训练集
平顶山,8,95.7,95.3100750123626,95.70222875023185,95.59400778094736,95.6382903650834,94.79411764705881,训练集
平顶山,9,95.3,95.38109697966703,95.97130566468608,95.90499966541212,96.00094778972053,95.446511627907,训练集
平顶山,10,94.7,95.106642170969,96.07742808491035,95.97238068572595,96.01002738713318,94.79411764705881,测试集
平顶山,11,94.4,95.32576665540103,96.27055055507236,96.15306452126438,96.16528141096742,94.79411764705881,测试集
平顶山,12,93.8,95.23272585723984,96.43549538403722,96.21243516023195,96.14284822671948,95.446511627907,测试集
广州,1,90.0,92.3053457453374,90.5449518235891,91.41408139700164,91.03349032371884,90.35833333333333,训练集
广州,2,90.6,92.84104246899088,91.13613420832681,91.79555631836743,91.47918621936736,90.35833333333333,训练集
广州,3,91.3,93.21349557444185,91.65903119207016,92.15081616163195,91.89869071926464,91.24893617021276,训练集
广州,4,92.6,94.15991040747613,92.39644225659602,92.6510314753748,92.50722272849812,91.88709677419354,训练集
广州,5,93.4,94.34517684460657,92.895169706708,92.96231532860439,92.85683965130411,92.75000000000001,训练集
广州,6,94.1,94.5186000772211,93.33207311247453,93.30539198979614,93.27224622061192,92.75000000000001,训练集
广州,7,94.0,94.22982730278241,93.62626449249841,93.54089538168061,93.54509954883038,92.93,训练集
广州,8,93.8,94.40820803398867,93.91185076836034,93.80979157805994,93.84147657798228,93.96346153846154,训练集
广州,9,94.0,95.18119963440846,94.29808243937137,94.15232755306383,94.20966216898057,94.5596153846154,训练集
广州,10,93.6,95.26406081815766,94.48969442196685,94.33228729836412,94.36806063288984,94.5596153846154,测试集
广州,11,92.8,94.45528296310391,94.50963354554204,94.37457786429428,94.37208880919854,94.5596153846154,测试集
广州,12,92.2,94.49602671632964,94.55369411163765,94.47176282590618,94.40602595495353,92.93,测试集
徐州,1,92.7,92.22804491537366,91.63158619851914,91.84061029673137,91.70294354567329,91.68275862068967,训练集
徐州,2,92.6,91.99570753719911,91.78833096476919,91.99076610073362,91.83648446124023,91.68275862068967,训练集
徐州,3,92.8,92.41963854032244,92.21853267949464,92.33485882092835,92.23570608864189,91.68275862068967,训练集
徐州,4,92.7,91.90596463559689,92.31437353846619,92.42384999714368,92.2884958711208,92.75000000000001,训练集
徐州,5,93.4,92.6627100629436,92.75672717024196,92.81794022205551,92.74818575911489,92.75000000000001,训练集
徐州,6,92.8,92.71859491724423,93.1316816274629,93.07164831069497,93.01571770142397,92.75000000000001,训练集
徐州,7,92.3,92.40036307598999,93.36750127643086,93.31875094712254,93.31874996389413,93.96346153846154,训练集
徐州,8,92.6,93.37430876850749,93.75205764840726,93.69079889465961,93.72483360506588,93.96346153846154,训练集
徐州,9,92.8,93.10040848984413,93.73920889620257,93.70376089210684,93.6405983128166,92.93,训练集
徐州,10,92.1,93.1606963127019,94.03513050473332,93.9377075388005,93.8824156046317,92.93,测试集
徐州,11,91.0,93.00241019309117,94.05351379002985,94.02270931833961,93.9122548197972,92.75000000000001,测试集
徐州,12,90.0,92.22941859267138,94.0223298728664,94.05096798824128,93.89418953094416,92.75000000000001,测试集
惠州,1,89.5,91.37219213120466,89.23931981098063,89.90169255912488,89.41713599859905,91.24893617021276,训练集
惠州,2,89.8,91.95111135737974,89.50013529901791,90.15786488724356,89.66219411885196,91.24893617021276,训练集
惠州,3,89.4,91.79419891506674,89.8679636726291,90.41385381131198,89.9576176574894,91.68275862068967,训练集
惠州,4,89.6,91.88035799537492,90.37758702776787,90.78212949160199,90.41540056445456,92.75000000000001,训练集
惠州,5,90.2,93.18271514355868,90.86888590145323,91.22393638580199,90.9076671167127,92.93,训练集
惠州,6,90.9,93.19097053870942,91.20688459589532,91.52346917843207,91.26308217068532,93.96346153846154,训练集
惠州,7,91.5,93.63307193416705,91.53591190333117,91.83333643917923,91.60459962067516,93.96346153846154,训练集
惠州,8,92.8,94.46635135744464,92.0047875118534,92.224421738424,92.03954235241592,94.5596153846154,训练集
惠州,9,93.0,93.76823016285174,92.09852427706613,92.41293255125845,92.27667457629529,93.96346153846154,训练集
惠州,10,93.2,95.25448007086817,92.570780624315,92.80963883170594,92.67791357681489,94.5596153846154,测试集
惠州,11,93.3,95.10940684499995,92.68605335793724,92.93459561660993,92.76907815472447,94.5596153846154,测试集
惠州,12,93.2,93.97717503287174,92.56304488918197,92.83294677106474,92.56789387979086,94.5596153846154,测试集
成都,1,95.1,93.45358214289148,96.76740942546074,96.00937056909905,96.3214439682128,93.96346153846154,训练集
成都,2,96.2,94.2397866370538,97.18360264666578,96.39186154946782,96.75095492195518,93.96346153846154,训练集
成都,3,97.0,94.24804203220454,97.45297701292897,96.6913943420979,97.1063699759278,93.96346153846154,训练集
成都,4,97.8,94.96459823636017,97.85044932613029,97.119277904984,97.61386797957762,94.79411764705881,训练集
成都,5,98.7,95.33264837325403,98.18352587807601,97.49429919019433,98.0590871299689,94.79411764705881,训练集
成都,6,99.5,96.0805878634865,98.57171865752645,97.92791229899777,98.57020631895098,95.446511627907,训练集
成都,7,99.7,96.2074906970204,98.79004691588382,98.2079756184469,98.88686622059848,96.96363636363637,训练集
成都,8,99.6,96.44120175249267,99.07020764181182,98.5996016038795,99.36902993064875,96.96363636363637,训练集
成都,9,99.7,97.27888414432736,99.43006249551074,98.97092546117847,99.7782580118955,96.96363636363637,训练集
成都,10,98.5,97.18584334616618,99.60840763499645,99.03029610014602,99.75582482764756,96.96363636363637,测试集
成都,11,96.9,95.8978041637231,99.50720318331227,98.79116147928096,99.34990484672886,95.446511627907,测试集
成都,12,95.5,94.82448649715494,99.4255073628949,98.56707481344733,98.94989338906576,95.446511627907,测试集
扬州,1,91.2,91.53351153014592,90.73402151382491,90.96998414766702,90.85071880631571,91.24893617021276,训练集
扬州,2,90.9,91.28988547749009,90.79297440999026,91.09751373676481,90.95673447872252,91.24893617021276,训练集
扬州,3,91.5,93.14418153432925,91.28285161991363,91.58460464876757,91.48966316433471,91.24893617021276,训练集
扬州,4,91.7,91.96184550182639,91.46076362733983,91.6651100708215,91.57434608536865,92.75000000000001,训练集
扬州,5,91.3,93.09463184398928,92.00613487623636,92.08313453840563,92.03233577278561,92.75000000000001,训练集
扬州,6,91.3,92.4711164379948,91.99886233201364,92.15207230391032,92.07245140660163,92.75000000000001,训练集
扬州,7,91.5,93.05251441346577,92.19247503281294,92.37115439962278,92.25799475677658,92.75000000000001,训练集
扬州,8,92.8,93.10151356184227,92.41230383246956,92.58247483141196,92.47228680543155,93.80869565217392,训练集
扬州,9,93.0,91.86192298581219,92.31961275539393,92.5229216739522,92.33738292598316,91.88709677419354,训练集
扬州,10,92.4,92.59609505226747,92.90858378518381,92.97099880025738,92.88049164188307,92.75000000000001,测试集
扬州,11,92.0,91.41568323902585,93.04352530051607,93.06883301277172,92.99897468250097,92.75000000000001,测试集
扬州,12,91.7,92.12838701658785,93.32614324616303,93.36281966353474,93.30040313275681,92.75000000000001,测试集
无锡,1,93.0,93.71730280714284,93.6337407008797,93.54366291139915,93.70538689444686,93.96346153846154,训练集
无锡,2,92.7,94.30669156053615,93.72678278582173,93.59705528702638,93.61907104472604,93.8086956521739,训练集
无锡,3,92.9,93.0483760621371,93.73334769464854,93.62614661188077,93.63518623235139,92.93,训练集
无锡,4,94.1,93.68702858113531,94.13565627804218,93.98528728710694,94.04031638300867,94.5596153846154,训练集
无锡,5,94.9,94.64528263061439,94.50090408094988,94.35447046168535,94.44458943151429,94.5596153846154,训练集
无锡,6,95.1,93.27383172245862,94.42753233599046,94.27443177204167,94.28711534164692,94.5596153846154,训练集
无锡,7,95.0,93.20666218174784,94.61894576392828,94.46813144460559,94.48064777254905,93.96346153846154,训练集
无锡,8,95.3,93.61545607186741,94.94419035591073,94.75494036897503,94.78474391762268,94.5596153846154,训练集
无锡,9,95.9,93.82962305770764,95.17890000382332,95.00980466932587,95.05902748161283,94.5596153846154,训练集
无锡,10,95.0,93.51497902581856,95.3140888845413,95.110979027614,95.11591519468122,94.5596153846154,测试集
无锡,11,94.8,94.49388221692782,95.61383977805254,95.40884651033865,95.40296929569705,94.5596153846154,测试集
无锡,12,94.5,92.831730327001,95.38106646352222,95.26234576846397,95.1710189491655,92.93,测试集
昆明,1,93.1,90.57003137677549,90.91587921127449,91.25415037902843,91.01285757069898,90.35833333333333,训练集
昆明,2,92.3,90.52543519695612,90.96332396268632,91.39386315019901,91.12297117369529,90.35833333333333,训练集
昆明,3,92.5,91.41211673716728,91.50383858608372,91.79111011683436,91.57143115252438,90.35833333333333,训练集
昆明,4,91.5,90.96065487456076,91.73870921076151,91.94597940775098,91.7247781953297,90.35833333333333,训练集
昆明,5,92.0,91.90706970759504,92.49937357703696,92.44619472149382,92.33331020456318,91.88709677419354,训练集
昆明,6,92.2,92.05710043205501,92.643731638572,92.61785211668298,92.47323638864295,91.88709677419354,训练集
昆明,7,91.9,91.67913529797761,92.75454825595935,92.76198640600306,92.61619662070875,91.88709677419354,训练集
昆明,8,92.6,92.6651888122395,93.72318281345666,93.38206673584052,93.40870471817445,92.75000000000001,训练集
昆明,9,92.8,93.02002605539082,94.15741274416384,93.71713301568597,93.79259850582166,92.75000000000001,训练集
昆明,10,93.1,93.72832686439571,94.51204772412049,94.0308811083948,94.1197416065715,92.93,测试集
昆明,11,92.9,93.1078447377318,94.40683555911006,94.00830961862665,94.00702758064764,92.75000000000001,测试集
昆明,12,92.6,92.33733188660788,94.30171647781452,93.99947805612213,93.92944752171665,92.75000000000001,测试集
杭州,1,95.5,94.57782716516856,96.28837538843514,95.55226593972066,95.65557494990514,94.79411764705881,训练集
杭州,2,95.9,95.4022966632607,96.63414242967177,95.88363479165473,96.00347766840783,94.79411764705881,训练集
杭州,3,97.3,96.32861289662831,96.90300972745072,96.30150744318243,96.49744442124312,94.79411764705881,训练集
杭州,4,98.1,95.53249739335357,97.08019148759858,96.53741136854636,96.79458216418386,96.96363636363637,训练集
杭州,5,98.7,95.85924924698703,97.36909530042695,97.05506403746419,97.47423920955471,96.96363636363637,训练集
杭州,6,97.6,96.50919044046654,97.75571144785084,97.43683092759484,97.90689460337211,96.96363636363637,训练集
杭州,7,97.3,97.28466079018222,98.09725133818023,97.74227667019251,98.21556542429245,96.96363636363637,训练集
杭州,8,97.9,97.38210455690054,98.2592403906447,98.03393923418471,98.56240426019167,96.96363636363637,训练集
杭州,9,98.7,97.4638606686516,98.61298248973524,98.42197635642054,99.04590181765083,96.96363636363637,训练集
杭州,10,97.6,98.45101925491163,99.01588777056149,98.83397930932249,99.51331082156665,96.96363636363637,测试集
杭州,11,95.9,97.50268020261609,98.95677503226723,98.6872298500248,99.22109899489448,96.96363636363637,测试集
杭州,12,95.7,97.69785764885893,99.07971156564577,98.75091344242728,99.19418752316261,96.96363636363637,测试集
桂林,1,94.3,93.56838114275217,93.9852854141942,93.78640627615987,93.87654928079046,93.96346153846154,训练集
桂林,2,94.2,93.82962305770764,94.26418652061861,94.0498648953867,94.15626462277899,94.5596153846154,训练集
桂林,3,94.8,93.93202432301771,94.42072925148962,94.2673469945665,94.38407391852229,93.96346153846154,训练集
桂林,4,95.7,93.84035720215428,94.71352084162646,94.49770477806337,94.62722505774627,93.96346153846154,训练集
桂林,5,95.3,93.93643127964603,94.95645298083693,94.71761952872855,94.84694888439962,94.5596153846154,训练集
桂林,6,95.4,94.33393649528429,95.19619154537875,94.98180223819351,95.12351978631314,94.5596153846154,训练集
桂林,7,95.1,94.17124740711645,95.32334929030517,95.08656545967843,95.17907365197263,94.5596153846154,训练集
桂林,8,94.8,94.08590747407135,95.52273626501483,95.31449059168989,95.43031026028657,93.96346153846154,训练集
桂林,9,94.6,94.31136313439285,95.81754789052972,95.59198110694521,95.73211906743684,94.5596153846154,训练集
桂林,10,94.4,94.22272530478881,95.86049762224692,95.63159030396696,95.6839712326949,94.5596153846154,测试集
桂林,11,94.1,94.0625149659168,95.94055278846085,95.69926329304566,95.68001032827644,94.5596153846154,测试集
桂林,12,93.6,93.50672363066779,95.91591315750395,95.70547968557258,95.60833879260105,92.93,测试集
武汉,1,90.1,90.63994428401058,90.78422912518256,91.30067464357347,91.0581696438298,91.24893617021276,训练集
武汉,2,91.0,91.70803983475858,91.29488910720067,91.68991122886254,91.4751168409983,91.24893617021276,训练集
武汉,3,91.7,92.34365907442627,91.90284155824749,92.14056115936154,92.03307665139545,92.95200000000001,训练集
武汉,4,92.7,92.90826033486067,92.4991901456764,92.56485585905085,92.54190850245416,92.75000000000001,训练集
武汉,5,93.0,93.38807619228467,93.0616188442013,92.97725934543224,93.03360192109228,94.5596153846154,训练集
武汉,6,93.9,93.35999080276679,93.41735472665167,93.34524305695741,93.50442532988855,93.96346153846154,训练集
武汉,7,94.4,93.66005225168678,93.62304982847331,93.50316052488297,93.60921754697549,94.5596153846154,训练集
武汉,8,94.2,93.82274133985464,93.87127605859766,93.76919194830361,93.90378398346125,94.5596153846154,训练集
武汉,9,93.7,94.20840733904811,94.24555060576385,94.16440679693302,94.38461384610261,94.5596153846154,训练集
武汉,10,93.1,94.9632285471336,94.6094683347525,94.54116823138445,94.81050361451274,95.446511627907,测试集
武汉,11,92.3,93.90064502501207,94.49780820758568,94.39412680332191,94.53133228967168,94.5596153846154,测试集
武汉,12,91.0,92.75024282054952,94.3942668693634,94.32670341722427,94.3878521921499,93.96346153846154,测试集
沈阳,1,92.8,93.74924062325431,93.42165042825809,93.23620410447997,93.04326193033253,93.96346153846154,训练集
沈阳,2,93.4,93.92018510657294,93.77260171906579,93.61637099807791,93.5181832697183,93.96346153846154,训练集
沈阳,3,93.8,94.56131637486703,94.10885204232895,93.93842144089787,93.86379865029762,93.96346153846154,训练集
沈阳,4,94.4,94.4790097211525,94.28561686181585,94.07483731763652,93.9622055988717,94.5596153846154,训练集
沈阳,5,94.8,94.42201979485371,94.50503205630186,94.40000125083814,94.36989305225778,94.79411764705881,训练集
沈阳,6,94.9,95.10031099507951,94.91558335740487,94.87900694215894,94.9589992911473,94.79411764705881,训练集
沈阳,7,95.3,95.54736988912893,95.1820244908382,95.11469373809369,95.18148720098122,95.446511627907,训练集
沈阳,8,95.7,95.48597699427299,95.38879457697776,95.45961911324112,95.6148893048613,94.79411764705881,训练集
沈阳,9,96.2,96.04232285955666,95.7198444670031,95.76977834275314,95.94336625302002,95.446511627907,训练集
沈阳,10,96.1,95.84769595527732,95.81682963905342,95.92323104118735,96.08861382300917,94.79411764705881,测试集
沈阳,11,96.1,96.22510655932008,96.07461279250032,96.20431041963946,96.38908878275055,96.96363636363637,测试集
沈阳,12,96.3,96.31292524166105,96.2819996812516,96.31008970012734,96.4284577065039,95.446511627907,测试集
泉州,1,88.9,90.80429297421126,88.91112608189349,89.76615610609387,89.25815352282744,90.35833333333333,训练集
泉州,2,89.1,90.85329212258773,89.14122392463835,89.97747653788305,89.47244557148241,90.35833333333333,训练集
泉州,3,89.2,90.53121184281099,89.49461464423986,90.18992159338981,89.70787759478465,90.35833333333333,训练集
泉州,4,89.3,91.44624338976844,90.21717661467419,90.68440736121532,90.31278841868587,91.88709677419354,训练集
泉州,5,89.8,92.26383117000759,90.75796897009087,91.07262788750141,90.7459205577605,91.88709677419354,训练集
泉州,6,91.1,92.94212237023339,91.45375752994805,91.5516335788222,91.33502679665001,92.75000000000001,训练集
泉州,7,92.3,93.87532430952514,92.00060191362337,92.01189388720016,91.88223344313941,93.8086956521739,训练集
泉州,8,93.4,94.51479597578646,92.62656209319388,92.59644072982225,92.64626280693054,94.5596153846154,训练集
泉州,9,94.4,94.59022091164798,92.89696822769265,92.88767117234119,92.98320558107366,93.96346153846154,训练集
泉州,10,95.2,94.67308209539718,93.10040283069817,93.0676309176415,93.14160404498293,94.5596153846154,测试集
泉州,11,95.5,95.07196098833322,93.46259479458868,93.50280077163578,93.68375927036837,95.446511627907,测试集
泉州,12,95.3,94.68629498913972,93.50388563845576,93.47838056791194,93.55304970987227,94.5596153846154,测试集
泸州,1,92.0,91.60866786070787,91.77587689503957,92.06072444720006,91.92401345483873,90.35833333333333,训练集
泸州,2,91.8,91.56792410748216,92.19925695588135,92.33433413049373,92.24019661122901,90.35833333333333,训练集
泸州,3,92.3,92.25997874341394,92.63832066228576,92.69963647311049,92.65884400897463,91.24893617021276,训练集
泸州,4,93.1,92.42074361232059,92.96334787070722,92.94833910607075,92.91961032587643,91.88709677419354,训练集
泸州,5,93.5,92.04966418416737,93.25523320379342,93.13486105224109,93.11581045159635,91.88709677419354,训练集
泸州,6,94.1,92.27704406375011,93.61732365301465,93.42968035795681,93.45141937833058,92.75000000000001,训练集
泸州,7,94.2,92.29273570678853,93.8165845787419,93.61794245336827,93.62829012206933,92.75000000000001,训练集
泸州,8,93.8,92.14078076306731,94.03808867743314,93.79975091262426,93.80468412055086,92.75000000000001,训练集
泸州,9,94.2,93.08719559610158,94.69596750309815,94.2999662263671,94.41321612978433,92.75000000000001,训练集
泸州,10,94.2,92.86807111166958,94.92303639032211,94.49007703573425,94.60808240809534,92.93,测试集
泸州,11,93.9,92.97350565631024,94.99243063961082,94.6160498796412,94.68306204409879,92.75000000000001,测试集
泸州,12,93.3,92.55205340248278,94.87681089030195,94.60566157194584,94.57444594876442,92.75000000000001,测试集
洛阳,1,92.6,92.3285219614225,93.12787647971625,93.08248598048016,93.08844083613829,91.68275862068967,训练集
洛阳,2,93.2,92.37504236050307,93.41912767217995,93.33089664467556,93.36224765487121,92.95200000000001,训练集
洛阳,3,93.4,92.68776217313092,93.6947599138558,93.58318814083259,93.62168012436413,93.80869565217392,训练集
洛阳,4,93.7,92.62059263242014,93.8985157507311,93.77688781339651,93.81521255526624,92.95200000000001,训练集
洛阳,5,94.7,93.29998890464407,94.16274594857673,94.04781612778179,94.07921970060588,93.80869565217392,训练集
洛阳,6,95.0,92.95725948323715,94.56737466494297,94.3315768751423,94.4318706713979,92.95200000000001,训练集
洛阳,7,95.3,93.49295620689063,95.03385619553671,94.71305179650808,94.87756656704642,94.5596153846154,训练集
洛阳,8,95.2,93.58655153508647,95.32804569932128,94.97005677957948,95.15680516377772,94.5596153846154,训练集
洛阳,9,96.0,94.51479597578646,95.86769767513387,95.50449755276986,95.82304135042301,94.5596153846154,训练集
洛阳,10,95.7,93.94964417338852,95.99749441759467,95.604655852055,95.89611400539754,94.5596153846154,测试集
洛阳,11,95.8,94.41927642832938,96.18041762785248,95.78635574659641,96.03518308732565,94.5596153846154,测试集
洛阳,12,95.6,94.22768280338059,96.23466728328019,95.84829918975778,96.02760099757494,94.5596153846154,测试集
济南,1,90.1,92.41578611372881,91.31097699980911,91.6574710683916,91.49865816307384,91.24893617021276,训练集
济南,2,90.6,92.02846051250252,91.64068339807334,91.8955472644699,91.78636258578953,92.95200000000001,训练集
济南,3,91.4,92.64894263916644,92.12876396632281,92.28891339914361,92.24919691385864,92.95200000000001,训练集
济南,4,91.7,92.99304573787111,92.42854812902998,92.54693444121799,92.51225056868381,92.95200000000001,训练集
济南,5,92.9,93.23419304123104,92.78242407457363,92.82728972943197,92.8158699685002,93.8086956521739,训练集
济南,6,93.5,93.1777576449669,93.08879964912252,93.09803463976698,93.13024253222436,93.96346153846154,训练集
济南,7,94.1,93.68702858113531,93.41624814814097,93.39959955040301,93.4532877023847,94.5596153846154,训练集
济南,8,95.3,94.0443445735825,93.76084359126475,93.69757559784225,93.77766671995396,94.5596153846154,训练集
济南,9,95.2,94.50543550863756,94.24271204365756,94.1986235665378,94.42037920566581,94.5596153846154,训练集
济南,10,95.4,95.01718519410187,94.52700528833918,94.46309824476762,94.68390960574821,94.5596153846154,测试集
济南,11,95.6,94.6083913039823,94.59005948541505,94.54708396530376,94.72993376281985,94.5596153846154,测试集
济南,12,94.9,93.87999588338187,94.66177193271072,94.62102718648765,94.77681502204314,93.96346153846154,测试集
济宁,1,94.2,92.59801927152873,93.58400439561619,93.46377432421795,93.52755313436028,91.68275862068967,训练集
济宁,2,94.4,93.27245804516087,93.97098764995452,93.80888310341564,93.91058981985582,93.80869565217392,训练集
济宁,3,94.5,93.38614798495226,94.22500456096773,94.04899141749989,94.16592435875924,93.8086956521739,训练集
济宁,4,95.0,92.82099618255435,94.35480130342852,94.14914971678503,94.23899701373377,92.93,训练集
济宁,5,95.5,93.39247916084179,94.77872677205383,94.51659274212236,94.66259944422053,94.5596153846154,训练集
济宁,6,95.1,92.85815611448604,94.95926063406012,94.67689961019144,94.83260817418922,93.96346153846154,训练集
济宁,7,94.8,93.40073455599253,95.28745029197866,95.0015228572052,95.19307464926578,93.96346153846154,训练集
济宁,8,94.6,93.62866896560993,95.56256868294965,95.24192314005431,95.4353686863381,94.5596153846154,训练集
济宁,9,94.4,93.89431384912254,95.77719570898577,95.48562031733536,95.68936937783263,94.5596153846154,训练集
济宁,10,94.1,94.25603281012687,96.0508966992438,95.76383492282879,95.9880337449079,94.5596153846154,测试集
济宁,11,93.5,93.81448594470388,96.08756085494032,95.77034328412057,95.90332170740139,94.5596153846154,测试集
济宁,12,93.0,93.60472192742075,96.15083649549457,95.8665121867295,95.95344379506251,94.5596153846154,测试集
海口,1,92.9,92.75079336251301,94.12391546726641,93.8916423739007,94.11436333218539,93.96346153846154,训练集
海口,2,93.6,94.18253209352656,94.66616266694787,94.39102503269083,94.68871486494047,93.96346153846154,训练集
海口,3,94.1,93.91688721001395,94.8191247177445,94.51812250031536,94.7848344755912,93.96346153846154,训练集
海口,4,94.5,93.8654093123416,95.02300600844247,94.71468694583794,94.98017749915944,93.96346153846154,训练集
海口,5,95.2,94.36890360265517,95.16763661231248,94.86502615389047,95.06335299634185,94.5596153846154,训练集
海口,6,95.6,94.02535503398514,95.21179340781356,94.92338073385505,95.05710475400002,93.8086956521739,训练集
海口,7,95.9,93.40239415802533,95.17148421243235,94.93789947649313,95.00390549815414,92.75000000000001,训练集
海口,8,96.8,92.61948756042199,95.36109570664038,95.11451907601965,95.22389928961292,92.93,训练集
海口,9,96.6,93.56315902693196,95.65578120039501,95.37199943190615,95.43973196612858,92.75000000000001,训练集
海口,10,96.5,93.1959280373012,95.86851408870828,95.59317895899731,95.7035323310164,92.93,测试集
海口,11,95.5,92.99993144379528,95.95290485018114,95.6748838441045,95.72166489175969,92.93,测试集
海口,12,94.2,92.68721163116741,96.05320071780943,95.79338699285302,95.81235272441204,92.75000000000001,测试集
深圳,1,93.9,94.80874254088636,95.01499074092992,94.90072705654441,94.88586884815166,92.95200000000001,训练集
深圳,2,94.7,94.94637951886688,95.45898850735006,95.25783561376463,95.32336888262121,93.8086956521739,训练集
深圳,3,95.9,95.6654144723184,95.91077331258529,95.64862894424452,95.77135211619307,93.96346153846154,训练集
深圳,4,96.3,95.81434012478024,96.34892243673063,96.02836371636921,96.23637739382274,93.96346153846154,训练集
深圳,5,96.8,96.23634690864236,96.69802146979767,96.35512764610353,96.60179890164045,94.5596153846154,训练集
深圳,6,97.2,96.56475836430859,96.96484802011881,96.61028391521923,96.86304196379949,94.5596153846154,训练集
深圳,7,97.5,96.29415598220423,97.16541824304309,96.81156184765617,97.07819111460611,95.446511627907,训练集
深圳,8,98.1,96.47005796411463,97.41512861716691,97.11754827644171,97.43408291383597,95.446511627907,训练集
深圳,9,98.3,96.96419178727929,97.72290865227247,97.36182939125246,97.66200260166828,95.446511627907,训练集
深圳,10,96.7,96.16725314867034,97.65097228943932,97.27308781801818,97.46177181724913,94.5596153846154,测试集
深圳,11,95.2,95.60320641827056,97.55987815351554,97.1651687403678,97.20974537867376,94.5596153846154,测试集
深圳,12,94.6,95.08760430621263,97.43686727845177,97.13759179492045,97.09026572734264,92.93,测试集
温州,1,88.9,89.77419781016468,88.9343594435536,89.90162524586535,89.48899518902381,90.35833333333333,训练集
温州,2,89.6,90.03048222652836,89.43429967655712,90.23926432990461,89.88774007116825,90.35833333333333,训练集
温州,3,90.0,90.86568586906716,90.0184916923181,90.64767841960978,90.35648292249297,90.35833333333333,训练集
温州,4,91.1,90.70877342675416,90.4372406652275,90.9036673436782,90.6519064611304,90.35833333333333,训练集
温州,5,91.2,90.4381710446498,90.74864102079319,91.10494527611515,90.86705561193703,90.35833333333333,训练集
温州,6,91.4,91.59930739355896,91.53767307927866,91.62020854488942,91.48149614442612,90.35833333333333,训练集
温州,7,91.8,92.32356446283069,92.4772608659365,92.21664660081944,92.26266394063784,92.75000000000001,训练集
温州,8,93.0,93.44395705851414,93.2960880644233,92.82012223043463,93.01822747844456,92.93,训练集
温州,9,93.7,94.19189654874661,93.81594549190689,93.25373533923808,93.52934666742664,94.5596153846154,训练集
温州,10,93.4,93.76300804703152,93.91082324753843,93.35461772876134,93.59927488232614,94.5596153846154,测试集
温州,11,93.9,93.35669290620783,93.91148428033239,93.40151321689126,93.58578426931982,94.5596153846154,测试集
温州,12,93.8,93.27383172245862,94.08893317685016,93.59234811649652,93.77750610755581,94.5596153846154,测试集
湛江,1,92.2,91.56048785959447,91.70595857997841,92.02135733160404,91.66040691118258,91.24893617021276,训练集
湛江,2,92.5,92.59224262567386,92.33725170510165,92.47904483578819,92.19276246317473,91.68275862068967,训练集
湛江,3,92.7,92.53525269937506,92.74864766411496,92.80420876898981,92.60044991656079,92.95200000000001,训练集
湛江,4,93.5,93.34788298102242,93.35672058622227,93.26660976008833,93.15261159579133,93.8086956521739,训练集
湛江,5,93.7,93.2424484363818,93.6345690778089,93.51143156108694,93.42775226193315,93.96346153846154,训练集
湛江,6,93.9,93.59425240020259,94.05411290391731,93.93800709620521,93.96447570932023,93.96346153846154,训练集
湛江,7,94.4,94.43578721863088,94.5803374461159,94.44322786562726,94.57977334396097,95.446511627907,训练集
湛江,8,94.7,95.06618434247834,94.86110664509465,94.68823307067613,94.80454859171824,94.5596153846154,训练集
湛江,9,94.7,94.5783816952032,95.02129539164072,94.91155328048784,95.07330398934722,95.446511627907,训练集
湛江,10,94.4,95.50388276937885,95.39291974273785,95.20325909582189,95.3468408432747,95.446511627907,测试集
湛江,11,94.1,94.10407786640565,95.10650912419523,94.92674227378576,94.89444659410918,94.5596153846154,测试集
湛江,12,94.1,94.32127813157642,95.3006223025365,95.09009731886378,95.01590049835946,94.5596153846154,测试集
烟台,1,91.0,92.4735951872907,91.0147372438255,91.32199318980715,91.17285218018549,91.68275862068967,训练集
烟台,2,90.5,92.25942820145046,91.11407395778592,91.43792353436186,91.24868891834059,91.68275862068967,训练集
烟台,3,90.6,92.51186019122053,91.25939780949268,91.64166570627802,91.44136424709106,91.24893617021276,训练集
烟台,4,91.8,92.39651064939638,91.84215133835382,92.03484843690147,91.9545639935447,92.75000000000001,训练集
烟台,5,92.0,92.81603868396257,92.29942133064503,92.398702599042,92.37950027144035,92.93,训练集
烟台,6,93.1,93.72584811509982,92.6202387909716,92.68754364141739,92.65122653270171,92.93,训练集
烟台,7,93.3,92.96359065912668,92.71183601875278,92.79284754909015,92.75400137667071,92.93,训练集
烟台,8,93.3,93.16014178266727,92.9628070279586,93.02751828602193,92.99267422841078,94.5596153846154,训练集
烟台,9,93.5,93.50369035133727,93.27533648220893,93.33995835096292,93.34904277289786,93.96346153846154,训练集
烟台,10,93.0,93.23804546782466,93.42679648512919,93.46705581858744,93.44516238354858,94.5596153846154,测试集
烟台,11,92.5,93.37238454924623,93.59679499317285,93.63584844081794,93.58327797496223,94.5596153846154,测试集
烟台,12,92.4,93.27383172245862,93.75951340352003,93.82381856746453,93.7731892205321,94.5596153846154,测试集
牡丹江,1,91.9,91.58113700122468,91.76949855664232,91.99102636928242,91.77462665334761,91.24893617021276,训练集
牡丹江,2,92.1,91.48506292373293,91.86720090741572,92.1419062635228,91.90502312883953,91.24893617021276,训练集
牡丹江,3,92.3,91.68161404727351,92.13772178623825,92.37657700045459,92.1436959805796,91.24893617021276,训练集
牡丹江,4,92.0,91.46001081354561,92.47620355272686,92.60377804222793,92.39807702896856,91.88709677419354,训练集
牡丹江,5,92.8,92.47304065725605,93.22310652603544,93.15011002872625,93.08145164803446,92.95200000000001,训练集
牡丹江,6,93.3,93.12738481929267,93.6773710318684,93.51211547691108,93.48839239135786,93.80869565217392,训练集
牡丹江,7,94.1,93.65564529505849,94.29663078264836,94.00486109549549,94.11263259724024,93.96346153846154,训练集
牡丹江,8,94.8,94.16243748193102,94.65816174633348,94.34351623853773,94.49519253747854,93.96346153846154,训练集
牡丹江,9,95.8,94.55306097971629,94.99410511008575,94.66455062235471,94.856992859964,94.5596153846154,训练集
牡丹江,10,95.8,94.59269966094388,95.30064216653642,94.96981296090212,95.21602909926887,94.5596153846154,测试集
牡丹江,11,96.4,95.00341777032469,95.57159202364338,95.27395067573197,95.55392536392647,93.96346153846154,测试集
牡丹江,12,96.6,94.75290999981584,95.73102318607896,95.45833193918178,95.74517045690523,94.79411764705881,测试集
石家庄,1,92.6,93.86293056304572,93.08603018793823,93.05723132336874,93.04864594619286,93.96346153846154,训练集
石家庄,2,93.0,93.91936595930986,93.17544385963049,93.1572810579393,93.08439368461396,94.5596153846154,训练集
石家庄,3,93.1,93.77181398414575,93.31662049019262,93.31932807524949,93.23507303260149,93.96346153846154,训练集
石家庄,4,93.4,93.8654093123416,93.60396928766862,93.57633305832088,93.5143116293328,93.96346153846154,训练集
石家庄,5,94.0,94.13986412103961,93.92889063255404,93.87974668291261,93.8553523340654,94.5596153846154,训练集
石家庄,6,94.5,93.90504799356918,94.11558564175566,94.06699271932108,94.0484080197103,93.96346153846154,训练集
石家庄,7,94.2,94.05259996873329,94.34346989030678,94.27574034691645,94.24784897386803,94.5596153846154,训练集
石家庄,8,94.9,94.17124740711645,94.51194292356513,94.44166819618829,94.38415397261555,94.5596153846154,训练集
石家庄,9,95.0,93.99286667591015,94.61804708638341,94.54356664471453,94.43789724560891,94.5596153846154,训练集
石家庄,10,95.1,94.0286529305441,94.76923622017348,94.71493207113885,94.5908639315198,94.5596153846154,测试集
石家庄,11,94.8,93.65372107579728,94.80238680346969,94.7675571051861,94.58099450384573,94.5596153846154,测试集
石家庄,12,94.6,93.27135297316272,94.95740648477742,94.93145283645198,94.74966938640553,93.96346153846154,测试集
福州,1,90.6,90.51799894906844,90.25458256747139,90.86963333645828,90.57913079709499,90.35833333333333,训练集
福州,2,90.9,91.18555600484763,90.86179580121689,91.271593790008,91.04739690316246,91.24893617021276,训练集
福州,3,90.6,91.51589167977512,91.15786830493101,91.5440788495841,91.34244008490546,91.24893617021276,训练集
福州,4,91.2,91.60452950937918,91.66397797702999,91.87526429746791,91.74070822179267,91.88709677419354,训练集
福州,5,92.0,92.28777820819676,92.2331490847303,92.28008952397629,92.2107849205263,92.75000000000001,训练集
福州,6,92.6,92.8617399357801,92.62786035116594,92.61044231690738,92.57487258093511,92.75000000000001,训练集
福州,7,92.9,93.20088553589298,93.0434892165183,92.94264382379417,92.95695577591617,92.93,训练集
福州,8,94.3,93.82218680981998,93.7189709574425,93.56141612586381,93.77868931711913,93.96346153846154,训练集
福州,9,94.7,94.76419867429715,94.23830573948867,94.08139288155246,94.4129359768466,95.446511627907,训练集
福州,10,94.3,95.32494750813792,94.529557739453,94.37179066911867,94.71569827451133,95.446511627907,测试集
福州,11,94.0,94.89853775571869,94.61966143319204,94.43558282623573,94.72611171933288,95.446511627907,测试集
福州,12,93.8,94.69620998632327,94.64392636041093,94.42048103162603,94.59768949676013,94.5596153846154,测试集
秦皇岛,1,88.9,91.43606377535647,88.81220361017051,89.53618408101426,89.08999249718383,90.35833333333333,训练集
秦皇岛,2,89.6,91.54975371514783,89.09720909294025,89.77629239509851,89.34532703608727,91.24893617021276,训练集
秦皇岛,3,89.4,91.48065995517584,89.31203815435539,89.95266327720203,89.50505934740542,91.24893617021276,训练集
秦皇岛,4,89.6,91.47570245658403,89.66357510798,90.21224106446724,89.79914903863396,91.88709677419354,训练集
秦皇岛,5,89.6,91.88201759740772,90.10631070921211,90.53614022124287,90.16275995378554,91.88709677419354,训练集
秦皇岛,6,90.5,92.5696692647824,90.60084991173753,90.92120400580545,90.60712200202516,92.75000000000001,训练集
秦皇岛,7,90.6,92.45102182639928,90.83929855460154,91.12607080143918,90.8209373054229,92.75000000000001,训练集
秦皇岛,8,91.3,92.8617399357801,91.17592552587209,91.43020851626902,91.15883357008049,92.75000000000001,训练集
秦皇岛,9,91.6,92.87247408022671,91.49258933312551,91.6926510764929,91.45473385397516,92.75000000000001,训练集
秦皇岛,10,92.3,93.10233270910535,91.75893762546399,91.9503801498024,91.73082801063143,93.8086956521739,测试集
秦皇岛,11,92.6,93.26309757801198,92.05245887245036,92.19908278276266,91.99159432753325,92.93,测试集
秦皇岛,12,92.3,93.04893059217174,92.17302761260636,92.31501312731737,92.06743106568835,92.93,测试集
蚌埠,1,92.7,92.05406715272449,93.19955942200198,93.17375343273642,93.22850028688816,91.24893617021276,训练集
蚌埠,2,93.4,92.56085933959702,93.63630202951174,93.51240857577866,93.61106022712647,93.80869565217392,训练集
蚌埠,3,93.8,92.6927196717227,93.84945579189227,93.71829143041538,93.80869058861808,93.80869565217392,训练集
蚌埠,4,94.4,92.78631499991855,94.18489844286779,93.97529641348676,94.08792918534937,92.75000000000001,训练集
蚌埠,5,94.7,92.60297677012048,94.37549836558927,94.15137532682543,94.26070199849865,92.75000000000001,训练集
蚌埠,6,95.1,92.59801927152873,94.68967222421857,94.41095311409063,94.55479168972718,92.75000000000001,训练集
蚌埠,7,95.2,93.04012066698635,95.04886980525032,94.7208203748378,94.89630913971703,92.75000000000001,训练集
蚌埠,8,95.4,93.01506855679904,95.39640561741079,94.99729483109014,95.21430288877343,92.93,训练集
蚌埠,9,95.5,93.55268949971375,95.81933830125251,95.39609854291633,95.6937989040059,93.96346153846154,训练集
蚌埠,10,95.2,93.89679259841841,96.10908956042216,95.6541195849907,95.95685255883107,94.5596153846154,测试集
蚌埠,11,95.4,94.04379004354786,96.34475313724376,95.91728623545269,96.24960840265071,93.96346153846154,测试集
蚌埠,12,95.3,93.95900464053744,96.54485171248828,96.09079234459755,96.40753012130276,94.5596153846154,测试集
襄阳,1,89.9,91.34384212445835,89.66783618984057,90.29995288452407,89.90283690965305,91.24893617021276,训练集
襄阳,2,89.9,91.89715471041148,90.22063855251113,90.70162136930892,90.38414351755165,91.68275862068967,训练集
襄阳,3,90.3,92.45046729636462,90.73914859680102,91.10328985409377,90.86545012545024,91.68275862068967,训练集
襄阳,4,91.0,92.84109079414986,91.12695188635556,91.42432423791075,91.2272504479357,92.75000000000001,训练集
襄阳,5,91.7,93.31457547568436,91.50627041729727,91.73992104457527,91.5723890832578,92.93,训练集
襄阳,6,91.6,93.03323894913333,91.63759021245036,91.86415373924112,91.66669810124239,92.93,训练集
襄阳,7,91.6,93.2969596133847,91.87936729765478,92.09052212606176,91.88689867315297,92.93,训练集
襄阳,8,92.4,93.22675679334338,92.1483627073063,92.3757310538985,92.23326076379496,93.96346153846154,训练集
襄阳,9,93.0,94.13656622448065,92.47383413977795,92.6645720962739,92.50498702505632,94.5596153846154,训练集
襄阳,10,93.1,93.7007960049125,92.67694598574427,92.82230616014918,92.66014466052776,94.5596153846154,测试集
襄阳,11,93.3,93.16784264778336,92.83500283623512,93.0543608415453,92.95726839974233,93.96346153846154,测试集
襄阳,12,93.1,93.91000549216096,93.17495464489235,93.33674824776523,93.22851791574647,94.5596153846154,测试集
西宁,1,92.6,92.71666670991186,93.30192101466398,93.18475483871842,93.22354431602197,91.68275862068967,训练集
西宁,2,92.6,92.40146814798814,93.46166136073478,93.34034821987316,93.37374691875227,91.68275862068967,训练集
西宁,3,92.8,93.3803713390974,93.73669692191085,93.63821570259782,93.66080101976812,93.80869565217392,训练集
西宁,4,93.4,93.3622009467631,93.97132590541557,93.85783848449815,93.89356534825257,93.80869565217392,训练集
西宁,5,94.0,92.92835494645621,94.17666408549506,94.03290133883384,94.08252310330799,92.95200000000001,训练集
西宁,6,94.6,93.81255773737146,94.69418731790194,94.46723853787539,94.59049785221504,93.8086956521739,训练集
西宁,7,96.0,93.89294017182479,94.93204294145882,94.68428851558191,94.80841108620226,93.8086956521739,训练集
西宁,8,96.3,93.52130621363692,95.18967009855663,94.92522948461888,95.09792610158408,93.96346153846154,训练集
西宁,9,96.7,94.2296070226418,95.53583035385674,95.23897757732769,95.42506920233392,94.5596153846154,训练集
西宁,10,97.0,94.68987881043374,95.83873441813432,95.51461937862732,95.70888247491193,94.5596153846154,测试集
西宁,11,97.5,94.39037189154845,95.99862774707461,95.67307753274072,95.86089567030835,94.5596153846154,测试集
西宁,12,98.2,94.50158308204394,96.259762820807,95.95027607923119,96.17574497928975,94.5596153846154,测试集
西安,1,93.0,95.87578134479517,92.93926966906461,93.1324595103051,93.43954731205253,95.446511627907,训练集
西安,2,93.0,95.4386374479293,93.00555261809068,93.11920642965107,93.32912062405202,95.446511627907,训练集
西安,3,93.1,94.77108039215017,92.98627581758402,93.08804062100693,93.21097482012982,93.96346153846154,训练集
西安,4,93.2,94.52800886952897,93.08650842816867,93.1611511872381,93.2236756028747,94.5596153846154,训练集
西安,5,93.5,94.11729076014817,93.17716346697225,93.22780811731383,93.23589964036239,94.5596153846154,训练集
西安,6,93.4,93.68014686328232,93.16393030656987,93.2145550366598,93.12547295236189,94.5596153846154,训练集
西安,7,93.1,92.9768035528692,93.1035619782626,93.19742112404414,93.02942061360142,94.5596153846154,训练集
西安,8,93.0,92.81659321399722,93.15319209569098,93.26509411312284,93.02545970918295,92.93,训练集
西安,9,92.6,92.90193314704231,93.28454561959082,93.40796362601694,93.12434340301427,92.75000000000001,训练集
西安,10,92.6,92.87302861026136,93.38091018085892,93.55054117014618,93.23626759867669,92.75000000000001,测试集
西安,11,91.8,92.1000370098416,93.3466427476046,93.57879984004786,93.21820230982365,92.75000000000001,测试集
西安,12,91.0,92.10251575913748,93.46634415704253,93.72710693009444,93.33374769081834,92.75000000000001,测试集
贵阳,1,94.5,93.08911981536284,94.10078547860766,93.88482669215308,94.04127262254097,93.80869565217392,训练集
贵阳,2,94.9,93.13564021444341,94.3647730687365,94.13323735634849,94.3150794412739,93.8086956521739,训练集
贵阳,3,95.1,93.46405167010968,94.64592453176188,94.38839362546419,94.57632250343293,93.8086956521739,训练集
贵阳,4,95.3,93.29888383264594,94.79191824301486,94.5302470793553,94.69139113917038,93.8086956521739,训练集
贵阳,5,95.3,93.44395705851414,95.06914824439271,94.77608493935689,94.95034686340607,92.93,训练集
贵阳,6,95.2,93.2606188287161,95.24897977129744,94.95216385269556,95.12311967655535,94.5596153846154,训练集
贵阳,7,95.3,93.84779345004196,95.66831529181991,95.32247165099153,95.54853269970823,94.5596153846154,训练集
贵阳,8,95.3,94.27668195175703,95.94249841530163,95.59238390637383,95.828724786954,94.5596153846154,训练集
贵阳,9,95.1,94.03938707499077,96.16765695506209,95.81672017518852,96.08129524267684,94.5596153846154,训练集
贵阳,10,95.1,94.41927642832938,96.42332687691979,96.06070932123441,96.32225543234027,94.5596153846154,测试集
贵阳,11,95.2,93.72611273232826,96.4652299729673,96.17503966925645,96.44035811606373,93.96346153846154,测试集
贵阳,12,95.0,94.02369543195235,96.70651778756135,96.37004736958819,96.60466510322861,94.5596153846154,测试集
赣州,1,94.6,92.41908401028778,94.98497316730347,94.64294067043643,94.86588538023233,92.95200000000001,训练集
赣州,2,95.1,92.92835494645621,95.32951747982696,94.94450558107246,95.18893055039268,92.95200000000001,训练集
赣州,3,95.3,92.89256869182225,95.55816216023305,95.14393479955372,95.38608416662706,92.95200000000001,训练集
赣州,4,96.6,93.79934484362894,95.96593415335525,95.52428509720193,95.81064008762829,93.8086956521739,训练集
赣州,5,97.4,93.2889688354624,96.31473781958196,95.80159220840699,96.16281431316308,93.96346153846154,训练集
赣州,6,97.7,93.8560488451927,96.76061998588993,96.1887966756901,96.61213139414384,94.5596153846154,训练集
赣州,7,97.7,94.68629498913972,97.224715942192,96.67139123020769,97.19990378562447,94.5596153846154,训练集
赣州,8,97.0,94.98717558532277,97.5680541131261,97.05471486552915,97.66359521584523,95.446511627907,训练集
赣州,9,96.1,95.10389880444468,97.7932851784859,97.20331392434058,97.7661000950088,95.446511627907,训练集
赣州,10,95.9,94.84898407730756,97.81709448426156,97.3082172985339,97.8445905242555,95.446511627907,测试集
赣州,11,95.5,94.7352941375162,97.9714035789311,97.43890362935521,97.93937628749732,95.446511627907,测试集
赣州,12,94.5,94.4996588627827,97.99618875117858,97.40074349836776,97.77353276000837,94.5596153846154,测试集
遵义,1,94.4,93.66390069020925,93.52029243165316,93.42335503615217,93.46918506827394,93.96346153846154,训练集
遵义,2,94.3,94.09086497266313,93.82015381202268,93.67593850107407,93.71557703593575,94.5596153846154,训练集
遵义,3,94.3,93.71537858788163,93.87219709340633,93.78298255798794,93.7990224979236,93.96346153846154,训练集
遵义,4,94.2,93.05415270799196,93.94076097801177,93.84862342906068,93.8274314773174,93.96346153846154,训练集
遵义,5,94.0,93.9947908951714,94.31323510433798,94.19761304022002,94.19609381357293,93.96346153846154,训练集
遵义,6,94.0,94.05259996873329,94.6193992860995,94.46864991931989,94.49742587546596,94.5596153846154,训练集
遵义,7,94.3,94.25107531153509,94.8294827595819,94.72064944671206,94.76989884679,93.96346153846154,训练集
遵义,8,94.7,94.82999453771018,95.11480777249905,94.97682177483074,95.0149569670429,94.5596153846154,训练集
遵义,9,95.1,94.36284103206523,95.26967076238239,95.1288262927887,95.1664934171821,94.5596153846154,训练集
遵义,10,95.0,94.74273038540385,95.52534068424009,95.37281543883459,95.40745360684552,94.5596153846154,测试集
遵义,11,95.1,94.65739045235875,95.7149005356766,95.60074057084606,95.65869021515947,94.5596153846154,测试集
遵义,12,95.0,94.22850195064368,95.81797251398602,95.70162296036933,95.72861843005897,93.96346153846154,测试集
郑州,1,92.2,91.64168944131087,90.59907392625485,91.01315824002025,90.74982098634932,91.68275862068967,训练集
郑州,2,92.4,92.68088045527793,90.99786046223204,91.35957504698577,91.10363222810761,91.68275862068967,训练集
郑州,3,92.1,92.55479676900708,91.39705425221582,91.67571253983813,91.49599184173921,92.93,训练集
郑州,4,92.0,92.82429407911333,91.83241329008925,92.05330662924227,91.95606208662774,93.96346153846154,训练集
郑州,5,92.1,93.73162476095467,92.20257650324253,92.37923790402387,92.28730311796704,94.5596153846154,训练集
郑州,6,91.8,93.6958385063207,92.42118828011108,92.57866712250512,92.48445673420142,94.5596153846154,训练集
郑州,7,91.9,93.99286667591015,92.66600804922355,92.82809384570349,92.7420786110282,94.5596153846154,训练集
郑州,8,91.7,93.56149942489915,92.79727805533994,92.96606646763297,92.87152159600566,94.5596153846154,训练集
郑州,9,91.8,93.83843298289305,93.08654718128587,93.23238985981848,93.15304753066032,94.5596153846154,训练集
郑州,10,91.8,94.39918181673384,93.38574277825971,93.5227876473847,93.45580982832506,94.5596153846154,测试集
郑州,11,91.6,94.05755746732505,93.4359016929642,93.5984710178097,93.48336170556719,94.5596153846154,测试集
郑州,12,91.2,93.49598948622119,93.22045272987168,93.45346170775312,93.17182049691388,92.93,测试集
重庆,1,94.4,91.98771675927676,94.10351054744285,93.89834177006425,93.98304005711331,91.68275862068967,训练集
重庆,2,94.5,92.99800323646289,94.41104768904064,94.20193879870624,94.27371534346139,93.80869565217392,训练集
重庆,3,94.7,92.289702427458,94.42084261183314,94.25898535090299,94.29669254485682,92.95200000000001,训练集
重庆,4,95.4,93.12820396655577,95.19075633294372,94.85571537559787,95.06481983923743,93.96346153846154,训练集
重庆,5,95.9,94.81678164396766,95.87544015776787,95.45292077310785,95.7695412134024,94.5596153846154,训练集
重庆,6,96.0,94.44570221581442,96.09002928332556,95.63944271927821,95.9657413391223,94.5596153846154,训练集
重庆,7,96.0,95.06370559318248,96.47201925271624,96.06989908635813,96.48809043726938,95.446511627907,训练集
重庆,8,96.4,94.78484781592735,96.60221250302875,96.15704154861777,96.52288468517601,94.5596153846154,训练集
重庆,9,96.6,94.40247971329282,96.7341416218956,96.32093727988365,96.69155956773581,95.446511627907,训练集
重庆,10,95.4,94.52360590097184,96.89315094865576,96.44977489674929,96.76834979640537,94.5596153846154,测试集
重庆,11,94.7,93.87118595819645,96.85399673130132,96.47589288393043,96.7453294748112,93.96346153846154,测试集
重庆,12,94.0,93.70161515217558,97.06966344223378,96.63750777976735,96.88611276104264,94.5596153846154,测试集
金华,1,88.2,89.56443379288157,88.51983720165909,89.68740751486133,89.15107802594795,90.35833333333333,训练集
金华,2,88.8,89.916792286737,89.09362934996405,90.059564027113,89.59448658367312,90.35833333333333,训练集
金华,3,89.6,90.85824962117951,90.05982572787644,90.63395980566825,90.3220481330625,90.35833333333333,训练集
金华,4,90.1,91.08122653220514,90.54756824297165,90.94854055332978,90.68337171029071,90.35833333333333,训练集
金华,5,90.8,91.26593843930092,91.17248456391626,91.31424342942599,91.12630352275863,91.88709677419354,训练集
金华,6,91.6,91.77025187687758,91.70037983208942,91.68998880487445,91.5683782330749,91.88709677419354,训练集
金华,7,92.5,92.6651888122395,92.42367567574428,92.20137124168708,92.19719311480398,92.75000000000001,训练集
金华,8,93.9,93.55268949971375,93.20124654247643,92.82402437571837,93.00455230676693,93.96346153846154,训练集
金华,9,95.0,94.47653097185662,93.78135286329707,93.37822659085455,93.69650314390623,94.5596153846154,训练集
金华,10,94.9,94.70942288006579,94.00232149990964,93.54444640889125,93.81976764082263,94.5596153846154,测试集
金华,11,94.6,94.07902575621833,94.09780163389284,93.67023584874794,93.9451126952106,94.5596153846154,测试集
金华,12,94.4,94.38349017369544,94.25796667310208,93.80839187472768,94.02419026180353,94.5596153846154,测试集
银川,1,94.3,93.41257377243733,94.03628928088818,93.83719791905614,93.94484244833353,93.8086956521739,训练集
银川,2,94.4,93.47534034459098,94.27974166512722,94.03405433334358,94.12714497007066,92.93,训练集
银川,3,94.5,93.15958725263259,94.45222601641238,94.24406673736493,94.37066246246287,93.96346153846154,训练集
银川,4,95.1,94.25025616427199,94.82939907783778,94.57931642126066,94.70419083172555,94.5596153846154,训练集
银川,5,95.4,93.82962305770764,95.05637171481924,94.79433428096122,94.95447394952504,94.5596153846154,训练集
银川,6,95.5,93.54085028326898,95.29370732745261,95.02983767284572,95.2273272777435,93.96346153846154,训练集
银川,7,95.6,94.58444426579314,95.63325451425862,95.35649303786543,95.5554238690078,94.5596153846154,训练集
银川,8,95.4,94.21528905690113,95.81585736030934,95.56034377449619,95.78542411431167,93.96346153846154,训练集
银川,9,95.2,94.48396721974426,96.00315304288918,95.7125316965044,95.88659514606633,94.5596153846154,训练集
银川,10,94.7,93.7938368030737,96.01163344763383,95.73535278925361,95.85186817004993,94.5596153846154,测试集
银川,11,94.1,93.04727099013897,96.1013769633298,95.84352146988505,95.95645360668506,93.96346153846154,测试集
银川,12,93.5,93.41394744973508,96.309554844446,96.04755561056606,96.1360884336044,93.96346153846154,测试集
锦州,1,91.4,93.09792974054824,91.49026164384924,91.65710760237255,91.55715239959093,92.93,训练集
锦州,2,91.5,93.05333356072887,91.57813140060236,91.79682037354313,91.66726600258724,92.93,训练集
锦州,3,91.6,93.02195027465206,91.73320086781779,91.97648815007858,91.83870496832762,93.8086956521739,训练集
锦州,4,92.1,93.33026711872279,92.0716386358257,92.24854108818143,92.12385208831452,92.93,训练集
锦州,5,92.2,93.16454475122435,92.24743053304395,92.44481356493915,92.33223561371388,93.8086956521739,训练集
锦州,6,92.5,93.67133693809691,92.62111579361367,92.7834687079814,92.71479555395219,93.96346153846154,训练集
锦州,7,93.0,93.75171937255021,92.85512245501191,93.00051868568791,92.9327087879394,94.5596153846154,训练集
锦州,8,93.3,93.9947908951714,93.15643292289236,93.2982027643623,93.27012830733977,93.96346153846154,训练集
锦州,9,93.6,94.07021583103293,93.44666574733803,93.58943320688124,93.6070710814829,93.96346153846154,训练集
锦州,10,94.4,94.7628249969994,93.77244338326128,93.90031652663139,93.9324035895666,94.5596153846154,测试集
锦州,11,95.0,94.0570029372904,93.772418634596,93.92027284642194,93.89586602088407,93.96346153846154,测试集
锦州,12,95.5,94.43441354133313,94.05666606213839,94.20135222487404,94.19634098062545,93.96346153846154,测试集
长春,1,93.3,93.30961797709259,93.00150577305196,92.94960471821838,92.91622269963572,93.96346153846154,训练集
长春,2,93.4,93.47286159529509,93.24412050777369,93.16121711877243,93.11747424645958,94.5596153846154,训练集
长春,3,93.6,93.75171937255021,93.51960712447415,93.44486930141834,93.43280030069819,94.5596153846154,训练集
长春,4,93.9,93.8007185209267,93.7233983627966,93.65618973320753,93.64709234935317,93.96346153846154,训练集
长春,5,93.9,93.9042288463061,93.84570130784807,93.76483378665408,93.68827186577265,94.5596153846154,训练集
长春,6,93.8,93.39000041154591,93.97516072296136,93.90824398573604,93.83437653791347,94.5596153846154,训练集
长春,7,93.7,93.10810935496023,94.12934275475179,94.08689570326851,94.02200044555998,93.96346153846154,训练集
长春,8,94.5,94.45946565152045,94.61461069719428,94.5546257068049,94.55349889540047,93.96346153846154,训练集
长春,9,94.8,93.93587674961135,94.84655274914276,94.79197781264509,94.84434775819119,93.96346153846154,训练集
长春,10,94.8,94.16628990852465,95.09085514151296,94.99528786308798,95.02712702518555,94.5596153846154,测试集
长春,11,94.6,94.25851155942277,95.1698773148988,95.08130570163007,95.04078129844493,94.5596153846154,测试集
长春,12,95.2,94.0363537956602,95.39930641829532,95.36292576627002,95.3884772364958,93.96346153846154,测试集
长沙,1,91.5,91.79034648847312,91.05603532486457,91.44340274382895,91.18861660430271,91.24893617021276,训练集
长沙,2,91.6,91.9378984636372,91.2839195734157,91.65215037142433,91.38805755846045,91.24893617021276,训练集
长沙,3,92.1,91.61526365382583,91.67121113257707,91.9190144497977,91.71680447142461,91.68275862068967,训练集
长沙,4,92.6,92.38081900635794,92.26588442097135,92.37282112202021,92.26353437265676,92.75000000000001,训练集
长沙,5,93.1,92.67674210394922,92.83876729028093,92.8303252221541,92.84625534303345,93.96346153846154,训练集
长沙,6,93.5,92.41687386629147,93.1426878964755,93.10864839236213,93.18224462666211,93.96346153846154,训练集
长沙,7,93.3,94.31136313439285,93.73474941670275,93.6611852975929,93.80583451084462,94.5596153846154,训练集
长沙,8,93.3,94.58086044449908,94.06572944911899,94.03877938699704,94.26590475573313,95.446511627907,训练集
长沙,9,93.4,94.90679315086948,94.34101549558773,94.33102588851895,94.58666258797012,95.446511627907,训练集
长沙,10,93.0,95.13224881119099,94.61312350509233,94.60851640377426,94.88847139512039,95.446511627907,测试集
长沙,11,92.9,95.78274054663397,94.86624817595643,94.836624939836,95.08934258504982,95.446511627907,测试集
长沙,12,92.3,94.69950788288224,94.80247013480852,94.76089920362722,94.92739020769855,95.446511627907,测试集
青岛,1,92.2,92.8479725120029,92.66710177641151,92.71755944006038,92.47628717783212,92.95200000000001,训练集
青岛,2,92.7,93.1224273207009,93.03790788853713,93.02097306465211,92.81732788256473,93.8086956521739,训练集
青岛,3,93.1,93.18216061352402,93.36207055203745,93.30933873421237,93.15246006404173,93.96346153846154,训练集
青岛,4,93.9,93.59920989879437,93.82251630598748,93.71028312875912,93.63691111201535,93.96346153846154,训练集
青岛,5,94.8,94.36476525132645,94.27860166300458,94.16408980098161,94.18364101324751,93.96346153846154,训练集
青岛,6,94.9,94.66812459680543,94.62376875857174,94.51032320389689,94.58781767339032,95.446511627907,训练集
青岛,7,95.1,95.00974894621422,94.91673824209987,94.80543447837746,94.91038609829344,95.446511627907,训练集
青岛,8,95.0,94.60728623198415,95.07781149057585,94.98622687863048,95.1029650386811,95.446511627907,训练集
青岛,9,95.5,95.46506323541439,95.41348332276917,95.34065406694229,95.4882890621,95.446511627907,训练集
青岛,10,95.3,95.23024710794397,95.57837442100394,95.52790010335076,95.68134474774489,95.446511627907,测试集
青岛,11,95.0,95.19886382186712,95.73344388821936,95.70756787988621,95.85278371348527,95.446511627907,测试集
青岛,12,94.4,94.79310321107809,95.82633525274701,95.70004434514952,95.74597821081703,95.446511627907,测试集
韶关,1,93.0,92.7549317138417,92.73730343721103,92.76031626080176,92.69435632569547,93.80869565217392,训练集
韶关,2,93.5,93.03434402113147,92.99381100858604,92.98954942058107,92.91636749027217,93.80869565217392,训练集
韶关,3,93.4,92.48873230029446,93.11692871063717,93.1272300737457,93.05885097708074,92.95200000000001,训练集
韶关,4,93.1,92.54902012315225,93.42521012499492,93.36117672043935,93.30066826889582,92.75000000000001,训练集
韶关,5,93.6,93.08664106606693,93.89706644997212,93.75998043226554,93.78016428412829,93.8086956521739,训练集
韶关,6,94.0,92.97295112627555,94.0136718734002,93.89066676308684,93.87495004737012,92.75000000000001,训练集
韶关,7,94.2,93.1777576449669,94.43132627307213,94.23947297019592,94.29397780201018,93.96346153846154,训练集
韶关,8,94.8,94.05948168658628,94.9413495900988,94.71090040164368,94.86146732099519,93.96346153846154,训练集
韶关,9,95.1,93.94083424820312,95.1433325320225,94.91576719727742,95.07528262439293,93.96346153846154,训练集
韶关,10,94.9,93.63636983072604,95.35222837192651,95.14840581620325,95.34632535994525,93.96346153846154,测试集
韶关,11,95.3,94.8068666467841,95.76725615861187,95.56972717821931,95.81602170178444,93.96346153846154,测试集
韶关,12,95.6,94.53130676608795,95.99466383390443,95.84518557546868,96.15020039274698,94.79411764705881,测试集
