"x","真实条件均值","NW核回归","局部线性"
0,1,1.25370803199423,1.07890134143543
0.00628930817610063,1.0125786163522,1.25721278587196,1.08759207111723
0.0125786163522013,1.0251572327044,1.2608642222899,1.09641207314622
0.0188679245283019,1.0377358490566,1.26466790420075,1.10536230809441
0.0251572327044025,1.0503144654088,1.26862942152575,1.11444349370879
0.0314465408805031,1.06289308176101,1.27275436721844,1.12365610376809
0.0377358490566038,1.07547169811321,1.27704831092776,1.13300036842316
0.0440251572327044,1.08805031446541,1.28151677027911,1.14247627595884
0.050314465408805,1.10062893081761,1.2861651798324,1.15208357590077
0.0566037735849057,1.11320754716981,1.29099885782223,1.1618217833781
0.0628930817610063,1.12578616352201,1.29602297083554,1.17169018464133
0.0691823899371069,1.13836477987421,1.30124249663764,1.18168784362564
0.0754716981132076,1.15094339622642,1.30666218541578,1.19181360944182
0.0817610062893082,1.16352201257862,1.31228651977117,1.20206612467143
0.0880503144654088,1.17610062893082,1.31811967385268,1.21244383433852
0.0943396226415094,1.18867924528302,1.32416547208814,1.22294499542838
0.10062893081761,1.20125786163522,1.33042734802916,1.23356768682293
0.106918238993711,1.21383647798742,1.33690830388163,1.24430981952457
0.113207547169811,1.22641509433962,1.34361087134337,1.25516914704273
0.119496855345912,1.23899371069182,1.35053707441092,1.26614327582317
0.125786163522013,1.25157232704403,1.35768839484664,1.27722967560597
0.132075471698113,1.26415094339623,1.36506574101186,1.28842568960711
0.138364779874214,1.27672955974843,1.37266942077131,1.29972854442784
0.144654088050314,1.28930817610063,1.38049911915391,1.31113535960775
0.150943396226415,1.30188679245283,1.38855388141649,1.32264315675015
0.157232704402516,1.31446540880503,1.39683210209652,1.33424886816232
0.163522012578616,1.32704402515723,1.40533152055919,1.34594934496886
0.169811320754717,1.33962264150943,1.41404922344243,1.35774136467249
0.176100628930818,1.35220125786164,1.42298165428251,1.36962163815442
0.182389937106918,1.36477987421384,1.43212463046484,1.38158681612414
0.188679245283019,1.37735849056604,1.44147336749301,1.39363349504724
0.19496855345912,1.38993710691824,1.45102251040687,1.40575822259828
0.20125786163522,1.40251572327044,1.46076617201387,1.41795750270405
0.207547169811321,1.41509433962264,1.47069797743033,1.43022780025942
0.213836477987421,1.42767295597484,1.48081111426822,1.44256554561402
0.220125786163522,1.44025157232704,1.49109838765242,1.45496713894087
0.226415094339623,1.45283018867925,1.50155227912022,1.46742895460841
0.232704402515723,1.46540880503145,1.51216500834361,1.47994734568334
0.238993710691824,1.47798742138365,1.52292859652973,1.49251864869327
0.245283018867925,1.49056603773585,1.5338349303007,1.5051391887733
0.251572327044025,1.50314465408805,1.54487582483192,1.5178052853104
0.257861635220126,1.51572327044025,1.55604308504056,1.53051325818151
0.264150943396226,1.52830188679245,1.56732856366252,1.54325943465701
0.270440251572327,1.54088050314465,1.57872421513599,1.55604015700968
0.276729559748428,1.55345911949686,1.59022214432066,1.56885179083161
0.283018867924528,1.56603773584906,1.60181464921947,1.58169073401918
0.289308176100629,1.57861635220126,1.61349425703129,1.59455342633993
0.29559748427673,1.59119496855346,1.6252537530417,1.60743635944791
0.30188679245283,1.60377358490566,1.63708620205106,1.62033608716801
0.308176100628931,1.61635220125786,1.6489849622367,1.63324923582742
0.314465408805031,1.62893081761006,1.66094369154535,1.64617251437721
0.320754716981132,1.64150943396226,1.6729563469051,1.65910272402077
0.327044025157233,1.65408805031447,1.68501717672981,1.6720367670519
0.333333333333333,1.66666666666667,1.69712070735646,1.68497165460424
0.339622641509434,1.67924528301887,1.70926172420389,1.69790451302752
0.345911949685535,1.69182389937107,1.72143524856627,1.71083258863383
0.352201257861635,1.70440251572327,1.73363651105266,1.72375325059809
0.358490566037736,1.71698113207547,1.74586092275393,1.7366639918499
0.364779874213837,1.72955974842767,1.75810404525833,1.74956242785531
0.371069182389937,1.74213836477987,1.77036156064638,1.76244629325461
0.377358490566038,1.75471698113208,1.78262924257471,1.77531343639199
0.383647798742138,1.76729559748428,1.79490292950809,1.78816181184224
0.389937106918239,1.77987421383648,1.80717850108047,1.80098947110493
0.39622641509434,1.79245283018868,1.81945185846138,1.81379455169567
0.40251572327044,1.80503144654088,1.83171890947703,1.82657526491561
0.408805031446541,1.81761006289308,1.84397555908864,1.83932988262294
0.415094339622642,1.83018867924528,1.85621770566803,1.8520567233641
0.421383647798742,1.84276729559748,1.86844124333718,1.86475413824768
0.427672955974843,1.85534591194969,1.88064207045774,1.87742049696247
0.433962264150943,1.86792452830189,1.89281610417466,1.8900541743524
0.440251572327044,1.88050314465409,1.9049593007391,1.90265353796827
0.446540880503145,1.89308176100629,1.91706768116464,1.91521693701824
0.452830188679245,1.90566037735849,1.92913736161231,1.92774269313763
0.459119496855346,1.91823899371069,1.94116458775794,1.94022909339271
0.465408805031447,1.93081761006289,1.95314577227394,1.95267438592194
0.471698113207547,1.94339622641509,1.96507753445866,1.96507677859956
0.477987421383648,1.9559748427673,1.97695674097345,1.97743444107825
0.484276729559748,1.9685534591195,1.98878054660101,1.98974551052597
0.490566037735849,1.9811320754717,2.00054643391839,2.00200810131459
0.49685534591195,1.9937106918239,2.0122522507856,2.01422031884066
0.50314465408805,2.0062893081761,2.02389624458224,2.02638027755937
0.509433962264151,2.0188679245283,2.03547709218106,2.03848612319022
0.515723270440252,2.0314465408805,2.0469939247238,2.05053605890747
0.522012578616352,2.0440251572327,2.05844634636028,2.06252837516288
0.528301886792453,2.05660377358491,2.06983444622229,2.07446148260808
0.534591194968553,2.06918238993711,2.08115880302708,2.08633394739768
0.540880503144654,2.08176100628931,2.09242048183807,2.09814452797246
0.547169811320755,2.09433962264151,2.10362102264983,2.1098922122588
0.553459119496855,2.10691823899371,2.11476242060867,2.12157625408982
0.559748427672956,2.11949685534591,2.1258470978272,2.13319620757071
0.566037735849057,2.13207547169811,2.13687786689879,2.14475195808792
0.572327044025157,2.14465408805031,2.14785788636607,2.15624374870988
0.578616352201258,2.15723270440252,2.15879060854441,2.16767220084958
0.584905660377358,2.16981132075472,2.16967972024604,2.17903832825662
0.591194968553459,2.18238993710692,2.18052907709369,2.19034354366933
0.59748427672956,2.19496855345912,2.19134263225089,2.20158965777258
0.60377358490566,2.20754716981132,2.20212436053133,2.21277887045322
0.610062893081761,2.22012578616352,2.2128781789771,2.22391375469949
0.616352201257862,2.23270440251572,2.22360786511579,2.23499723382756
0.622641509433962,2.24528301886792,2.23431697421403,2.24603255301342
0.628930817610063,2.25786163522013,2.24500875693878,2.25702324634187
0.635220125786164,2.27044025157233,2.25568607891129,2.26797310074094
0.641509433962264,2.28301886792453,2.26635134368941,2.27888611824253
0.647798742138365,2.29559748427673,2.2770064207358,2.28976647799846
0.654088050314465,2.30817610062893,2.28765257991819,2.30061849939175
0.660377358490566,2.32075471698113,2.29829043403927,2.3114466074289
0.666666666666667,2.33333333333333,2.30891989080339,2.32225530139591
0.672955974842767,2.34591194968553,2.31954011549403,2.33304912752879
0.679245283018868,2.35849056603774,2.33014950545839,2.34383265620407
0.685534591194969,2.37106918238994,2.34074567727494,2.35461046391611
0.691823899371069,2.38364779874214,2.35132546721992,2.36538712008714
0.69811320754717,2.39622641509434,2.36188494535557,2.37616717856429
0.70440251572327,2.40880503144654,2.37241944324377,2.38695517350201
0.710691823899371,2.42138364779874,2.38292359495483,2.3977556192097
0.716981132075472,2.43396226415094,2.39339139070317,2.40857301346463
0.723270440251572,2.44654088050314,2.4038162421129,2.41941184374442
0.729559748427673,2.45911949685535,2.41419105781052,2.43027659581903
0.735849056603774,2.47169811320755,2.42450832777026,2.44117176415245
0.742138364779874,2.48427672955975,2.43476021461391,2.4521018635941
0.748427672955975,2.49685534591195,2.44493864989857,2.4630714418835
0.754716981132076,2.50943396226415,2.45503543332146,2.47408509254384
0.761006289308176,2.52201257861635,2.46504233273393,2.48514746779653
0.767295597484277,2.53459119496855,2.47495118288763,2.49626329118536
0.773584905660377,2.54716981132075,2.48475398093251,2.50743736965373
0.779874213836478,2.55974842767296,2.49444297684275,2.51867460486857
0.786163522012579,2.57232704402516,2.5040107571544,2.52998000362954
0.792452830188679,2.58490566037736,2.51345032064713,2.54135868724034
0.79874213836478,2.59748427672956,2.52275514488042,2.5528158997514
0.80503144654088,2.61006289308176,2.53191924278859,2.56435701500842
0.811320754716981,2.62264150943396,2.54093720883734,2.57598754246157
0.817610062893082,2.63522012578616,2.54980425453549,2.58771313170399
0.823899371069182,2.64779874213836,2.5585162333687,2.59953957571866
0.830188679245283,2.66037735849057,2.56706965546849,2.61147281281827
0.836477987421384,2.67295597484277,2.57546169254475,2.6235189272664
0.842767295597484,2.68553459119497,2.5836901737866,2.63568414856868
0.849056603773585,2.69811320754717,2.59175357357511,2.64797484942289
0.855345911949686,2.71069182389937,2.5996509919502,2.66039754231553
0.861635220125786,2.72327044025157,2.60738212883485,2.67295887475191
0.867924528301887,2.73584905660377,2.61494725304615,2.6856656231066
0.874213836477987,2.74842767295597,2.62234716711696,2.69852468508203
0.880503144654088,2.76100628930818,2.6295831689207,2.71154307076623
0.886792452830189,2.77358490566038,2.6366570110375,2.72472789228501
0.893081761006289,2.78616352201258,2.64357085872995,2.73808635205127
0.89937106918239,2.79874213836478,2.65032724731399,2.75162572962319
0.905660377358491,2.81132075471698,2.65692903962022,2.76535336719484
0.911949685534591,2.82389937106918,2.66337938414737,2.77927665375645
0.918238993710692,2.83647798742138,2.66968167441529,2.7934030079774
0.924528301886792,2.84905660377358,2.67583950993367,2.80773985988235
0.930817610062893,2.86163522012579,2.68185665911509,2.82229463140939
0.937106918238994,2.87421383647799,2.68773702438129,2.83707471595861
0.943396226415094,2.88679245283019,2.69348460963753,2.8520874570583
0.949685534591195,2.89937106918239,2.69910349022539,2.86734012629543
0.955974842767296,2.91194968553459,2.70459778540728,2.88283990067436
0.962264150943396,2.92452830188679,2.70997163338736,2.89859383958407
0.968553459119497,2.93710691823899,2.71522916883335,2.91460886156771
0.974842767295597,2.9496855345912,2.72037450283037,2.93089172109968
0.981132075471698,2.9622641509434,2.72541170517193,2.94744898558288
0.987421383647799,2.9748427672956,2.73034478887358,2.96428701278353
0.993710691823899,2.9874213836478,2.73517769677997,2.98141192892118
1,3,2.73991429012698,2.99882960762883
